{"type":"FeatureCollection","features":[{"type":"Feature","geometry":{"type":"Polygon","coordinates":[[[-62.418,-13.119],[-62.414,-13.128],[-62.407,-13.124],[-62.399,-13.113],[-62.395,-13.119],[-62.397,-13.13],[-62.392,-13.135],[-62.383,-13.131],[-62.373,-13.141],[-62.361,-13.14],[-62.352,-13.143],[-62.346,-13.137],[-62.331,-13.14],[-62.321,-13.152],[-62.317,-13.134],[-62.306,-13.139],[-62.299,-13.151],[-62.292,-13.144],[-62.285,-13.142],[-62.268,-13.149],[-62.255,-13.145],[-62.246,-13.145],[-62.244,-13.131],[-62.245,-13.121],[-62.241,-13.116],[-62.23,-13.122],[-62.223,-13.114],[-62.215,-13.111],[-62.206,-13.117],[-62.201,-13.124],[-62.2,-13.151],[-62.191,-13.154],[-62.178,-13.143],[-62.184,-13.123],[-62.175,-13.114],[-62.166,-13.119],[-62.17,-13.134],[-62.16,-13.146],[-62.151,-13.151],[-62.152,-13.16],[-62.143,-13.161],[-62.135,-13.149],[-62.129,-13.148],[-62.12,-13.153],[-62.115,-13.164],[-62.118,-13.177],[-62.114,-13.188],[-62.115,-13.204],[-62.109,-13.219],[-62.11,-13.25],[-62.116,-13.258],[-62.106,-13.268],[-62.101,-13.27],[-62.093,-13.282],[-62.085,-13.282],[-62.084,-13.29],[-62.069,-13.296],[-62.057,-13.288],[-62.057,-13.312],[-62.046,-13.316],[-62.033,-13.334],[-62.025,-13.328],[-62.017,-13.327],[-62.013,-13.334],[-62.015,-13.348],[-62.011,-13.358],[-62.003,-13.365],[-61.98,-13.366],[-61.971,-13.374],[-61.977,-13.388],[-61.968,-13.387],[-61.962,-13.391],[-61.971,-13.406],[-61.956,-13.408],[-61.948,-13.415],[-61.94,-13.408],[-61.931,-13.417],[-61.929,-13.426],[-61.914,-13.434],[-61.908,-13.434],[-61.899,-13.427],[-61.893,-13.431],[-61.887,-13.441],[-61.883,-13.457],[-61.881,-13.48],[-61.883,-13.497],[-61.872,-13.513],[-61.869,-13.528],[-61.861,-13.535],[-61.853,-13.539],[-61.847,-13.527],[-61.84,-13.527],[-61.834,-13.539],[-61.821,-13.534],[-61.817,-13.527],[-61.806,-13.53],[-61.79,-13.538],[-61.778,-13.533],[-61.777,-13.518],[-61.769,-13.519],[-61.764,-13.539],[-61.757,-13.541],[-61.754,-13.532],[-61.758,-13.524],[-61.752,-13.52],[-61.744,-13.526],[-61.731,-13.527],[-61.72,-13.52],[-61.707,-13.517],[-61.694,-13.508],[-61.686,-13.509],[-61.669,-13.505],[-61.651,-13.519],[-61.646,-13.517],[-61.645,-13.507],[-61.629,-13.515],[-61.623,-13.515],[-61.626,-13.5],[-61.619,-13.499],[-61.616,-13.511],[-61.608,-13.512],[-61.599,-13.502],[-61.586,-13.501],[-61.584,-13.491],[-61.577,-13.489],[-61.573,-13.494],[-61.579,-13.51],[-61.572,-13.519],[-61.563,-13.521],[-61.556,-13.518],[-61.547,-13.524],[-61.535,-13.528],[-61.533,-13.533],[-61.522,-13.536],[-61.508,-13.548],[-61.492,-13.546],[-61.479,-13.554],[-61.47,-13.555],[-61.455,-13.55],[-61.43,-13.545],[-61.419,-13.54],[-61.403,-13.538],[-61.405,-13.528],[-61.401,-13.524],[-61.39,-13.52],[-61.374,-13.521],[-61.35,-13.521],[-61.342,-13.518],[-61.34,-13.508],[-61.329,-13.504],[-61.313,-13.505],[-61.304,-13.502],[-61.301,-13.494],[-61.305,-13.486],[-61.303,-13.479],[-61.296,-13.478],[-61.288,-13.483],[-61.286,-13.502],[-61.275,-13.506],[-61.262,-13.498],[-61.248,-13.496],[-61.242,-13.504],[-61.244,-13.513],[-61.237,-13.517],[-61.233,-13.525],[-61.222,-13.53],[-61.208,-13.525],[-61.194,-13.536],[-61.183,-13.528],[-61.188,-13.517],[-61.171,-13.511],[-61.155,-13.52],[-61.153,-13.527],[-61.134,-13.527],[-61.126,-13.52],[-61.12,-13.521],[-61.106,-13.532],[-61.101,-13.528],[-61.103,-13.516],[-61.095,-13.506],[-61.098,-13.496],[-61.088,-13.492],[-61.076,-13.499],[-61.064,-13.502],[-61.06,-13.512],[-61.041,-13.508],[-61.036,-13.497],[-61.052,-13.493],[-61.047,-13.485],[-61.026,-13.491],[-61.015,-13.488],[-60.998,-13.5],[-61.009,-13.506],[-61.007,-13.518],[-61.012,-13.531],[-61.006,-13.55],[-61.001,-13.552],[-60.987,-13.548],[-60.986,-13.539],[-60.979,-13.54],[-60.967,-13.537],[-60.958,-13.549],[-60.951,-13.552],[-60.934,-13.541],[-60.923,-13.541],[-60.919,-13.548],[-60.925,-13.557],[-60.921,-13.569],[-60.909,-13.585],[-60.894,-13.594],[-60.887,-13.602],[-60.88,-13.617],[-60.875,-13.621],[-60.861,-13.624],[-60.845,-13.632],[-60.841,-13.628],[-60.829,-13.63],[-60.819,-13.637],[-60.81,-13.655],[-60.786,-13.656],[-60.77,-13.665],[-60.77,-13.684],[-60.755,-13.687],[-60.735,-13.686],[-60.718,-13.694],[-60.709,-13.693],[-60.715,-13.687],[-60.714,-13.676],[-60.71,-13.672],[-60.699,-13.669],[-60.702,-13.66],[-60.694,-13.653],[-60.686,-13.639],[-60.686,-13.625],[-60.674,-13.617],[-60.669,-13.608],[-60.656,-13.602],[-60.645,-13.593],[-60.635,-13.575],[-60.624,-13.569],[-60.61,-13.569],[-60.6,-13.573],[-60.578,-13.565],[-60.548,-13.548],[-60.544,-13.537],[-60.536,-13.537],[-60.53,-13.528],[-60.532,-13.518],[-60.52,-13.513],[-60.511,-13.504],[-60.501,-13.498],[-60.496,-13.5],[-60.486,-13.494],[-60.469,-13.492],[-60.466,-13.489],[-60.451,-13.493],[-60.439,-13.488],[-60.43,-13.482],[-60.411,-13.462],[-60.4,-13.461],[-60.4,-13.456],[-60.388,-13.455],[-60.383,-13.435],[-60.38,-13.431],[-60.379,-13.415],[-60.373,-13.412],[-60.379,-13.394],[-60.38,-13.375],[-60.371,-13.367],[-60.371,-13.348],[-60.366,-13.332],[-60.373,-13.324],[-60.372,-13.319],[-60.361,-13.299],[-60.352,-13.292],[-60.352,-13.273],[-60.339,-13.272],[-60.333,-13.258],[-60.325,-13.251],[-60.33,-13.236],[-60.324,-13.22],[-60.315,-13.212],[-60.308,-13.2],[-60.309,-13.192],[-60.304,-13.178],[-60.289,-13.17],[-60.286,-13.163],[-60.279,-13.16],[-60.269,-13.145],[-60.281,-13.136],[-60.276,-13.127],[-60.281,-13.12],[-60.277,-13.113],[-60.285,-13.098],[-60.284,-13.085],[-60.278,-13.078],[-60.269,-13.076],[-60.256,-13.064],[-60.248,-13.053],[-60.241,-13.039],[-60.225,-13.034],[-60.215,-13.027],[-60.214,-13.007],[-60.206,-13.0],[-60.201,-12.988],[-60.192,-12.982],[-60.189,-12.971],[-60.183,-12.968],[-60.167,-12.971],[-60.157,-12.969],[-60.151,-12.964],[-60.14,-12.97],[-60.131,-12.962],[-60.117,-12.96],[-60.116,-12.949],[-60.105,-12.925],[-60.102,-12.913],[-60.088,-12.902],[-60.079,-12.881],[-60.083,-12.853],[-60.074,-12.837],[-60.072,-12.825],[-60.066,-12.811],[-60.069,-12.79],[-60.059,-12.787],[-60.067,-12.767],[-60.062,-12.757],[-60.069,-12.749],[-60.075,-12.735],[-60.069,-12.72],[-60.062,-12.716],[-60.056,-12.705],[-60.066,-12.694],[-60.067,-12.678],[-60.06,-12.664],[-60.046,-12.662],[-60.047,-12.648],[-60.045,-12.642],[-60.032,-12.628],[-60.029,-12.619],[-60.012,-12.609],[-60.004,-12.602],[-60.003,-12.592],[-59.998,-12.591],[-59.982,-12.592],[-59.977,-12.607],[-59.973,-12.61],[-59.948,-12.599],[-59.928,-12.578],[-59.918,-12.565],[-59.91,-12.55],[-59.903,-12.546],[-59.896,-12.536],[-59.893,-12.524],[-59.896,-12.519],[-59.898,-12.502],[-59.893,-12.5],[-59.883,-12.492],[-59.871,-12.484],[-59.856,-12.479],[-59.844,-12.467],[-59.841,-12.459],[-59.844,-12.447],[-59.84,-12.441],[-59.843,-12.434],[-59.843,-12.425],[-59.835,-12.413],[-59.833,-12.401],[-59.824,-12.39],[-59.819,-12.39],[-59.819,-12.379],[-59.806,-12.369],[-59.802,-12.357],[-59.793,-12.346],[-59.779,-12.341],[-59.774,-12.341],[-59.887,-12.245],[-59.892,-12.245],[-59.894,-12.231],[-59.902,-12.224],[-59.901,-12.215],[-59.907,-12.205],[-59.911,-12.187],[-59.903,-12.175],[-59.9,-12.166],[-59.9,-12.117],[-59.913,-12.099],[-59.923,-12.095],[-59.929,-12.079],[-59.952,-12.066],[-59.954,-12.059],[-59.962,-12.056],[-59.97,-12.033],[-59.979,-12.03],[-59.975,-12.015],[-59.97,-12.013],[-59.967,-12.003],[-59.98,-11.991],[-59.969,-11.985],[-59.974,-11.975],[-59.971,-11.97],[-59.987,-11.96],[-59.98,-11.942],[-59.989,-11.93],[-59.984,-11.915],[-59.995,-11.909],[-60.007,-11.895],[-60.012,-11.893],[-60.025,-11.898],[-60.038,-11.897],[-60.044,-11.894],[-60.05,-11.898],[-60.066,-11.891],[-60.077,-11.883],[-60.075,-11.88],[-60.083,-11.867],[-60.089,-11.863],[-60.098,-11.84],[-60.103,-11.819],[-60.097,-11.795],[-60.104,-11.793],[-60.103,-11.787],[-60.107,-11.77],[-60.106,-11.764],[-60.112,-11.759],[-60.107,-11.749],[-60.117,-11.729],[-60.112,-11.722],[-60.122,-11.712],[-60.117,-11.689],[-60.122,-11.682],[-60.116,-11.669],[-60.115,-11.661],[-60.118,-11.646],[-60.112,-11.643],[-60.114,-11.636],[-60.11,-11.616],[-60.114,-11.603],[-60.111,-11.595],[-60.115,-11.591],[-60.111,-11.582],[-60.094,-11.586],[-60.102,-11.577],[-60.094,-11.563],[-60.079,-11.556],[-60.077,-11.553],[-60.057,-11.542],[-60.052,-11.53],[-60.041,-11.517],[-60.031,-11.512],[-60.031,-11.497],[-60.018,-11.496],[-60.016,-11.489],[-60.008,-11.486],[-60.002,-11.479],[-59.985,-11.469],[-59.979,-11.453],[-59.976,-11.439],[-59.952,-11.436],[-59.945,-11.432],[-59.942,-11.423],[-59.934,-11.424],[-59.921,-11.398],[-59.92,-11.376],[-59.925,-11.362],[-59.925,-11.352],[-59.918,-11.346],[-59.917,-11.338],[-59.927,-11.311],[-59.95,-11.304],[-59.959,-11.295],[-59.96,-11.277],[-59.968,-11.266],[-59.968,-11.253],[-59.98,-11.239],[-59.982,-11.222],[-59.984,-11.215],[-59.981,-11.204],[-59.976,-11.199],[-59.968,-11.198],[-59.964,-11.189],[-59.988,-11.171],[-59.991,-11.159],[-59.996,-11.157],[-59.995,-11.148],[-59.985,-11.147],[-59.98,-11.14],[-59.977,-11.122],[-59.987,-11.114],[-59.991,-11.124],[-60.016,-11.124],[-60.019,-11.129],[-60.032,-11.128],[-60.037,-11.117],[-60.053,-11.126],[-60.067,-11.126],[-60.066,-11.121],[-60.075,-11.105],[-60.084,-11.097],[-60.09,-11.101],[-60.088,-11.107],[-60.096,-11.111],[-60.105,-11.109],[-60.113,-11.102],[-60.12,-11.107],[-60.131,-11.101],[-60.146,-11.104],[-60.159,-11.096],[-60.167,-11.099],[-60.176,-11.099],[-60.186,-11.104],[-60.191,-11.114],[-60.207,-11.112],[-60.211,-11.107],[-60.227,-11.105],[-60.239,-11.095],[-60.241,-11.097],[-60.265,-11.094],[-60.271,-11.099],[-60.281,-11.091],[-60.278,-11.08],[-60.282,-11.064],[-60.291,-11.066],[-60.301,-11.057],[-60.309,-11.064],[-60.318,-11.065],[-60.328,-11.078],[-60.334,-11.083],[-60.342,-11.083],[-60.35,-11.108],[-60.356,-11.104],[-60.37,-11.099],[-60.373,-11.094],[-60.384,-11.096],[-60.392,-11.094],[-60.396,-11.08],[-60.404,-11.069],[-60.414,-11.068],[-60.415,-11.059],[-60.411,-11.047],[-60.418,-11.041],[-60.43,-11.037],[-60.436,-11.042],[-60.447,-11.042],[-60.444,-11.028],[-60.438,-11.024],[-60.445,-11.011],[-60.45,-11.008],[-60.453,-10.993],[-60.46,-10.99],[-60.491,-10.99],[-60.795,-10.989],[-61.001,-10.988],[-61.001,-10.992],[-61.103,-10.991],[-61.372,-10.988],[-61.429,-10.988],[-61.55,-10.986],[-61.547,-10.978],[-61.539,-10.976],[-61.53,-10.979],[-61.526,-10.955],[-61.52,-10.95],[-61.523,-10.94],[-61.52,-10.919],[-61.515,-10.912],[-61.524,-10.903],[-61.52,-10.899],[-61.521,-10.89],[-61.526,-10.887],[-61.523,-10.879],[-61.525,-10.856],[-61.52,-10.842],[-61.512,-10.839],[-61.509,-10.832],[-61.513,-10.822],[-61.503,-10.808],[-61.511,-10.794],[-61.505,-10.785],[-61.493,-10.784],[-61.492,-10.796],[-61.486,-10.801],[-61.474,-10.797],[-61.48,-10.788],[-61.476,-10.768],[-61.481,-10.76],[-61.481,-10.744],[-61.488,-10.736],[-61.485,-10.726],[-61.476,-10.723],[-61.486,-10.708],[-61.494,-10.705],[-61.499,-10.699],[-61.498,-10.686],[-61.491,-10.673],[-61.484,-10.674],[-61.48,-10.659],[-61.482,-10.653],[-61.479,-10.643],[-61.49,-10.631],[-61.481,-10.62],[-61.476,-10.608],[-61.481,-10.597],[-61.478,-10.592],[-61.481,-10.576],[-61.48,-10.569],[-61.47,-10.556],[-61.466,-10.541],[-61.478,-10.532],[-61.481,-10.516],[-61.479,-10.501],[-61.481,-10.488],[-61.474,-10.475],[-61.47,-10.461],[-61.476,-10.455],[-61.467,-10.448],[-61.466,-10.435],[-61.462,-10.42],[-61.477,-10.411],[-61.471,-10.405],[-61.484,-10.4],[-61.49,-10.39],[-61.496,-10.39],[-61.503,-10.376],[-61.502,-10.354],[-61.513,-10.349],[-61.515,-10.337],[-61.522,-10.331],[-61.53,-10.333],[-61.538,-10.328],[-61.541,-10.32],[-61.548,-10.316],[-61.553,-10.307],[-61.546,-10.304],[-61.545,-10.299],[-61.552,-10.29],[-61.555,-10.28],[-61.572,-10.259],[-61.577,-10.249],[-61.575,-10.241],[-61.578,-10.227],[-61.574,-10.219],[-61.574,-10.209],[-61.566,-10.203],[-61.552,-10.199],[-61.56,-10.193],[-61.558,-10.182],[-61.562,-10.172],[-61.572,-10.169],[-61.579,-10.163],[-61.597,-10.162],[-61.602,-10.157],[-61.601,-10.15],[-61.596,-10.144],[-61.596,-10.137],[-61.59,-10.121],[-61.592,-10.117],[-61.589,-10.104],[-61.583,-10.096],[-61.583,-10.082],[-61.579,-10.079],[-61.58,-10.069],[-61.585,-10.062],[-61.572,-10.046],[-61.556,-10.039],[-61.545,-10.019],[-61.54,-10.0],[-61.531,-9.99],[-61.528,-9.97],[-61.539,-9.964],[-61.532,-9.953],[-61.523,-9.947],[-61.529,-9.936],[-61.523,-9.928],[-61.526,-9.915],[-61.525,-9.907],[-61.511,-9.896],[-61.508,-9.889],[-61.51,-9.879],[-61.508,-9.861],[-61.513,-9.854],[-61.517,-9.838],[-61.516,-9.828],[-61.52,-9.822],[-61.531,-9.822],[-61.525,-9.808],[-61.525,-9.796],[-61.538,-9.793],[-61.546,-9.785],[-61.533,-9.758],[-61.532,-9.74],[-61.539,-9.738],[-61.555,-9.729],[-61.567,-9.729],[-61.575,-9.718],[-61.553,-9.707],[-61.546,-9.715],[-61.532,-9.712],[-61.52,-9.697],[-61.505,-9.691],[-61.502,-9.683],[-61.507,-9.662],[-61.495,-9.66],[-61.486,-9.645],[-61.481,-9.64],[-61.477,-9.63],[-61.479,-9.624],[-61.487,-9.627],[-61.497,-9.624],[-61.504,-9.613],[-61.501,-9.609],[-61.495,-9.585],[-61.496,-9.574],[-61.503,-9.573],[-61.51,-9.565],[-61.508,-9.54],[-61.514,-9.539],[-61.513,-9.528],[-61.527,-9.533],[-61.536,-9.524],[-61.545,-9.52],[-61.549,-9.512],[-61.526,-9.501],[-61.539,-9.497],[-61.55,-9.489],[-61.563,-9.486],[-61.569,-9.477],[-61.578,-9.47],[-61.572,-9.464],[-61.582,-9.459],[-61.565,-9.438],[-61.557,-9.436],[-61.556,-9.422],[-61.55,-9.415],[-61.56,-9.403],[-61.559,-9.386],[-61.563,-9.378],[-61.579,-9.368],[-61.595,-9.369],[-61.61,-9.363],[-61.615,-9.356],[-61.626,-9.363],[-61.628,-9.352],[-61.624,-9.335],[-61.616,-9.327],[-61.611,-9.316],[-61.615,-9.306],[-61.612,-9.281],[-61.615,-9.279],[-61.625,-9.284],[-61.633,-9.274],[-61.633,-9.264],[-61.628,-9.257],[-61.616,-9.256],[-61.6,-9.256],[-61.589,-9.244],[-61.577,-9.238],[-61.568,-9.237],[-61.552,-9.244],[-61.539,-9.244],[-61.529,-9.249],[-61.525,-9.243],[-61.527,-9.226],[-61.522,-9.212],[-61.52,-9.197],[-61.524,-9.179],[-61.532,-9.171],[-61.539,-9.152],[-61.555,-9.132],[-61.559,-9.118],[-61.556,-9.107],[-61.556,-9.092],[-61.549,-9.081],[-61.546,-9.065],[-61.542,-9.054],[-61.53,-9.039],[-61.528,-9.019],[-61.523,-9.01],[-61.519,-8.996],[-61.514,-8.99],[-61.512,-8.98],[-61.506,-8.966],[-61.489,-8.937],[-61.469,-8.92],[-61.47,-8.915],[-61.485,-8.906],[-61.492,-8.885],[-61.505,-8.872],[-61.513,-8.861],[-61.514,-8.849],[-61.514,-8.837],[-61.52,-8.828],[-61.521,-8.822],[-61.527,-8.817],[-61.533,-8.82],[-61.543,-8.819],[-61.553,-8.809],[-61.563,-8.807],[-61.568,-8.801],[-61.58,-8.803],[-61.583,-8.799],[-61.59,-8.794],[-61.606,-8.795],[-61.609,-8.787],[-61.62,-8.767],[-61.623,-8.758],[-61.63,-8.753],[-61.627,-8.729],[-61.631,-8.722],[-61.646,-8.721],[-61.65,-8.714],[-61.674,-8.705],[-61.697,-8.71],[-61.705,-8.707],[-61.713,-8.688],[-61.726,-8.694],[-61.742,-8.695],[-61.744,-8.703],[-61.74,-8.71],[-61.749,-8.724],[-61.764,-8.729],[-61.762,-8.737],[-61.767,-8.744],[-61.775,-8.748],[-61.79,-8.745],[-61.806,-8.748],[-61.828,-8.733],[-61.837,-8.733],[-61.841,-8.739],[-61.845,-8.755],[-61.843,-8.779],[-61.856,-8.789],[-61.861,-8.804],[-61.857,-8.818],[-61.863,-8.823],[-61.864,-8.832],[-61.86,-8.853],[-61.879,-8.862],[-61.903,-8.863],[-61.906,-8.874],[-61.938,-8.881],[-61.954,-8.876],[-61.971,-8.876],[-61.979,-8.873],[-61.985,-8.879],[-61.99,-8.873],[-61.991,-8.865],[-61.997,-8.841],[-62.004,-8.83],[-62.013,-8.829],[-62.021,-8.824],[-62.026,-8.807],[-62.031,-8.8],[-62.041,-8.797],[-62.059,-8.797],[-62.074,-8.799],[-62.09,-8.807],[-62.098,-8.809],[-62.125,-8.802],[-62.129,-8.795],[-62.144,-8.763],[-62.155,-8.74],[-62.157,-8.732],[-62.149,-8.718],[-62.154,-8.71],[-62.168,-8.703],[-62.172,-8.695],[-62.165,-8.679],[-62.181,-8.658],[-62.2,-8.644],[-62.196,-8.637],[-62.177,-8.637],[-62.175,-8.628],[-62.184,-8.599],[-62.188,-8.591],[-62.195,-8.595],[-62.229,-8.591],[-62.243,-8.581],[-62.251,-8.581],[-62.269,-8.576],[-62.274,-8.583],[-62.289,-8.589],[-62.294,-8.605],[-62.283,-8.62],[-62.279,-8.629],[-62.281,-8.639],[-62.289,-8.639],[-62.312,-8.622],[-62.321,-8.62],[-62.336,-8.61],[-62.341,-8.603],[-62.339,-8.587],[-62.328,-8.572],[-62.326,-8.564],[-62.334,-8.546],[-62.333,-8.528],[-62.337,-8.517],[-62.354,-8.512],[-62.36,-8.506],[-62.366,-8.494],[-62.364,-8.478],[-62.37,-8.454],[-62.369,-8.446],[-62.361,-8.424],[-62.361,-8.399],[-62.37,-8.385],[-62.384,-8.378],[-62.4,-8.375],[-62.408,-8.377],[-62.425,-8.375],[-62.44,-8.368],[-62.454,-8.349],[-62.465,-8.34],[-62.479,-8.346],[-62.487,-8.359],[-62.493,-8.364],[-62.501,-8.366],[-62.519,-8.385],[-62.526,-8.383],[-62.526,-8.375],[-62.532,-8.371],[-62.54,-8.358],[-62.551,-8.358],[-62.549,-8.342],[-62.556,-8.327],[-62.555,-8.319],[-62.561,-8.314],[-62.556,-8.307],[-62.557,-8.296],[-62.562,-8.284],[-62.569,-8.287],[-62.574,-8.281],[-62.581,-8.279],[-62.585,-8.272],[-62.593,-8.275],[-62.6,-8.272],[-62.61,-8.26],[-62.618,-8.257],[-62.642,-8.239],[-62.65,-8.237],[-62.655,-8.229],[-62.651,-8.222],[-62.66,-8.2],[-62.673,-8.193],[-62.677,-8.185],[-62.687,-8.174],[-62.685,-8.166],[-62.679,-8.161],[-62.673,-8.145],[-62.674,-8.137],[-62.683,-8.124],[-62.685,-8.116],[-62.679,-8.111],[-62.691,-8.101],[-62.692,-8.093],[-62.706,-8.085],[-62.725,-8.069],[-62.728,-8.062],[-62.744,-8.045],[-62.772,-8.031],[-62.78,-8.031],[-62.786,-8.026],[-62.794,-8.027],[-62.81,-8.025],[-62.821,-8.014],[-62.833,-7.994],[-62.842,-7.995],[-62.845,-7.987],[-62.853,-7.988],[-62.867,-7.976],[-63.04,-7.977],[-63.118,-7.977],[-63.327,-7.977],[-63.501,-7.976],[-63.621,-7.976],[-63.622,-7.995],[-63.627,-8.016],[-63.622,-8.03],[-63.627,-8.041],[-63.639,-8.047],[-63.651,-8.066],[-63.667,-8.082],[-63.669,-8.092],[-63.662,-8.101],[-63.67,-8.122],[-63.682,-8.137],[-63.686,-8.148],[-63.693,-8.158],[-63.723,-8.175],[-63.742,-8.19],[-63.747,-8.199],[-63.749,-8.208],[-63.738,-8.227],[-63.727,-8.241],[-63.723,-8.249],[-63.747,-8.27],[-63.76,-8.291],[-63.763,-8.303],[-63.773,-8.321],[-63.782,-8.329],[-63.791,-8.333],[-63.8,-8.328],[-63.808,-8.319],[-63.825,-8.306],[-63.847,-8.295],[-63.859,-8.291],[-63.871,-8.289],[-63.882,-8.291],[-63.895,-8.302],[-63.904,-8.322],[-63.911,-8.329],[-63.932,-8.325],[-63.944,-8.331],[-63.946,-8.339],[-63.943,-8.364],[-63.945,-8.388],[-63.956,-8.396],[-63.967,-8.402],[-63.977,-8.41],[-63.978,-8.42],[-63.954,-8.428],[-63.939,-8.441],[-63.941,-8.452],[-63.966,-8.471],[-63.973,-8.478],[-63.974,-8.487],[-63.971,-8.499],[-63.959,-8.509],[-63.944,-8.527],[-63.946,-8.55],[-63.939,-8.556],[-63.923,-8.559],[-63.925,-8.575],[-63.934,-8.588],[-63.946,-8.61],[-63.954,-8.607],[-63.966,-8.596],[-63.967,-8.588],[-63.972,-8.582],[-63.98,-8.581],[-63.986,-8.586],[-63.991,-8.617],[-64.005,-8.626],[-64.005,-8.642],[-64.01,-8.649],[-64.017,-8.652],[-64.019,-8.66],[-64.016,-8.668],[-64.02,-8.675],[-64.032,-8.686],[-64.035,-8.694],[-64.034,-8.701],[-64.029,-8.707],[-64.028,-8.716],[-64.043,-8.712],[-64.059,-8.71],[-64.075,-8.713],[-64.087,-8.725],[-64.095,-8.728],[-64.111,-8.725],[-64.125,-8.717],[-64.131,-8.722],[-64.143,-8.743],[-64.145,-8.776],[-64.129,-8.805],[-64.136,-8.82],[-64.155,-8.835],[-64.158,-8.843],[-64.153,-8.858],[-64.149,-8.873],[-64.152,-8.889],[-64.151,-8.905],[-64.144,-8.928],[-64.142,-8.945],[-64.143,-8.954],[-64.15,-8.959],[-64.167,-8.958],[-64.175,-8.961],[-64.211,-8.982],[-64.233,-8.992],[-64.257,-8.988],[-64.273,-8.99],[-64.281,-8.993],[-64.298,-8.996],[-64.311,-8.996],[-64.325,-8.988],[-64.326,-8.98],[-64.313,-8.951],[-64.31,-8.934],[-64.316,-8.93],[-64.323,-8.929],[-64.38,-8.947],[-64.409,-8.961],[-64.433,-8.969],[-64.447,-8.977],[-64.456,-8.978],[-64.471,-8.974],[-64.48,-8.974],[-64.496,-8.979],[-64.517,-8.979],[-64.534,-8.976],[-64.55,-8.978],[-64.564,-8.986],[-64.569,-8.992],[-64.579,-8.988],[-64.579,-9.001],[-64.588,-9.009],[-64.596,-9.01],[-64.611,-9.017],[-64.641,-9.007],[-64.658,-9.008],[-64.671,-9.015],[-64.677,-9.008],[-64.683,-8.994],[-64.699,-8.988],[-64.714,-8.994],[-64.719,-9.002],[-64.731,-9.012],[-64.754,-9.021],[-64.761,-9.021],[-64.775,-9.002],[-64.778,-8.995],[-64.792,-8.986],[-64.808,-8.986],[-64.824,-8.989],[-64.839,-8.994],[-64.863,-9.01],[-64.871,-9.012],[-64.881,-9.025],[-64.887,-9.029],[-64.894,-9.044],[-64.901,-9.047],[-64.917,-9.043],[-64.919,-9.051],[-64.915,-9.067],[-64.916,-9.075],[-64.925,-9.098],[-64.929,-9.105],[-64.933,-9.12],[-64.94,-9.125],[-64.939,-9.148],[-64.934,-9.154],[-64.934,-9.162],[-64.929,-9.178],[-64.932,-9.185],[-64.924,-9.198],[-64.927,-9.206],[-64.92,-9.22],[-64.921,-9.228],[-64.933,-9.241],[-64.936,-9.256],[-64.946,-9.268],[-64.954,-9.271],[-64.954,-9.279],[-64.963,-9.293],[-64.978,-9.29],[-64.986,-9.292],[-65.001,-9.305],[-65.002,-9.318],[-65.013,-9.329],[-65.006,-9.344],[-65.022,-9.346],[-65.024,-9.354],[-65.039,-9.36],[-65.036,-9.375],[-65.047,-9.387],[-65.048,-9.396],[-65.053,-9.402],[-65.07,-9.403],[-65.078,-9.401],[-65.092,-9.409],[-65.089,-9.425],[-65.098,-9.432],[-65.114,-9.433],[-65.127,-9.441],[-65.143,-9.447],[-65.155,-9.437],[-65.171,-9.431],[-65.177,-9.427],[-65.186,-9.427],[-65.187,-9.415],[-65.184,-9.407],[-65.175,-9.394],[-65.174,-9.385],[-65.196,-9.375],[-65.197,-9.367],[-65.192,-9.36],[-65.188,-9.345],[-65.191,-9.337],[-65.201,-9.324],[-65.209,-9.31],[-65.211,-9.301],[-65.207,-9.294],[-65.212,-9.279],[-65.227,-9.271],[-65.247,-9.258],[-65.254,-9.261],[-65.27,-9.264],[-65.284,-9.27],[-65.288,-9.277],[-65.307,-9.291],[-65.321,-9.299],[-65.329,-9.301],[-65.343,-9.309],[-65.351,-9.323],[-65.377,-9.324],[-65.379,-9.333],[-65.385,-9.338],[-65.394,-9.34],[-65.4,-9.335],[-65.41,-9.322],[-65.425,-9.318],[-65.44,-9.312],[-65.447,-9.316],[-65.449,-9.325],[-65.444,-9.33],[-65.448,-9.346],[-65.446,-9.371],[-65.447,-9.379],[-65.457,-9.401],[-65.455,-9.409],[-65.443,-9.42],[-65.441,-9.432],[-65.432,-9.459],[-65.435,-9.466],[-65.443,-9.465],[-65.457,-9.47],[-65.468,-9.459],[-65.477,-9.473],[-65.493,-9.474],[-65.503,-9.47],[-65.504,-9.455],[-65.507,-9.448],[-65.515,-9.45],[-65.522,-9.447],[-65.536,-9.438],[-65.548,-9.426],[-65.572,-9.417],[-65.588,-9.414],[-65.605,-9.417],[-65.611,-9.422],[-65.642,-9.434],[-65.65,-9.447],[-65.657,-9.449],[-65.673,-9.446],[-65.679,-9.451],[-65.681,-9.467],[-65.681,-9.5],[-65.696,-9.508],[-65.705,-9.522],[-65.714,-9.545],[-65.724,-9.559],[-65.73,-9.563],[-65.743,-9.553],[-65.75,-9.554],[-65.757,-9.569],[-65.771,-9.565],[-65.777,-9.577],[-65.791,-9.586],[-65.8,-9.585],[-65.805,-9.57],[-65.811,-9.564],[-65.818,-9.562],[-65.823,-9.546],[-65.825,-9.53],[-65.841,-9.534],[-65.848,-9.532],[-65.847,-9.516],[-65.853,-9.511],[-65.86,-9.511],[-65.881,-9.488],[-65.906,-9.488],[-65.918,-9.478],[-65.926,-9.464],[-65.932,-9.448],[-65.938,-9.443],[-65.952,-9.436],[-65.953,-9.429],[-65.967,-9.42],[-65.97,-9.413],[-65.986,-9.413],[-66.003,-9.404],[-66.027,-9.401],[-66.042,-9.402],[-66.046,-9.409],[-66.06,-9.418],[-66.085,-9.415],[-66.101,-9.414],[-66.116,-9.409],[-66.124,-9.409],[-66.154,-9.421],[-66.159,-9.427],[-66.174,-9.434],[-66.182,-9.434],[-66.205,-9.426],[-66.221,-9.425],[-66.235,-9.431],[-66.243,-9.429],[-66.26,-9.411],[-66.268,-9.41],[-66.29,-9.412],[-66.284,-9.432],[-66.292,-9.435],[-66.308,-9.437],[-66.315,-9.434],[-66.314,-9.426],[-66.319,-9.42],[-66.333,-9.428],[-66.342,-9.427],[-66.346,-9.42],[-66.353,-9.417],[-66.367,-9.425],[-66.375,-9.426],[-66.381,-9.421],[-66.401,-9.409],[-66.409,-9.407],[-66.414,-9.414],[-66.415,-9.422],[-66.409,-9.428],[-66.396,-9.438],[-66.391,-9.448],[-66.389,-9.464],[-66.392,-9.484],[-66.392,-9.501],[-66.403,-9.51],[-66.417,-9.52],[-66.429,-9.533],[-66.439,-9.554],[-66.457,-9.569],[-66.468,-9.582],[-66.482,-9.591],[-66.495,-9.602],[-66.497,-9.61],[-66.497,-9.626],[-66.501,-9.634],[-66.517,-9.639],[-66.537,-9.643],[-66.543,-9.652],[-66.552,-9.658],[-66.563,-9.66],[-66.586,-9.674],[-66.595,-9.672],[-66.602,-9.666],[-66.609,-9.665],[-66.624,-9.681],[-66.659,-9.701],[-66.666,-9.706],[-66.685,-9.715],[-66.692,-9.734],[-66.701,-9.743],[-66.725,-9.756],[-66.758,-9.76],[-66.768,-9.758],[-66.775,-9.753],[-66.782,-9.759],[-66.777,-9.769],[-66.781,-9.791],[-66.81,-9.818],[-66.627,-9.898],[-66.62,-9.894],[-66.609,-9.895],[-66.588,-9.9],[-66.582,-9.906],[-66.579,-9.895],[-66.574,-9.89],[-66.559,-9.881],[-66.549,-9.889],[-66.544,-9.877],[-66.534,-9.885],[-66.52,-9.885],[-66.514,-9.877],[-66.501,-9.875],[-66.502,-9.882],[-66.491,-9.883],[-66.489,-9.871],[-66.473,-9.868],[-66.465,-9.876],[-66.455,-9.871],[-66.449,-9.872],[-66.431,-9.867],[-66.425,-9.874],[-66.432,-9.892],[-66.426,-9.9],[-66.422,-9.895],[-66.422,-9.887],[-66.413,-9.882],[-66.411,-9.876],[-66.403,-9.869],[-66.403,-9.864],[-66.382,-9.868],[-66.358,-9.864],[-66.355,-9.848],[-66.346,-9.839],[-66.338,-9.841],[-66.329,-9.837],[-66.32,-9.837],[-66.313,-9.833],[-66.286,-9.845],[-66.275,-9.835],[-66.263,-9.831],[-66.253,-9.832],[-66.248,-9.821],[-66.242,-9.822],[-66.238,-9.815],[-66.228,-9.82],[-66.215,-9.833],[-66.204,-9.835],[-66.195,-9.829],[-66.197,-9.815],[-66.195,-9.806],[-66.176,-9.803],[-66.174,-9.795],[-66.152,-9.786],[-66.146,-9.791],[-66.141,-9.789],[-66.123,-9.791],[-66.1,-9.785],[-66.098,-9.791],[-66.101,-9.803],[-66.097,-9.812],[-66.091,-9.813],[-66.08,-9.794],[-66.087,-9.79],[-66.071,-9.784],[-66.053,-9.785],[-66.033,-9.789],[-66.026,-9.811],[-66.018,-9.811],[-66.002,-9.795],[-65.999,-9.802],[-65.985,-9.806],[-65.974,-9.798],[-65.974,-9.777],[-65.967,-9.771],[-65.953,-9.769],[-65.944,-9.76],[-65.937,-9.769],[-65.931,-9.767],[-65.919,-9.753],[-65.913,-9.764],[-65.904,-9.767],[-65.899,-9.76],[-65.886,-9.752],[-65.871,-9.753],[-65.868,-9.762],[-65.862,-9.768],[-65.868,-9.773],[-65.871,-9.791],[-65.865,-9.794],[-65.854,-9.794],[-65.835,-9.776],[-65.83,-9.767],[-65.822,-9.767],[-65.817,-9.755],[-65.802,-9.766],[-65.813,-9.772],[-65.806,-9.788],[-65.793,-9.791],[-65.784,-9.786],[-65.781,-9.772],[-65.775,-9.767],[-65.779,-9.749],[-65.778,-9.737],[-65.772,-9.734],[-65.767,-9.74],[-65.773,-9.758],[-65.756,-9.767],[-65.746,-9.781],[-65.737,-9.778],[-65.734,-9.763],[-65.723,-9.757],[-65.704,-9.757],[-65.698,-9.751],[-65.685,-9.749],[-65.685,-9.762],[-65.689,-9.769],[-65.704,-9.764],[-65.71,-9.774],[-65.703,-9.779],[-65.7,-9.788],[-65.71,-9.807],[-65.695,-9.812],[-65.689,-9.8],[-65.671,-9.781],[-65.667,-9.782],[-65.663,-9.791],[-65.658,-9.794],[-65.647,-9.791],[-65.646,-9.799],[-65.654,-9.808],[-65.647,-9.816],[-65.637,-9.805],[-65.633,-9.81],[-65.632,-9.83],[-65.624,-9.836],[-65.606,-9.825],[-65.598,-9.828],[-65.597,-9.842],[-65.575,-9.838],[-65.568,-9.839],[-65.558,-9.845],[-65.554,-9.84],[-65.554,-9.832],[-65.564,-9.822],[-65.559,-9.811],[-65.553,-9.804],[-65.544,-9.804],[-65.537,-9.799],[-65.534,-9.783],[-65.513,-9.793],[-65.502,-9.786],[-65.498,-9.778],[-65.504,-9.768],[-65.504,-9.749],[-65.501,-9.743],[-65.501,-9.73],[-65.486,-9.729],[-65.49,-9.713],[-65.472,-9.714],[-65.451,-9.7],[-65.444,-9.693],[-65.442,-9.68],[-65.443,-9.669],[-65.431,-9.675],[-65.414,-9.679],[-65.392,-9.688],[-65.378,-9.697],[-65.357,-9.72],[-65.343,-9.754],[-65.332,-9.772],[-65.327,-9.784],[-65.322,-9.811],[-65.317,-9.818],[-65.293,-9.833],[-65.287,-9.84],[-65.286,-9.854],[-65.289,-9.866],[-65.296,-9.878],[-65.312,-9.893],[-65.321,-9.906],[-65.329,-9.921],[-65.333,-9.938],[-65.333,-9.944],[-65.332,-9.968],[-65.322,-9.978],[-65.321,-10.003],[-65.329,-10.043],[-65.33,-10.052],[-65.326,-10.066],[-65.32,-10.079],[-65.312,-10.089],[-65.303,-10.095],[-65.301,-10.101],[-65.302,-10.123],[-65.3,-10.139],[-65.307,-10.165],[-65.303,-10.182],[-65.291,-10.206],[-65.289,-10.22],[-65.294,-10.229],[-65.294,-10.238],[-65.307,-10.25],[-65.311,-10.258],[-65.317,-10.277],[-65.318,-10.288],[-65.327,-10.305],[-65.347,-10.322],[-65.363,-10.343],[-65.374,-10.351],[-65.392,-10.374],[-65.391,-10.382],[-65.381,-10.398],[-65.379,-10.409],[-65.382,-10.429],[-65.39,-10.448],[-65.405,-10.464],[-65.418,-10.463],[-65.424,-10.466],[-65.43,-10.481],[-65.423,-10.495],[-65.416,-10.5],[-65.411,-10.513],[-65.419,-10.527],[-65.418,-10.54],[-65.405,-10.554],[-65.402,-10.569],[-65.398,-10.581],[-65.399,-10.591],[-65.411,-10.601],[-65.409,-10.614],[-65.416,-10.617],[-65.405,-10.641],[-65.395,-10.646],[-65.38,-10.646],[-65.368,-10.65],[-65.358,-10.657],[-65.35,-10.671],[-65.346,-10.682],[-65.344,-10.7],[-65.344,-10.721],[-65.35,-10.743],[-65.345,-10.762],[-65.348,-10.778],[-65.355,-10.781],[-65.365,-10.78],[-65.367,-10.796],[-65.362,-10.802],[-65.35,-10.807],[-65.34,-10.808],[-65.331,-10.816],[-65.317,-10.825],[-65.299,-10.847],[-65.276,-10.871],[-65.269,-10.895],[-65.267,-10.922],[-65.275,-10.922],[-65.281,-10.919],[-65.286,-10.923],[-65.281,-10.936],[-65.274,-10.945],[-65.266,-10.965],[-65.258,-10.973],[-65.251,-10.985],[-65.255,-10.995],[-65.269,-11.0],[-65.297,-11.026],[-65.301,-11.039],[-65.283,-11.059],[-65.279,-11.071],[-65.28,-11.079],[-65.289,-11.094],[-65.325,-11.104],[-65.337,-11.11],[-65.352,-11.122],[-65.362,-11.135],[-65.364,-11.147],[-65.351,-11.186],[-65.343,-11.19],[-65.334,-11.186],[-65.326,-11.187],[-65.32,-11.194],[-65.32,-11.206],[-65.326,-11.212],[-65.346,-11.211],[-65.355,-11.215],[-65.361,-11.223],[-65.362,-11.246],[-65.36,-11.258],[-65.347,-11.303],[-65.34,-11.312],[-65.332,-11.314],[-65.301,-11.316],[-65.294,-11.319],[-65.292,-11.331],[-65.298,-11.335],[-65.324,-11.339],[-65.333,-11.345],[-65.335,-11.357],[-65.326,-11.391],[-65.326,-11.402],[-65.319,-11.447],[-65.311,-11.48],[-65.309,-11.494],[-65.305,-11.502],[-65.285,-11.506],[-65.257,-11.514],[-65.229,-11.516],[-65.218,-11.521],[-65.212,-11.53],[-65.212,-11.543],[-65.218,-11.553],[-65.232,-11.566],[-65.235,-11.577],[-65.233,-11.585],[-65.227,-11.592],[-65.225,-11.601],[-65.23,-11.612],[-65.23,-11.623],[-65.219,-11.641],[-65.218,-11.652],[-65.222,-11.661],[-65.231,-11.674],[-65.244,-11.686],[-65.257,-11.696],[-65.26,-11.71],[-65.251,-11.721],[-65.229,-11.736],[-65.205,-11.749],[-65.188,-11.756],[-65.174,-11.753],[-65.176,-11.741],[-65.186,-11.727],[-65.183,-11.722],[-65.128,-11.72],[-65.121,-11.719],[-65.107,-11.709],[-65.097,-11.706],[-65.091,-11.708],[-65.081,-11.72],[-65.08,-11.736],[-65.072,-11.758],[-65.067,-11.768],[-65.06,-11.791],[-65.061,-11.82],[-65.071,-11.856],[-65.071,-11.869],[-65.06,-11.883],[-65.054,-11.886],[-65.031,-11.887],[-65.019,-11.892],[-65.015,-11.904],[-65.019,-11.921],[-65.028,-11.946],[-65.04,-11.958],[-65.026,-11.972],[-65.035,-11.987],[-65.029,-11.998],[-65.017,-11.999],[-65.008,-11.993],[-65.001,-11.993],[-64.989,-12.009],[-64.981,-12.017],[-64.972,-12.018],[-64.966,-12.0],[-64.948,-11.993],[-64.941,-12.0],[-64.93,-12.021],[-64.917,-12.028],[-64.907,-12.025],[-64.884,-12.014],[-64.858,-12.012],[-64.85,-12.009],[-64.84,-12.011],[-64.826,-12.021],[-64.823,-12.03],[-64.813,-12.045],[-64.81,-12.054],[-64.81,-12.065],[-64.816,-12.072],[-64.832,-12.081],[-64.842,-12.095],[-64.842,-12.107],[-64.833,-12.122],[-64.823,-12.121],[-64.809,-12.094],[-64.8,-12.086],[-64.788,-12.086],[-64.77,-12.094],[-64.76,-12.102],[-64.757,-12.112],[-64.767,-12.133],[-64.769,-12.146],[-64.759,-12.157],[-64.75,-12.158],[-64.742,-12.151],[-64.737,-12.139],[-64.734,-12.118],[-64.739,-12.1],[-64.722,-12.088],[-64.707,-12.088],[-64.698,-12.096],[-64.698,-12.104],[-64.712,-12.121],[-64.718,-12.143],[-64.718,-12.154],[-64.713,-12.174],[-64.698,-12.188],[-64.687,-12.191],[-64.672,-12.193],[-64.658,-12.199],[-64.616,-12.215],[-64.595,-12.216],[-64.58,-12.214],[-64.569,-12.22],[-64.564,-12.23],[-64.552,-12.242],[-64.542,-12.241],[-64.535,-12.233],[-64.524,-12.226],[-64.513,-12.223],[-64.508,-12.225],[-64.503,-12.235],[-64.503,-12.244],[-64.497,-12.262],[-64.493,-12.291],[-64.496,-12.311],[-64.501,-12.331],[-64.513,-12.344],[-64.512,-12.351],[-64.499,-12.367],[-64.494,-12.368],[-64.479,-12.38],[-64.462,-12.386],[-64.455,-12.394],[-64.449,-12.407],[-64.441,-12.416],[-64.432,-12.421],[-64.421,-12.438],[-64.406,-12.447],[-64.367,-12.456],[-64.36,-12.459],[-64.345,-12.46],[-64.322,-12.457],[-64.295,-12.458],[-64.291,-12.467],[-64.299,-12.491],[-64.294,-12.5],[-64.284,-12.503],[-64.275,-12.496],[-64.27,-12.488],[-64.255,-12.478],[-64.246,-12.47],[-64.234,-12.456],[-64.228,-12.456],[-64.22,-12.462],[-64.205,-12.465],[-64.197,-12.473],[-64.19,-12.472],[-64.184,-12.466],[-64.175,-12.466],[-64.171,-12.47],[-64.171,-12.492],[-64.174,-12.501],[-64.171,-12.51],[-64.165,-12.514],[-64.154,-12.512],[-64.147,-12.502],[-64.145,-12.484],[-64.137,-12.477],[-64.13,-12.477],[-64.122,-12.488],[-64.124,-12.505],[-64.115,-12.504],[-64.103,-12.493],[-64.096,-12.484],[-64.089,-12.485],[-64.089,-12.494],[-64.082,-12.501],[-64.073,-12.5],[-64.066,-12.492],[-64.057,-12.492],[-64.048,-12.501],[-64.04,-12.515],[-64.029,-12.514],[-64.018,-12.509],[-64.012,-12.517],[-64.004,-12.515],[-64.001,-12.503],[-63.991,-12.505],[-63.976,-12.52],[-63.963,-12.53],[-63.952,-12.532],[-63.94,-12.527],[-63.919,-12.511],[-63.904,-12.508],[-63.898,-12.5],[-63.901,-12.483],[-63.889,-12.466],[-63.891,-12.455],[-63.887,-12.447],[-63.873,-12.447],[-63.85,-12.46],[-63.834,-12.463],[-63.828,-12.46],[-63.818,-12.447],[-63.805,-12.448],[-63.799,-12.443],[-63.791,-12.43],[-63.786,-12.428],[-63.767,-12.441],[-63.759,-12.442],[-63.734,-12.439],[-63.691,-12.449],[-63.685,-12.453],[-63.673,-12.463],[-63.655,-12.462],[-63.634,-12.471],[-63.621,-12.473],[-63.614,-12.485],[-63.595,-12.489],[-63.586,-12.494],[-63.576,-12.501],[-63.559,-12.505],[-63.55,-12.508],[-63.544,-12.517],[-63.533,-12.538],[-63.527,-12.546],[-63.502,-12.567],[-63.494,-12.568],[-63.474,-12.562],[-63.452,-12.562],[-63.437,-12.564],[-63.439,-12.582],[-63.429,-12.591],[-63.443,-12.601],[-63.438,-12.608],[-63.42,-12.606],[-63.412,-12.61],[-63.403,-12.63],[-63.394,-12.638],[-63.394,-12.643],[-63.384,-12.653],[-63.371,-12.66],[-63.356,-12.655],[-63.349,-12.656],[-63.331,-12.669],[-63.315,-12.675],[-63.299,-12.682],[-63.284,-12.685],[-63.261,-12.685],[-63.242,-12.691],[-63.233,-12.686],[-63.24,-12.671],[-63.248,-12.666],[-63.242,-12.66],[-63.23,-12.665],[-63.22,-12.657],[-63.213,-12.655],[-63.204,-12.66],[-63.191,-12.649],[-63.191,-12.641],[-63.198,-12.631],[-63.194,-12.623],[-63.187,-12.624],[-63.176,-12.64],[-63.166,-12.642],[-63.163,-12.635],[-63.168,-12.626],[-63.166,-12.616],[-63.16,-12.613],[-63.155,-12.618],[-63.154,-12.633],[-63.147,-12.638],[-63.122,-12.638],[-63.12,-12.628],[-63.113,-12.626],[-63.107,-12.631],[-63.098,-12.632],[-63.091,-12.636],[-63.089,-12.651],[-63.092,-12.666],[-63.099,-12.68],[-63.095,-12.684],[-63.079,-12.686],[-63.071,-12.683],[-63.063,-12.685],[-63.065,-12.696],[-63.077,-12.7],[-63.083,-12.712],[-63.079,-12.728],[-63.068,-12.731],[-63.06,-12.728],[-63.055,-12.731],[-63.042,-12.75],[-63.04,-12.766],[-63.036,-12.769],[-63.034,-12.781],[-63.021,-12.788],[-63.02,-12.806],[-63.01,-12.808],[-63.009,-12.815],[-63.014,-12.829],[-63.007,-12.84],[-62.983,-12.844],[-62.982,-12.854],[-62.976,-12.86],[-62.971,-12.859],[-62.963,-12.847],[-62.952,-12.85],[-62.943,-12.855],[-62.938,-12.843],[-62.921,-12.841],[-62.909,-12.853],[-62.892,-12.859],[-62.894,-12.873],[-62.888,-12.882],[-62.88,-12.887],[-62.87,-12.911],[-62.861,-12.913],[-62.846,-12.923],[-62.843,-12.932],[-62.85,-12.941],[-62.846,-12.949],[-62.839,-12.947],[-62.832,-12.938],[-62.823,-12.934],[-62.81,-12.938],[-62.803,-12.945],[-62.809,-12.962],[-62.798,-12.984],[-62.794,-12.995],[-62.779,-13.01],[-62.756,-13.017],[-62.752,-13.002],[-62.744,-13.0],[-62.744,-13.009],[-62.734,-13.022],[-62.727,-13.015],[-62.729,-13.009],[-62.725,-13.001],[-62.713,-13.004],[-62.707,-13.0],[-62.699,-13.003],[-62.694,-12.992],[-62.675,-12.991],[-62.664,-12.981],[-62.661,-12.97],[-62.651,-12.966],[-62.645,-12.975],[-62.652,-12.989],[-62.647,-12.993],[-62.639,-12.989],[-62.632,-12.99],[-62.629,-12.996],[-62.633,-13.011],[-62.629,-13.016],[-62.621,-13.018],[-62.61,-13.011],[-62.603,-13.013],[-62.601,-13.019],[-62.614,-13.026],[-62.613,-13.041],[-62.6,-13.049],[-62.589,-13.051],[-62.558,-13.066],[-62.547,-13.074],[-62.535,-13.073],[-62.524,-13.066],[-62.514,-13.076],[-62.503,-13.083],[-62.486,-13.078],[-62.482,-13.072],[-62.483,-13.059],[-62.476,-13.057],[-62.472,-13.066],[-62.472,-13.079],[-62.463,-13.075],[-62.457,-13.064],[-62.452,-13.07],[-62.459,-13.081],[-62.452,-13.088],[-62.443,-13.08],[-62.433,-13.086],[-62.436,-13.098],[-62.418,-13.119]]]},"properties":{"uf":"RO","code":11}},{"type":"Feature","geometry":{"type":"Polygon","coordinates":[[[-67.135,-9.676],[-67.326,-9.592],[-67.326,-9.592],[-67.517,-9.561],[-67.651,-9.5],[-67.766,-9.448],[-67.977,-9.353],[-68.035,-9.326],[-68.22,-9.243],[-68.354,-9.182],[-68.503,-9.114],[-68.647,-9.049],[-68.802,-8.916],[-68.921,-8.814],[-68.995,-8.751],[-69.121,-8.644],[-69.213,-8.564],[-69.31,-8.482],[-69.444,-8.367],[-69.621,-8.215],[-69.802,-8.061],[-69.989,-7.901],[-70.055,-7.845],[-70.173,-7.832],[-70.335,-7.813],[-70.515,-7.792],[-70.735,-7.767],[-70.877,-7.751],[-71.088,-7.726],[-71.382,-7.692],[-71.646,-7.662],[-71.792,-7.645],[-71.945,-7.627],[-72.169,-7.601],[-72.359,-7.579],[-72.585,-7.552],[-72.713,-7.505],[-72.9,-7.438],[-73.055,-7.382],[-73.183,-7.335],[-73.293,-7.296],[-73.568,-7.196],[-73.738,-7.135],[-73.802,-7.112],[-73.792,-7.124],[-73.794,-7.13],[-73.785,-7.141],[-73.778,-7.146],[-73.775,-7.156],[-73.766,-7.163],[-73.759,-7.174],[-73.755,-7.198],[-73.745,-7.21],[-73.724,-7.221],[-73.714,-7.234],[-73.716,-7.267],[-73.711,-7.277],[-73.704,-7.286],[-73.699,-7.296],[-73.7,-7.304],[-73.718,-7.329],[-73.747,-7.344],[-73.76,-7.341],[-73.761,-7.333],[-73.77,-7.332],[-73.794,-7.344],[-73.808,-7.337],[-73.817,-7.335],[-73.83,-7.337],[-73.843,-7.344],[-73.852,-7.347],[-73.86,-7.369],[-73.867,-7.377],[-73.876,-7.382],[-73.89,-7.378],[-73.897,-7.379],[-73.909,-7.378],[-73.931,-7.352],[-73.936,-7.352],[-73.944,-7.361],[-73.951,-7.347],[-73.959,-7.345],[-73.966,-7.352],[-73.967,-7.36],[-73.963,-7.364],[-73.959,-7.378],[-73.942,-7.41],[-73.93,-7.426],[-73.927,-7.452],[-73.925,-7.46],[-73.919,-7.465],[-73.929,-7.478],[-73.933,-7.494],[-73.948,-7.526],[-73.974,-7.532],[-73.985,-7.53],[-73.99,-7.536],[-73.988,-7.555],[-73.983,-7.566],[-73.968,-7.567],[-73.958,-7.577],[-73.942,-7.599],[-73.932,-7.608],[-73.923,-7.613],[-73.909,-7.624],[-73.896,-7.627],[-73.886,-7.636],[-73.885,-7.655],[-73.873,-7.671],[-73.857,-7.678],[-73.847,-7.675],[-73.842,-7.678],[-73.839,-7.688],[-73.832,-7.696],[-73.826,-7.713],[-73.822,-7.718],[-73.809,-7.723],[-73.786,-7.722],[-73.755,-7.732],[-73.74,-7.734],[-73.732,-7.742],[-73.713,-7.755],[-73.697,-7.763],[-73.694,-7.771],[-73.684,-7.776],[-73.682,-7.79],[-73.683,-7.806],[-73.687,-7.821],[-73.684,-7.844],[-73.687,-7.854],[-73.694,-7.86],[-73.704,-7.873],[-73.713,-7.875],[-73.742,-7.873],[-73.756,-7.858],[-73.767,-7.861],[-73.766,-7.87],[-73.753,-7.89],[-73.758,-7.895],[-73.77,-7.897],[-73.771,-7.905],[-73.751,-7.923],[-73.746,-7.935],[-73.746,-7.953],[-73.738,-7.958],[-73.729,-7.969],[-73.723,-7.96],[-73.698,-7.96],[-73.689,-7.971],[-73.679,-8.002],[-73.676,-8.008],[-73.663,-8.008],[-73.65,-8.002],[-73.64,-8.008],[-73.627,-8.021],[-73.624,-8.028],[-73.623,-8.039],[-73.632,-8.059],[-73.616,-8.07],[-73.607,-8.086],[-73.594,-8.097],[-73.585,-8.123],[-73.589,-8.13],[-73.591,-8.142],[-73.59,-8.154],[-73.586,-8.164],[-73.587,-8.186],[-73.595,-8.207],[-73.582,-8.208],[-73.575,-8.218],[-73.572,-8.23],[-73.56,-8.235],[-73.553,-8.254],[-73.54,-8.263],[-73.536,-8.277],[-73.54,-8.295],[-73.532,-8.308],[-73.53,-8.315],[-73.538,-8.334],[-73.537,-8.345],[-73.529,-8.351],[-73.516,-8.37],[-73.504,-8.379],[-73.486,-8.378],[-73.486,-8.386],[-73.482,-8.392],[-73.472,-8.393],[-73.448,-8.402],[-73.433,-8.412],[-73.422,-8.407],[-73.412,-8.411],[-73.407,-8.419],[-73.406,-8.434],[-73.394,-8.467],[-73.387,-8.47],[-73.365,-8.463],[-73.347,-8.471],[-73.335,-8.467],[-73.332,-8.475],[-73.328,-8.482],[-73.328,-8.517],[-73.334,-8.54],[-73.334,-8.553],[-73.338,-8.571],[-73.341,-8.579],[-73.344,-8.602],[-73.341,-8.616],[-73.337,-8.618],[-73.32,-8.614],[-73.312,-8.622],[-73.313,-8.631],[-73.302,-8.636],[-73.297,-8.651],[-73.285,-8.666],[-73.276,-8.669],[-73.264,-8.678],[-73.257,-8.679],[-73.248,-8.687],[-73.238,-8.687],[-73.222,-8.68],[-73.208,-8.681],[-73.176,-8.694],[-73.155,-8.708],[-73.142,-8.723],[-73.138,-8.743],[-73.138,-8.76],[-73.128,-8.771],[-73.123,-8.775],[-73.112,-8.792],[-73.112,-8.816],[-73.109,-8.823],[-73.094,-8.837],[-73.078,-8.843],[-73.078,-8.861],[-73.071,-8.87],[-73.064,-8.894],[-73.056,-8.907],[-73.043,-8.915],[-73.009,-8.913],[-72.995,-8.92],[-72.988,-8.932],[-72.974,-8.968],[-72.966,-8.979],[-72.944,-8.984],[-72.936,-8.989],[-72.939,-8.997],[-72.957,-9.011],[-72.948,-9.026],[-72.945,-9.047],[-72.94,-9.069],[-72.945,-9.074],[-72.944,-9.102],[-72.947,-9.115],[-72.953,-9.129],[-72.964,-9.147],[-72.972,-9.148],[-72.986,-9.16],[-73.009,-9.168],[-73.016,-9.177],[-73.011,-9.188],[-72.995,-9.19],[-73.001,-9.2],[-73.019,-9.219],[-73.022,-9.226],[-73.04,-9.236],[-73.045,-9.237],[-73.056,-9.225],[-73.079,-9.238],[-73.087,-9.245],[-73.095,-9.266],[-73.108,-9.275],[-73.112,-9.282],[-73.101,-9.304],[-73.107,-9.307],[-73.128,-9.312],[-73.139,-9.322],[-73.147,-9.333],[-73.157,-9.351],[-73.164,-9.354],[-73.186,-9.36],[-73.191,-9.367],[-73.194,-9.393],[-73.21,-9.405],[-73.212,-9.412],[-72.984,-9.412],[-72.82,-9.412],[-72.72,-9.412],[-72.717,-9.421],[-72.704,-9.433],[-72.7,-9.428],[-72.694,-9.435],[-72.683,-9.432],[-72.668,-9.438],[-72.663,-9.448],[-72.645,-9.443],[-72.622,-9.445],[-72.617,-9.453],[-72.611,-9.449],[-72.601,-9.456],[-72.594,-9.455],[-72.579,-9.46],[-72.574,-9.464],[-72.561,-9.463],[-72.532,-9.474],[-72.524,-9.489],[-72.516,-9.485],[-72.504,-9.487],[-72.488,-9.479],[-72.48,-9.487],[-72.452,-9.484],[-72.442,-9.48],[-72.411,-9.482],[-72.398,-9.483],[-72.386,-9.493],[-72.375,-9.495],[-72.366,-9.49],[-72.358,-9.494],[-72.34,-9.509],[-72.338,-9.522],[-72.323,-9.541],[-72.312,-9.541],[-72.302,-9.537],[-72.291,-9.536],[-72.283,-9.541],[-72.282,-9.55],[-72.286,-9.572],[-72.287,-9.589],[-72.284,-9.595],[-72.289,-9.602],[-72.283,-9.609],[-72.269,-9.62],[-72.259,-9.615],[-72.253,-9.623],[-72.26,-9.64],[-72.258,-9.65],[-72.247,-9.656],[-72.249,-9.672],[-72.253,-9.679],[-72.251,-9.693],[-72.264,-9.713],[-72.262,-9.726],[-72.269,-9.737],[-72.271,-9.745],[-72.262,-9.753],[-72.252,-9.754],[-72.243,-9.766],[-72.23,-9.763],[-72.215,-9.774],[-72.201,-9.774],[-72.187,-9.78],[-72.175,-9.782],[-72.158,-9.791],[-72.153,-9.797],[-72.152,-9.804],[-72.155,-9.812],[-72.164,-9.82],[-72.165,-9.828],[-72.158,-9.835],[-72.155,-9.842],[-72.156,-9.855],[-72.152,-9.865],[-72.141,-9.877],[-72.152,-9.893],[-72.157,-9.902],[-72.166,-9.909],[-72.174,-9.922],[-72.172,-9.936],[-72.161,-9.94],[-72.16,-9.953],[-72.156,-9.96],[-72.162,-9.974],[-72.181,-9.985],[-72.18,-10],[-72.024,-10],[-71.862,-10],[-71.719,-10],[-71.515,-10],[-71.377,-10],[-71.364,-9.985],[-71.355,-9.988],[-71.353,-9.977],[-71.339,-9.972],[-71.318,-9.991],[-71.308,-9.992],[-71.292,-9.985],[-71.285,-9.985],[-71.271,-9.978],[-71.259,-9.978],[-71.253,-9.964],[-71.247,-9.962],[-71.24,-9.966],[-71.228,-9.969],[-71.211,-9.966],[-71.206,-9.947],[-71.194,-9.938],[-71.187,-9.92],[-71.181,-9.918],[-71.172,-9.888],[-71.166,-9.884],[-71.163,-9.875],[-71.128,-9.852],[-71.11,-9.853],[-71.102,-9.852],[-71.1,-9.846],[-71.085,-9.839],[-71.078,-9.828],[-71.068,-9.828],[-71.058,-9.823],[-71.052,-9.816],[-71.04,-9.819],[-71.032,-9.814],[-71.022,-9.818],[-71.01,-9.816],[-70.998,-9.818],[-70.991,-9.812],[-70.992,-9.795],[-70.981,-9.779],[-70.98,-9.771],[-70.974,-9.762],[-70.952,-9.742],[-70.925,-9.742],[-70.915,-9.726],[-70.897,-9.71],[-70.897,-9.703],[-70.886,-9.689],[-70.88,-9.688],[-70.873,-9.675],[-70.869,-9.665],[-70.85,-9.655],[-70.838,-9.657],[-70.835,-9.646],[-70.829,-9.647],[-70.813,-9.639],[-70.806,-9.644],[-70.79,-9.632],[-70.785,-9.624],[-70.786,-9.614],[-70.776,-9.612],[-70.768,-9.603],[-70.756,-9.601],[-70.758,-9.587],[-70.755,-9.577],[-70.747,-9.563],[-70.739,-9.559],[-70.73,-9.568],[-70.723,-9.563],[-70.724,-9.557],[-70.717,-9.554],[-70.693,-9.536],[-70.674,-9.53],[-70.669,-9.524],[-70.661,-9.522],[-70.655,-9.511],[-70.65,-9.512],[-70.651,-9.499],[-70.635,-9.494],[-70.632,-9.48],[-70.626,-9.479],[-70.624,-9.471],[-70.612,-9.468],[-70.606,-9.46],[-70.598,-9.46],[-70.595,-9.441],[-70.587,-9.444],[-70.57,-9.432],[-70.559,-9.43],[-70.548,-9.434],[-70.547,-9.427],[-70.537,-9.433],[-70.52,-9.429],[-70.506,-9.422],[-70.502,-9.427],[-70.495,-9.425],[-70.495,-9.44],[-70.5,-9.444],[-70.512,-9.447],[-70.504,-9.463],[-70.512,-9.464],[-70.513,-9.458],[-70.522,-9.457],[-70.523,-9.472],[-70.512,-9.481],[-70.515,-9.5],[-70.519,-9.504],[-70.526,-9.498],[-70.535,-9.511],[-70.544,-9.512],[-70.547,-9.526],[-70.537,-9.53],[-70.54,-9.537],[-70.547,-9.539],[-70.564,-9.54],[-70.57,-9.556],[-70.561,-9.557],[-70.553,-9.567],[-70.557,-9.575],[-70.569,-9.572],[-70.573,-9.565],[-70.58,-9.569],[-70.587,-9.567],[-70.584,-9.556],[-70.591,-9.548],[-70.598,-9.553],[-70.6,-9.563],[-70.586,-9.575],[-70.585,-9.591],[-70.588,-9.599],[-70.598,-9.607],[-70.591,-9.623],[-70.588,-9.633],[-70.58,-9.643],[-70.572,-9.66],[-70.563,-9.669],[-70.551,-9.67],[-70.548,-9.68],[-70.541,-9.682],[-70.531,-9.707],[-70.527,-9.726],[-70.534,-9.736],[-70.532,-9.745],[-70.539,-9.75],[-70.536,-9.761],[-70.538,-9.768],[-70.552,-9.784],[-70.56,-9.789],[-70.577,-9.777],[-70.586,-9.784],[-70.586,-9.794],[-70.591,-9.804],[-70.6,-9.8],[-70.613,-9.805],[-70.615,-9.816],[-70.624,-9.821],[-70.621,-9.832],[-70.621,-10.079],[-70.621,-10.095],[-70.621,-10.228],[-70.62,-10.364],[-70.621,-10.425],[-70.621,-10.51],[-70.621,-10.706],[-70.621,-10.911],[-70.621,-11.0],[-70.53,-10.935],[-70.524,-10.933],[-70.514,-10.949],[-70.504,-10.952],[-70.496,-10.963],[-70.487,-10.964],[-70.475,-10.977],[-70.473,-10.984],[-70.453,-10.997],[-70.438,-11.027],[-70.442,-11.034],[-70.438,-11.039],[-70.421,-11.039],[-70.382,-11.05],[-70.38,-11.056],[-70.373,-11.061],[-70.354,-11.059],[-70.35,-11.065],[-70.342,-11.068],[-70.328,-11.065],[-70.308,-11.071],[-70.29,-11.063],[-70.282,-11.056],[-70.275,-11.059],[-70.266,-11.057],[-70.264,-11.052],[-70.24,-11.05],[-70.223,-11.052],[-70.212,-11.05],[-70.202,-11.055],[-70.184,-11.045],[-70.172,-11.043],[-70.159,-11.037],[-70.151,-11.031],[-70.138,-11.028],[-70.132,-11.024],[-70.127,-11.014],[-70.107,-11.004],[-70.109,-10.995],[-70.099,-10.992],[-70.09,-10.985],[-70.081,-10.984],[-70.078,-10.989],[-70.064,-10.993],[-70.046,-10.979],[-70.039,-10.98],[-70.033,-10.973],[-70.022,-10.969],[-70.016,-10.97],[-70.006,-10.961],[-69.998,-10.963],[-69.99,-10.954],[-69.984,-10.954],[-69.984,-10.944],[-69.975,-10.949],[-69.964,-10.939],[-69.954,-10.935],[-69.955,-10.929],[-69.949,-10.925],[-69.942,-10.926],[-69.934,-10.921],[-69.924,-10.925],[-69.9,-10.92],[-69.877,-10.925],[-69.873,-10.93],[-69.853,-10.924],[-69.844,-10.925],[-69.833,-10.934],[-69.823,-10.933],[-69.812,-10.926],[-69.8,-10.926],[-69.794,-10.934],[-69.787,-10.929],[-69.773,-10.94],[-69.76,-10.939],[-69.739,-10.965],[-69.736,-10.975],[-69.723,-10.965],[-69.719,-10.976],[-69.714,-10.976],[-69.707,-10.969],[-69.7,-10.97],[-69.69,-10.964],[-69.677,-10.96],[-69.668,-10.962],[-69.659,-10.953],[-69.645,-10.954],[-69.634,-10.958],[-69.622,-10.95],[-69.596,-10.941],[-69.592,-10.947],[-69.585,-10.94],[-69.567,-10.944],[-69.558,-10.948],[-69.55,-10.947],[-69.548,-10.954],[-69.541,-10.951],[-69.543,-10.94],[-69.539,-10.937],[-69.521,-10.936],[-69.508,-10.944],[-69.499,-10.944],[-69.493,-10.951],[-69.485,-10.95],[-69.479,-10.955],[-69.474,-10.944],[-69.468,-10.95],[-69.454,-10.949],[-69.453,-10.937],[-69.436,-10.934],[-69.425,-10.935],[-69.424,-10.927],[-69.415,-10.926],[-69.413,-10.937],[-69.405,-10.929],[-69.389,-10.94],[-69.381,-10.94],[-69.377,-10.954],[-69.373,-10.954],[-69.37,-10.938],[-69.364,-10.94],[-69.353,-10.936],[-69.345,-10.939],[-69.341,-10.945],[-69.328,-10.949],[-69.313,-10.944],[-69.305,-10.948],[-69.298,-10.947],[-69.292,-10.95],[-69.278,-10.948],[-69.272,-10.942],[-69.25,-10.942],[-69.254,-10.949],[-69.241,-10.951],[-69.233,-10.94],[-69.225,-10.949],[-69.22,-10.949],[-69.216,-10.958],[-69.201,-10.948],[-69.19,-10.95],[-69.183,-10.956],[-69.171,-10.959],[-69.165,-10.966],[-69.157,-10.963],[-69.148,-10.972],[-69.139,-10.968],[-69.122,-10.967],[-69.108,-10.972],[-69.104,-10.98],[-69.098,-10.98],[-69.084,-10.97],[-69.078,-10.976],[-69.072,-10.967],[-69.068,-10.977],[-69.061,-10.986],[-69.055,-10.98],[-69.044,-10.981],[-69.023,-10.994],[-69.014,-10.99],[-69.008,-11.002],[-69.001,-11.009],[-68.991,-11.011],[-68.985,-11.009],[-68.988,-10.998],[-68.98,-10.996],[-68.974,-10.989],[-68.966,-10.988],[-68.955,-11.004],[-68.948,-11.004],[-68.948,-11.012],[-68.933,-11.005],[-68.931,-11.013],[-68.92,-11.013],[-68.912,-11.022],[-68.905,-11.013],[-68.895,-11.006],[-68.885,-11.015],[-68.883,-11.008],[-68.86,-11.016],[-68.86,-11.005],[-68.85,-10.993],[-68.844,-10.992],[-68.838,-11.001],[-68.829,-11.006],[-68.823,-11.002],[-68.817,-11.005],[-68.811,-11.001],[-68.811,-10.994],[-68.798,-10.996],[-68.797,-11.0],[-68.783,-11.001],[-68.77,-11.007],[-68.763,-11.003],[-68.757,-11.009],[-68.748,-11.011],[-68.749,-11.019],[-68.753,-11.024],[-68.751,-11.036],[-68.76,-11.039],[-68.766,-11.052],[-68.763,-11.059],[-68.765,-11.066],[-68.756,-11.076],[-68.758,-11.082],[-68.751,-11.086],[-68.742,-11.097],[-68.734,-11.093],[-68.721,-11.103],[-68.722,-11.114],[-68.711,-11.128],[-68.712,-11.138],[-68.716,-11.146],[-68.543,-11.111],[-68.54,-11.097],[-68.519,-11.087],[-68.507,-11.073],[-68.505,-11.064],[-68.487,-11.051],[-68.475,-11.052],[-68.456,-11.045],[-68.445,-11.046],[-68.434,-11.032],[-68.427,-11.039],[-68.416,-11.04],[-68.41,-11.044],[-68.406,-11.054],[-68.398,-11.052],[-68.388,-11.041],[-68.391,-11.029],[-68.385,-11.018],[-68.361,-11.006],[-68.345,-11.004],[-68.331,-11.013],[-68.325,-11.009],[-68.321,-11.0],[-68.306,-10.992],[-68.289,-10.988],[-68.279,-10.989],[-68.272,-10.98],[-68.256,-10.972],[-68.25,-10.963],[-68.239,-10.958],[-68.23,-10.941],[-68.227,-10.925],[-68.229,-10.921],[-68.215,-10.905],[-68.207,-10.902],[-68.204,-10.893],[-68.206,-10.881],[-68.197,-10.871],[-68.193,-10.858],[-68.183,-10.857],[-68.154,-10.821],[-68.144,-10.816],[-68.14,-10.808],[-68.133,-10.805],[-68.12,-10.79],[-68.118,-10.784],[-68.111,-10.783],[-68.104,-10.773],[-68.105,-10.767],[-68.102,-10.754],[-68.097,-10.75],[-68.106,-10.739],[-68.105,-10.715],[-68.095,-10.709],[-68.088,-10.698],[-68.076,-10.685],[-68.066,-10.685],[-68.06,-10.675],[-68.039,-10.67],[-68.028,-10.658],[-68.013,-10.649],[-68.002,-10.648],[-67.993,-10.651],[-67.976,-10.663],[-67.966,-10.655],[-67.963,-10.65],[-67.946,-10.652],[-67.931,-10.656],[-67.913,-10.649],[-67.91,-10.642],[-67.9,-10.643],[-67.894,-10.648],[-67.886,-10.64],[-67.873,-10.643],[-67.864,-10.641],[-67.855,-10.647],[-67.833,-10.653],[-67.828,-10.651],[-67.819,-10.658],[-67.815,-10.665],[-67.808,-10.665],[-67.791,-10.678],[-67.78,-10.681],[-67.767,-10.689],[-67.758,-10.687],[-67.752,-10.696],[-67.745,-10.7],[-67.74,-10.708],[-67.73,-10.713],[-67.709,-10.704],[-67.704,-10.7],[-67.692,-10.657],[-67.69,-10.654],[-67.676,-10.605],[-67.66,-10.615],[-67.641,-10.599],[-67.636,-10.592],[-67.635,-10.58],[-67.614,-10.568],[-67.61,-10.562],[-67.605,-10.534],[-67.601,-10.533],[-67.594,-10.522],[-67.578,-10.517],[-67.567,-10.509],[-67.562,-10.504],[-67.546,-10.495],[-67.53,-10.491],[-67.522,-10.492],[-67.516,-10.485],[-67.488,-10.47],[-67.478,-10.468],[-67.466,-10.455],[-67.452,-10.455],[-67.436,-10.448],[-67.432,-10.431],[-67.427,-10.427],[-67.415,-10.427],[-67.411,-10.418],[-67.415,-10.405],[-67.424,-10.391],[-67.413,-10.382],[-67.406,-10.373],[-67.401,-10.372],[-67.381,-10.381],[-67.372,-10.381],[-67.364,-10.378],[-67.359,-10.39],[-67.353,-10.389],[-67.351,-10.379],[-67.338,-10.377],[-67.329,-10.383],[-67.32,-10.382],[-67.312,-10.372],[-67.318,-10.366],[-67.316,-10.347],[-67.327,-10.339],[-67.324,-10.326],[-67.316,-10.319],[-67.293,-10.325],[-67.289,-10.32],[-67.276,-10.322],[-67.268,-10.33],[-67.254,-10.329],[-67.242,-10.319],[-67.224,-10.316],[-67.218,-10.321],[-67.198,-10.323],[-67.192,-10.33],[-67.189,-10.339],[-67.17,-10.338],[-67.162,-10.329],[-67.147,-10.325],[-67.134,-10.316],[-67.134,-10.309],[-67.141,-10.307],[-67.137,-10.298],[-67.126,-10.29],[-67.121,-10.293],[-67.106,-10.289],[-67.099,-10.282],[-67.088,-10.285],[-67.085,-10.29],[-67.055,-10.279],[-67.051,-10.267],[-67.035,-10.264],[-67.03,-10.256],[-67.01,-10.252],[-67.004,-10.243],[-67.007,-10.233],[-67.002,-10.23],[-66.995,-10.228],[-67.001,-10.219],[-66.999,-10.212],[-66.983,-10.197],[-66.968,-10.192],[-66.961,-10.183],[-66.956,-10.191],[-66.951,-10.187],[-66.95,-10.175],[-66.946,-10.167],[-66.947,-10.16],[-66.934,-10.151],[-66.921,-10.145],[-66.911,-10.146],[-66.912,-10.137],[-66.918,-10.135],[-66.91,-10.126],[-66.902,-10.127],[-66.894,-10.11],[-66.885,-10.108],[-66.873,-10.101],[-66.875,-10.091],[-66.871,-10.081],[-66.844,-10.086],[-66.837,-10.082],[-66.841,-10.07],[-66.834,-10.066],[-66.832,-10.06],[-66.822,-10.059],[-66.817,-10.052],[-66.808,-10.05],[-66.802,-10.036],[-66.79,-10.022],[-66.778,-10.017],[-66.764,-10.006],[-66.761,-9.998],[-66.753,-10.001],[-66.751,-9.993],[-66.74,-9.995],[-66.729,-9.98],[-66.723,-9.983],[-66.719,-9.974],[-66.712,-9.979],[-66.706,-9.977],[-66.695,-9.967],[-66.681,-9.965],[-66.675,-9.967],[-66.666,-9.947],[-66.664,-9.938],[-66.656,-9.936],[-66.649,-9.944],[-66.637,-9.95],[-66.636,-9.943],[-66.626,-9.931],[-66.636,-9.927],[-66.633,-9.92],[-66.635,-9.911],[-66.624,-9.905],[-66.627,-9.898],[-66.81,-9.818],[-67.035,-9.72],[-67.135,-9.676]]]},"properties":{"uf":"AC","code":12}},{"type":"Feature","geometry":{"type":"Polygon","coordinates":[[[-58.147,-7.343],[-58.154,-7.332],[-58.17,-7.313],[-58.172,-7.306],[-58.175,-7.271],[-58.168,-7.239],[-58.17,-7.222],[-58.178,-7.189],[-58.181,-7.182],[-58.2,-7.156],[-58.209,-7.134],[-58.223,-7.124],[-58.23,-7.109],[-58.24,-7.096],[-58.253,-7.083],[-58.269,-7.08],[-58.288,-7.062],[-58.301,-7.042],[-58.313,-7.019],[-58.335,-6.986],[-58.348,-6.975],[-58.356,-6.972],[-58.38,-6.971],[-58.387,-6.965],[-58.394,-6.95],[-58.407,-6.94],[-58.423,-6.92],[-58.435,-6.909],[-58.446,-6.877],[-58.463,-6.837],[-58.471,-6.804],[-58.482,-6.781],[-58.478,-6.724],[-58.478,-6.7],[-58.465,-6.67],[-58.448,-6.651],[-58.427,-6.616],[-58.422,-6.611],[-58.394,-6.592],[-58.381,-6.58],[-58.358,-6.568],[-58.35,-6.562],[-58.34,-6.548],[-58.332,-6.533],[-58.331,-6.516],[-58.327,-6.5],[-58.32,-6.495],[-58.302,-6.496],[-58.293,-6.494],[-58.273,-6.481],[-58.267,-6.476],[-58.255,-6.454],[-58.174,-6.279],[-58.034,-5.978],[-58.034,-5.978],[-57.874,-5.63],[-57.861,-5.601],[-57.772,-5.407],[-57.704,-5.259],[-57.66,-5.163],[-57.586,-5.001],[-57.524,-4.87],[-57.475,-4.768],[-57.35,-4.502],[-57.254,-4.297],[-57.233,-4.248],[-57.214,-4.212],[-57.13,-4.034],[-57.086,-3.941],[-57.001,-3.759],[-56.956,-3.659],[-56.914,-3.562],[-56.887,-3.499],[-56.81,-3.333],[-56.81,-3.333],[-56.768,-3.243],[-56.724,-3.147],[-56.656,-3.0],[-56.648,-2.981],[-56.61,-2.896],[-56.576,-2.824],[-56.501,-2.66],[-56.426,-2.502],[-56.402,-2.457],[-56.408,-2.45],[-56.416,-2.448],[-56.425,-2.449],[-56.438,-2.44],[-56.455,-2.437],[-56.465,-2.432],[-56.466,-2.423],[-56.426,-2.369],[-56.419,-2.355],[-56.416,-2.337],[-56.413,-2.322],[-56.389,-2.279],[-56.384,-2.271],[-56.364,-2.259],[-56.332,-2.252],[-56.307,-2.243],[-56.264,-2.221],[-56.239,-2.206],[-56.22,-2.196],[-56.204,-2.183],[-56.181,-2.161],[-56.169,-2.146],[-56.142,-2.1],[-56.123,-2.076],[-56.117,-2.07],[-56.102,-2.048],[-56.098,-2.037],[-56.099,-2.027],[-56.107,-2.027],[-56.137,-2.037],[-56.163,-2.042],[-56.172,-2.039],[-56.187,-2.043],[-56.194,-2.049],[-56.197,-2.057],[-56.208,-2.06],[-56.22,-2.06],[-56.228,-2.056],[-56.25,-2.082],[-56.256,-2.088],[-56.281,-2.093],[-56.297,-2.101],[-56.309,-2.121],[-56.317,-2.14],[-56.336,-2.149],[-56.351,-2.149],[-56.368,-2.137],[-56.382,-2.144],[-56.393,-2.159],[-56.414,-2.176],[-56.424,-2.171],[-56.437,-2.158],[-56.444,-2.154],[-56.453,-2.154],[-56.461,-2.158],[-56.468,-2.166],[-56.478,-2.17],[-56.487,-2.164],[-56.493,-2.155],[-56.508,-2.144],[-56.52,-2.138],[-56.527,-2.139],[-56.541,-2.154],[-56.557,-2.163],[-56.57,-2.175],[-56.58,-2.179],[-56.586,-2.176],[-56.598,-2.175],[-56.602,-2.182],[-56.608,-2.205],[-56.613,-2.21],[-56.624,-2.204],[-56.635,-2.204],[-56.658,-2.211],[-56.679,-2.213],[-56.69,-2.209],[-56.703,-2.202],[-56.708,-2.184],[-56.717,-2.179],[-56.728,-2.177],[-56.743,-2.179],[-56.761,-2.174],[-56.769,-2.166],[-56.77,-2.153],[-56.769,-2.141],[-56.753,-2.112],[-56.733,-2.092],[-56.727,-2.081],[-56.721,-2.059],[-56.721,-2.049],[-56.727,-2.031],[-56.739,-2.017],[-56.748,-2.011],[-56.767,-2.009],[-56.778,-2.012],[-56.793,-2.021],[-56.817,-2.023],[-56.841,-2.022],[-56.859,-2.016],[-56.866,-2.008],[-56.876,-1.992],[-56.897,-1.976],[-56.924,-1.964],[-56.944,-1.964],[-56.961,-1.953],[-56.966,-1.935],[-56.98,-1.924],[-56.988,-1.907],[-57.019,-1.917],[-57.028,-1.918],[-57.038,-1.907],[-57.04,-1.896],[-57.047,-1.891],[-57.045,-1.886],[-57.051,-1.873],[-57.063,-1.862],[-57.068,-1.855],[-57.066,-1.848],[-57.072,-1.839],[-57.071,-1.83],[-57.062,-1.822],[-57.059,-1.816],[-57.067,-1.812],[-57.069,-1.804],[-57.079,-1.803],[-57.084,-1.79],[-57.083,-1.782],[-57.092,-1.778],[-57.101,-1.78],[-57.11,-1.792],[-57.119,-1.789],[-57.119,-1.78],[-57.125,-1.768],[-57.146,-1.765],[-57.158,-1.771],[-57.164,-1.768],[-57.16,-1.755],[-57.171,-1.751],[-57.171,-1.744],[-57.162,-1.74],[-57.159,-1.73],[-57.166,-1.72],[-57.171,-1.72],[-57.172,-1.731],[-57.178,-1.732],[-57.189,-1.72],[-57.191,-1.728],[-57.199,-1.735],[-57.202,-1.713],[-57.207,-1.711],[-57.219,-1.723],[-57.231,-1.728],[-57.247,-1.721],[-57.248,-1.715],[-57.243,-1.703],[-57.259,-1.697],[-57.261,-1.702],[-57.259,-1.715],[-57.264,-1.722],[-57.27,-1.721],[-57.272,-1.714],[-57.292,-1.708],[-57.301,-1.723],[-57.303,-1.732],[-57.309,-1.732],[-57.318,-1.726],[-57.328,-1.716],[-57.343,-1.715],[-57.343,-1.727],[-57.353,-1.737],[-57.373,-1.714],[-57.392,-1.725],[-57.4,-1.716],[-57.391,-1.709],[-57.386,-1.698],[-57.403,-1.687],[-57.4,-1.679],[-57.406,-1.675],[-57.418,-1.674],[-57.422,-1.691],[-57.436,-1.691],[-57.441,-1.687],[-57.434,-1.675],[-57.437,-1.667],[-57.444,-1.665],[-57.462,-1.677],[-57.473,-1.679],[-57.48,-1.665],[-57.478,-1.659],[-57.49,-1.659],[-57.499,-1.655],[-57.508,-1.642],[-57.518,-1.649],[-57.519,-1.655],[-57.528,-1.654],[-57.529,-1.648],[-57.522,-1.637],[-57.522,-1.629],[-57.536,-1.627],[-57.543,-1.622],[-57.544,-1.611],[-57.553,-1.607],[-57.563,-1.607],[-57.57,-1.602],[-57.58,-1.604],[-57.585,-1.597],[-57.595,-1.6],[-57.598,-1.596],[-57.589,-1.579],[-57.601,-1.572],[-57.608,-1.573],[-57.609,-1.584],[-57.622,-1.589],[-57.629,-1.584],[-57.635,-1.59],[-57.648,-1.59],[-57.66,-1.581],[-57.662,-1.588],[-57.675,-1.595],[-57.682,-1.589],[-57.689,-1.587],[-57.693,-1.576],[-57.704,-1.577],[-57.706,-1.572],[-57.698,-1.558],[-57.705,-1.541],[-57.71,-1.535],[-57.708,-1.526],[-57.712,-1.517],[-57.712,-1.503],[-57.718,-1.503],[-57.729,-1.514],[-57.74,-1.503],[-57.751,-1.509],[-57.758,-1.502],[-57.77,-1.51],[-57.78,-1.51],[-57.776,-1.484],[-57.788,-1.491],[-57.795,-1.487],[-57.802,-1.471],[-57.812,-1.466],[-57.81,-1.454],[-57.819,-1.451],[-57.825,-1.438],[-57.839,-1.437],[-57.842,-1.432],[-57.856,-1.427],[-57.865,-1.429],[-57.877,-1.423],[-57.891,-1.432],[-57.902,-1.426],[-57.91,-1.429],[-57.916,-1.421],[-57.909,-1.41],[-57.911,-1.405],[-57.931,-1.399],[-57.94,-1.399],[-57.95,-1.406],[-57.958,-1.403],[-57.96,-1.397],[-57.953,-1.386],[-57.956,-1.378],[-57.973,-1.375],[-57.971,-1.357],[-57.981,-1.356],[-57.991,-1.351],[-57.999,-1.331],[-57.994,-1.316],[-57.989,-1.312],[-57.987,-1.301],[-57.994,-1.29],[-57.983,-1.282],[-57.979,-1.27],[-57.978,-1.257],[-57.972,-1.246],[-57.975,-1.24],[-57.971,-1.228],[-57.967,-1.229],[-57.959,-1.222],[-57.964,-1.215],[-57.964,-1.204],[-57.976,-1.193],[-57.971,-1.176],[-57.966,-1.171],[-57.969,-1.163],[-57.978,-1.153],[-58.001,-1.148],[-58.014,-1.131],[-58.01,-1.116],[-58.017,-1.104],[-58.03,-1.102],[-58.033,-1.098],[-58.042,-1.106],[-58.059,-1.107],[-58.067,-1.119],[-58.081,-1.131],[-58.08,-1.147],[-58.093,-1.162],[-58.102,-1.161],[-58.114,-1.165],[-58.124,-1.164],[-58.12,-1.175],[-58.123,-1.18],[-58.118,-1.185],[-58.123,-1.192],[-58.134,-1.196],[-58.138,-1.205],[-58.147,-1.211],[-58.154,-1.233],[-58.163,-1.23],[-58.174,-1.216],[-58.177,-1.208],[-58.19,-1.203],[-58.195,-1.192],[-58.208,-1.175],[-58.205,-1.169],[-58.213,-1.167],[-58.219,-1.169],[-58.232,-1.16],[-58.235,-1.153],[-58.258,-1.131],[-58.268,-1.134],[-58.274,-1.142],[-58.283,-1.143],[-58.293,-1.139],[-58.317,-1.148],[-58.322,-1.142],[-58.32,-1.134],[-58.331,-1.132],[-58.337,-1.121],[-58.336,-1.116],[-58.341,-1.111],[-58.348,-1.113],[-58.359,-1.105],[-58.357,-1.1],[-58.365,-1.085],[-58.364,-1.071],[-58.376,-1.064],[-58.385,-1.052],[-58.406,-1.04],[-58.412,-1.048],[-58.422,-1.038],[-58.428,-1.025],[-58.42,-1.011],[-58.426,-1.007],[-58.424,-0.991],[-58.411,-0.982],[-58.417,-0.965],[-58.427,-0.962],[-58.431,-0.951],[-58.439,-0.941],[-58.449,-0.935],[-58.452,-0.924],[-58.449,-0.916],[-58.449,-0.903],[-58.446,-0.898],[-58.434,-0.892],[-58.442,-0.88],[-58.442,-0.873],[-58.451,-0.871],[-58.461,-0.863],[-58.474,-0.869],[-58.48,-0.859],[-58.486,-0.859],[-58.488,-0.851],[-58.495,-0.85],[-58.494,-0.84],[-58.498,-0.836],[-58.514,-0.84],[-58.519,-0.829],[-58.536,-0.822],[-58.533,-0.818],[-58.544,-0.809],[-58.56,-0.807],[-58.56,-0.798],[-58.574,-0.791],[-58.573,-0.782],[-58.581,-0.781],[-58.599,-0.762],[-58.609,-0.762],[-58.62,-0.739],[-58.629,-0.728],[-58.637,-0.72],[-58.648,-0.715],[-58.656,-0.719],[-58.664,-0.718],[-58.666,-0.706],[-58.679,-0.694],[-58.684,-0.688],[-58.693,-0.687],[-58.694,-0.682],[-58.706,-0.68],[-58.708,-0.657],[-58.714,-0.653],[-58.713,-0.645],[-58.721,-0.637],[-58.729,-0.635],[-58.732,-0.629],[-58.729,-0.62],[-58.736,-0.619],[-58.731,-0.605],[-58.731,-0.594],[-58.727,-0.591],[-58.731,-0.581],[-58.73,-0.564],[-58.722,-0.563],[-58.716,-0.549],[-58.709,-0.546],[-58.711,-0.518],[-58.717,-0.512],[-58.717,-0.505],[-58.725,-0.5],[-58.727,-0.491],[-58.736,-0.472],[-58.732,-0.468],[-58.731,-0.458],[-58.727,-0.453],[-58.725,-0.438],[-58.73,-0.433],[-58.74,-0.432],[-58.74,-0.421],[-58.747,-0.415],[-58.762,-0.413],[-58.783,-0.389],[-58.793,-0.385],[-58.811,-0.382],[-58.824,-0.375],[-58.836,-0.373],[-58.853,-0.359],[-58.87,-0.347],[-58.875,-0.337],[-58.872,-0.329],[-58.876,-0.311],[-58.875,-0.296],[-58.871,-0.281],[-58.865,-0.274],[-58.865,-0.266],[-58.872,-0.261],[-58.879,-0.229],[-58.881,-0.197],[-58.875,-0.181],[-58.865,-0.169],[-58.863,-0.161],[-58.863,-0.145],[-58.867,-0.138],[-58.864,-0.078],[-58.872,-0.065],[-58.881,-0.065],[-58.887,-0.059],[-58.885,-0.043],[-58.887,-0.034],[-58.898,-0.018],[-58.895,-0.011],[-58.895,0.001],[-58.895,0.264],[-59.192,0.264],[-59.263,0.264],[-59.434,0.264],[-59.857,0.264],[-60.038,0.264],[-60.047,0.232],[-60.048,0.217],[-60.054,0.181],[-60.059,0.173],[-60.059,0.163],[-60.073,0.15],[-60.081,0.148],[-60.098,0.135],[-60.111,0.135],[-60.116,0.129],[-60.115,0.122],[-60.125,0.115],[-60.134,0.103],[-60.134,0.095],[-60.121,0.088],[-60.123,0.079],[-60.132,0.064],[-60.129,0.061],[-60.131,0.051],[-60.14,0.045],[-60.14,0.027],[-60.145,0.019],[-60.157,0.015],[-60.16,0.007],[-60.169,-0.004],[-60.179,-0.007],[-60.204,-0.03],[-60.208,-0.036],[-60.21,-0.05],[-60.215,-0.058],[-60.211,-0.063],[-60.216,-0.071],[-60.224,-0.08],[-60.236,-0.104],[-60.237,-0.109],[-60.228,-0.122],[-60.227,-0.13],[-60.223,-0.139],[-60.227,-0.146],[-60.239,-0.152],[-60.243,-0.159],[-60.254,-0.165],[-60.258,-0.173],[-60.269,-0.176],[-60.271,-0.193],[-60.278,-0.193],[-60.281,-0.199],[-60.281,-0.209],[-60.291,-0.213],[-60.3,-0.21],[-60.294,-0.23],[-60.3,-0.244],[-60.305,-0.26],[-60.31,-0.262],[-60.307,-0.271],[-60.302,-0.271],[-60.301,-0.281],[-60.293,-0.29],[-60.302,-0.299],[-60.306,-0.318],[-60.303,-0.324],[-60.315,-0.327],[-60.324,-0.333],[-60.326,-0.339],[-60.319,-0.348],[-60.319,-0.358],[-60.325,-0.362],[-60.327,-0.381],[-60.337,-0.382],[-60.337,-0.391],[-60.343,-0.395],[-60.349,-0.411],[-60.343,-0.425],[-60.346,-0.438],[-60.356,-0.443],[-60.365,-0.452],[-60.385,-0.462],[-60.384,-0.476],[-60.391,-0.489],[-60.389,-0.499],[-60.398,-0.502],[-60.406,-0.515],[-60.4,-0.517],[-60.398,-0.541],[-60.394,-0.551],[-60.383,-0.554],[-60.379,-0.572],[-60.389,-0.576],[-60.38,-0.589],[-60.369,-0.589],[-60.36,-0.598],[-60.354,-0.617],[-60.344,-0.619],[-60.329,-0.635],[-60.322,-0.632],[-60.315,-0.636],[-60.319,-0.649],[-60.31,-0.657],[-60.305,-0.666],[-60.31,-0.672],[-60.312,-0.682],[-60.303,-0.688],[-60.304,-0.7],[-60.312,-0.719],[-60.321,-0.717],[-60.333,-0.725],[-60.347,-0.74],[-60.357,-0.734],[-60.362,-0.742],[-60.371,-0.732],[-60.384,-0.739],[-60.381,-0.744],[-60.385,-0.754],[-60.392,-0.755],[-60.395,-0.749],[-60.406,-0.752],[-60.425,-0.771],[-60.431,-0.766],[-60.447,-0.764],[-60.456,-0.769],[-60.468,-0.761],[-60.475,-0.762],[-60.488,-0.771],[-60.498,-0.781],[-60.49,-0.79],[-60.493,-0.799],[-60.493,-0.811],[-60.499,-0.817],[-60.507,-0.815],[-60.518,-0.827],[-60.504,-0.833],[-60.503,-0.841],[-60.519,-0.86],[-60.536,-0.87],[-60.543,-0.863],[-60.556,-0.863],[-60.558,-0.851],[-60.574,-0.85],[-60.588,-0.843],[-60.594,-0.851],[-60.595,-0.865],[-60.619,-0.852],[-60.621,-0.864],[-60.633,-0.862],[-60.638,-0.874],[-60.647,-0.872],[-60.663,-0.881],[-60.672,-0.87],[-60.684,-0.866],[-60.697,-0.869],[-60.705,-0.861],[-60.719,-0.859],[-60.727,-0.861],[-60.728,-0.853],[-60.736,-0.852],[-60.74,-0.859],[-60.75,-0.855],[-60.752,-0.863],[-60.761,-0.864],[-60.766,-0.857],[-60.762,-0.849],[-60.763,-0.834],[-60.769,-0.825],[-60.763,-0.813],[-60.77,-0.801],[-60.759,-0.794],[-60.76,-0.787],[-60.768,-0.79],[-60.778,-0.789],[-60.787,-0.784],[-60.782,-0.775],[-60.778,-0.774],[-60.772,-0.754],[-60.783,-0.747],[-60.789,-0.752],[-60.793,-0.742],[-60.806,-0.74],[-60.81,-0.727],[-60.803,-0.723],[-60.804,-0.712],[-60.81,-0.703],[-60.807,-0.694],[-60.815,-0.69],[-60.843,-0.686],[-60.855,-0.686],[-60.861,-0.67],[-60.858,-0.655],[-60.862,-0.645],[-60.871,-0.638],[-60.892,-0.645],[-60.903,-0.637],[-60.908,-0.63],[-60.92,-0.62],[-60.917,-0.613],[-60.928,-0.606],[-60.925,-0.596],[-60.927,-0.589],[-60.921,-0.579],[-60.924,-0.563],[-60.934,-0.548],[-60.948,-0.558],[-60.96,-0.552],[-60.972,-0.559],[-60.984,-0.562],[-60.995,-0.561],[-61.005,-0.554],[-61.025,-0.55],[-61.031,-0.542],[-61.039,-0.547],[-61.057,-0.544],[-61.065,-0.534],[-61.066,-0.521],[-61.07,-0.513],[-61.079,-0.506],[-61.097,-0.499],[-61.107,-0.499],[-61.118,-0.507],[-61.133,-0.497],[-61.15,-0.502],[-61.162,-0.502],[-61.161,-0.513],[-61.169,-0.516],[-61.185,-0.507],[-61.199,-0.508],[-61.212,-0.499],[-61.223,-0.5],[-61.229,-0.511],[-61.229,-0.517],[-61.221,-0.529],[-61.23,-0.543],[-61.228,-0.551],[-61.234,-0.562],[-61.251,-0.567],[-61.278,-0.576],[-61.292,-0.574],[-61.302,-0.575],[-61.309,-0.579],[-61.322,-0.593],[-61.329,-0.597],[-61.338,-0.598],[-61.346,-0.594],[-61.359,-0.597],[-61.373,-0.608],[-61.392,-0.614],[-61.407,-0.628],[-61.415,-0.631],[-61.434,-0.633],[-61.434,-0.641],[-61.429,-0.649],[-61.439,-0.656],[-61.458,-0.655],[-61.465,-0.66],[-61.474,-0.68],[-61.478,-0.705],[-61.485,-0.717],[-61.511,-0.742],[-61.52,-0.747],[-61.53,-0.749],[-61.536,-0.754],[-61.54,-0.778],[-61.547,-0.795],[-61.549,-0.804],[-61.547,-0.815],[-61.548,-0.834],[-61.538,-0.844],[-61.541,-0.852],[-61.547,-0.854],[-61.557,-0.865],[-61.552,-0.889],[-61.566,-0.898],[-61.577,-0.911],[-61.578,-0.927],[-61.583,-0.937],[-61.576,-0.955],[-61.581,-0.978],[-61.579,-0.983],[-61.57,-0.986],[-61.551,-0.983],[-61.543,-0.993],[-61.544,-1.004],[-61.555,-1.008],[-61.559,-1.014],[-61.548,-1.022],[-61.544,-1.03],[-61.543,-1.062],[-61.55,-1.072],[-61.573,-1.076],[-61.579,-1.087],[-61.568,-1.095],[-61.568,-1.103],[-61.578,-1.106],[-61.579,-1.114],[-61.569,-1.123],[-61.566,-1.129],[-61.571,-1.143],[-61.581,-1.157],[-61.581,-1.168],[-61.573,-1.179],[-61.572,-1.185],[-61.581,-1.188],[-61.587,-1.194],[-61.591,-1.211],[-61.599,-1.231],[-61.605,-1.242],[-61.608,-1.252],[-61.607,-1.274],[-61.61,-1.281],[-61.627,-1.294],[-61.629,-1.302],[-61.612,-1.308],[-61.597,-1.327],[-61.586,-1.339],[-61.582,-1.353],[-61.588,-1.361],[-61.6,-1.368],[-61.614,-1.384],[-61.619,-1.395],[-61.615,-1.403],[-61.603,-1.407],[-61.594,-1.406],[-61.582,-1.409],[-61.574,-1.429],[-61.548,-1.429],[-61.538,-1.433],[-61.539,-1.444],[-61.535,-1.452],[-61.533,-1.465],[-61.524,-1.491],[-61.517,-1.502],[-61.51,-1.507],[-61.493,-1.512],[-61.481,-1.518],[-61.473,-1.528],[-61.47,-1.538],[-61.471,-1.546],[-61.475,-1.553],[-61.473,-1.571],[-61.475,-1.579],[-61.483,-1.581],[-61.506,-1.561],[-61.513,-1.552],[-61.545,-1.526],[-61.557,-1.503],[-61.56,-1.495],[-61.572,-1.478],[-61.585,-1.464],[-61.605,-1.448],[-61.636,-1.434],[-61.658,-1.43],[-61.68,-1.423],[-61.69,-1.418],[-61.718,-1.41],[-61.741,-1.392],[-61.77,-1.383],[-61.79,-1.379],[-61.798,-1.381],[-61.817,-1.399],[-61.827,-1.402],[-61.84,-1.401],[-61.869,-1.402],[-61.879,-1.398],[-61.897,-1.395],[-61.906,-1.379],[-61.907,-1.356],[-61.916,-1.337],[-61.928,-1.321],[-61.946,-1.305],[-61.95,-1.297],[-61.957,-1.266],[-61.967,-1.243],[-61.988,-1.217],[-61.989,-1.202],[-62.0,-1.177],[-62.017,-1.142],[-62.04,-1.118],[-62.062,-1.1],[-62.072,-1.098],[-62.088,-1.1],[-62.1,-1.097],[-62.105,-1.087],[-62.115,-1.083],[-62.118,-1.077],[-62.111,-1.06],[-62.12,-1.044],[-62.126,-1.037],[-62.143,-1.037],[-62.145,-1.028],[-62.155,-1.026],[-62.168,-1.014],[-62.172,-1.006],[-62.2,-1.0],[-62.204,-0.983],[-62.214,-0.984],[-62.227,-0.973],[-62.241,-0.976],[-62.259,-0.976],[-62.272,-0.952],[-62.286,-0.944],[-62.294,-0.948],[-62.298,-0.941],[-62.313,-0.93],[-62.317,-0.914],[-62.329,-0.916],[-62.34,-0.904],[-62.357,-0.875],[-62.365,-0.877],[-62.367,-0.869],[-62.376,-0.866],[-62.37,-0.859],[-62.374,-0.849],[-62.38,-0.844],[-62.376,-0.837],[-62.387,-0.834],[-62.394,-0.829],[-62.396,-0.82],[-62.42,-0.813],[-62.428,-0.812],[-62.433,-0.804],[-62.443,-0.802],[-62.448,-0.81],[-62.453,-0.804],[-62.462,-0.802],[-62.465,-0.789],[-62.481,-0.795],[-62.496,-0.787],[-62.501,-0.781],[-62.504,-0.766],[-62.51,-0.759],[-62.495,-0.751],[-62.499,-0.734],[-62.506,-0.731],[-62.508,-0.714],[-62.495,-0.704],[-62.493,-0.688],[-62.487,-0.681],[-62.472,-0.69],[-62.462,-0.685],[-62.456,-0.689],[-62.445,-0.686],[-62.436,-0.691],[-62.427,-0.69],[-62.426,-0.697],[-62.413,-0.703],[-62.411,-0.713],[-62.394,-0.718],[-62.393,-0.709],[-62.375,-0.702],[-62.375,-0.708],[-62.357,-0.702],[-62.359,-0.696],[-62.367,-0.695],[-62.373,-0.68],[-62.368,-0.667],[-62.362,-0.672],[-62.352,-0.673],[-62.345,-0.666],[-62.338,-0.669],[-62.331,-0.666],[-62.33,-0.658],[-62.322,-0.653],[-62.318,-0.658],[-62.308,-0.658],[-62.298,-0.647],[-62.291,-0.644],[-62.287,-0.632],[-62.291,-0.621],[-62.302,-0.615],[-62.3,-0.608],[-62.292,-0.608],[-62.291,-0.599],[-62.299,-0.588],[-62.312,-0.576],[-62.309,-0.573],[-62.307,-0.559],[-62.316,-0.552],[-62.31,-0.542],[-62.309,-0.53],[-62.301,-0.526],[-62.309,-0.515],[-62.307,-0.508],[-62.293,-0.504],[-62.295,-0.497],[-62.285,-0.493],[-62.289,-0.484],[-62.285,-0.472],[-62.276,-0.474],[-62.267,-0.468],[-62.273,-0.464],[-62.28,-0.451],[-62.279,-0.442],[-62.269,-0.447],[-62.262,-0.435],[-62.254,-0.439],[-62.245,-0.433],[-62.24,-0.421],[-62.233,-0.424],[-62.225,-0.412],[-62.218,-0.404],[-62.217,-0.392],[-62.214,-0.387],[-62.202,-0.387],[-62.208,-0.366],[-62.197,-0.363],[-62.193,-0.342],[-62.194,-0.335],[-62.187,-0.328],[-62.189,-0.322],[-62.203,-0.317],[-62.209,-0.311],[-62.219,-0.306],[-62.228,-0.315],[-62.24,-0.301],[-62.248,-0.296],[-62.243,-0.29],[-62.249,-0.285],[-62.253,-0.27],[-62.245,-0.261],[-62.24,-0.246],[-62.251,-0.246],[-62.249,-0.238],[-62.252,-0.231],[-62.25,-0.219],[-62.253,-0.213],[-62.244,-0.206],[-62.247,-0.191],[-62.242,-0.183],[-62.242,-0.171],[-62.261,-0.162],[-62.271,-0.153],[-62.278,-0.15],[-62.282,-0.138],[-62.289,-0.133],[-62.297,-0.117],[-62.306,-0.112],[-62.309,-0.103],[-62.32,-0.096],[-62.319,-0.088],[-62.312,-0.085],[-62.322,-0.077],[-62.315,-0.069],[-62.319,-0.065],[-62.326,-0.066],[-62.328,-0.058],[-62.319,-0.057],[-62.321,-0.035],[-62.325,-0.021],[-62.323,-0.015],[-62.326,-0.003],[-62.333,0.004],[-62.337,0.022],[-62.346,0.034],[-62.35,0.035],[-62.37,0.058],[-62.386,0.06],[-62.409,0.075],[-62.416,0.091],[-62.422,0.098],[-62.423,0.116],[-62.428,0.128],[-62.424,0.135],[-62.424,0.153],[-62.428,0.161],[-62.429,0.173],[-62.434,0.188],[-62.439,0.195],[-62.447,0.2],[-62.453,0.207],[-62.455,0.235],[-62.454,0.244],[-62.467,0.268],[-62.468,0.276],[-62.465,0.284],[-62.459,0.314],[-62.467,0.333],[-62.462,0.342],[-62.461,0.353],[-62.452,0.365],[-62.453,0.373],[-62.446,0.379],[-62.456,0.392],[-62.456,0.41],[-62.459,0.418],[-62.468,0.426],[-62.485,0.454],[-62.499,0.445],[-62.509,0.441],[-62.519,0.444],[-62.521,0.454],[-62.523,0.486],[-62.533,0.509],[-62.53,0.527],[-62.528,0.547],[-62.524,0.556],[-62.521,0.575],[-62.518,0.584],[-62.519,0.594],[-62.527,0.617],[-62.528,0.629],[-62.533,0.648],[-62.538,0.675],[-62.533,0.701],[-62.521,0.721],[-62.501,0.748],[-62.479,0.766],[-62.463,0.777],[-62.458,0.785],[-62.459,0.8],[-62.463,0.821],[-62.466,0.829],[-62.481,0.843],[-62.486,0.858],[-62.485,0.876],[-62.477,0.895],[-62.471,0.917],[-62.467,0.924],[-62.454,0.935],[-62.448,0.943],[-62.443,0.959],[-62.446,0.977],[-62.45,0.984],[-62.462,0.995],[-62.464,1.002],[-62.475,1.016],[-62.478,1.028],[-62.474,1.04],[-62.479,1.048],[-62.478,1.057],[-62.473,1.067],[-62.472,1.086],[-62.485,1.088],[-62.498,1.084],[-62.521,1.084],[-62.53,1.089],[-62.545,1.121],[-62.55,1.144],[-62.553,1.167],[-62.559,1.188],[-62.577,1.227],[-62.587,1.256],[-62.597,1.29],[-62.602,1.326],[-62.61,1.343],[-62.611,1.353],[-62.62,1.363],[-62.62,1.404],[-62.627,1.412],[-62.636,1.432],[-62.64,1.438],[-62.657,1.448],[-62.677,1.455],[-62.699,1.475],[-62.721,1.488],[-62.731,1.5],[-62.736,1.53],[-62.75,1.536],[-62.757,1.548],[-62.782,1.573],[-62.801,1.587],[-62.805,1.591],[-62.806,1.604],[-62.793,1.635],[-62.773,1.656],[-62.766,1.671],[-62.756,1.676],[-62.729,1.7],[-62.724,1.712],[-62.722,1.722],[-62.727,1.75],[-62.727,1.776],[-62.731,1.799],[-62.731,1.818],[-62.704,1.874],[-62.699,1.901],[-62.699,1.912],[-62.703,1.934],[-62.715,1.951],[-62.73,1.96],[-62.759,1.973],[-62.78,1.978],[-62.813,1.992],[-62.822,2.001],[-62.829,2.013],[-62.839,2.016],[-62.887,2.022],[-62.907,2.024],[-62.933,2.027],[-62.949,2.031],[-62.98,2.018],[-63.011,2.015],[-63.024,2.015],[-63.054,2.029],[-63.071,2.04],[-63.077,2.046],[-63.086,2.061],[-63.107,2.079],[-63.12,2.096],[-63.136,2.135],[-63.139,2.143],[-63.138,2.161],[-63.146,2.173],[-63.159,2.174],[-63.166,2.18],[-63.194,2.181],[-63.236,2.167],[-63.276,2.154],[-63.289,2.157],[-63.311,2.165],[-63.338,2.184],[-63.36,2.197],[-63.372,2.212],[-63.387,2.202],[-63.395,2.2],[-63.395,2.188],[-63.389,2.183],[-63.394,2.166],[-63.394,2.157],[-63.398,2.147],[-63.406,2.144],[-63.421,2.131],[-63.428,2.135],[-63.434,2.126],[-63.444,2.125],[-63.451,2.128],[-63.467,2.141],[-63.474,2.138],[-63.475,2.127],[-63.492,2.115],[-63.509,2.114],[-63.514,2.121],[-63.536,2.131],[-63.562,2.132],[-63.569,2.125],[-63.586,2.12],[-63.594,2.12],[-63.607,2.107],[-63.617,2.107],[-63.619,2.096],[-63.623,2.089],[-63.63,2.085],[-63.638,2.069],[-63.645,2.065],[-63.654,2.068],[-63.662,2.066],[-63.665,2.057],[-63.661,2.033],[-63.662,2.023],[-63.668,2.017],[-63.675,2.021],[-63.692,2.023],[-63.689,2.031],[-63.694,2.041],[-63.703,2.046],[-63.719,2.035],[-63.728,2.026],[-63.731,2.018],[-63.739,2.016],[-63.743,2.009],[-63.74,2.0],[-63.752,1.996],[-63.76,2.004],[-63.775,1.993],[-63.778,1.985],[-63.785,1.982],[-63.8,1.987],[-63.824,1.991],[-63.83,1.968],[-63.846,1.964],[-63.854,1.978],[-63.869,1.979],[-63.888,1.982],[-63.891,1.989],[-63.899,1.992],[-63.907,1.992],[-63.923,1.983],[-63.939,1.989],[-63.954,1.988],[-63.961,1.992],[-63.968,1.988],[-63.975,1.991],[-63.987,1.979],[-63.995,1.98],[-64.011,1.962],[-64.018,1.959],[-64.019,1.951],[-64.034,1.944],[-64.042,1.943],[-64.045,1.934],[-64.062,1.931],[-64.061,1.914],[-64.064,1.899],[-64.062,1.883],[-64.068,1.869],[-64.071,1.852],[-64.065,1.845],[-64.056,1.841],[-64.055,1.825],[-64.063,1.821],[-64.058,1.813],[-64.062,1.806],[-64.062,1.79],[-64.073,1.766],[-64.078,1.759],[-64.077,1.751],[-64.069,1.748],[-64.065,1.74],[-64.066,1.731],[-64.072,1.726],[-64.067,1.708],[-64.061,1.702],[-64.067,1.684],[-64.065,1.676],[-64.076,1.653],[-64.088,1.64],[-64.095,1.617],[-64.108,1.607],[-64.112,1.589],[-64.121,1.585],[-64.126,1.578],[-64.135,1.577],[-64.144,1.582],[-64.16,1.574],[-64.168,1.576],[-64.174,1.571],[-64.175,1.563],[-64.187,1.552],[-64.194,1.543],[-64.195,1.525],[-64.216,1.508],[-64.223,1.507],[-64.24,1.511],[-64.262,1.5],[-64.267,1.485],[-64.276,1.486],[-64.279,1.478],[-64.288,1.476],[-64.302,1.468],[-64.304,1.46],[-64.313,1.456],[-64.313,1.448],[-64.318,1.44],[-64.326,1.436],[-64.329,1.419],[-64.325,1.411],[-64.33,1.395],[-64.338,1.392],[-64.343,1.384],[-64.342,1.375],[-64.335,1.371],[-64.338,1.363],[-64.346,1.366],[-64.357,1.381],[-64.359,1.39],[-64.377,1.387],[-64.394,1.389],[-64.4,1.395],[-64.394,1.418],[-64.397,1.424],[-64.391,1.43],[-64.384,1.443],[-64.377,1.448],[-64.375,1.457],[-64.379,1.464],[-64.374,1.471],[-64.357,1.484],[-64.352,1.492],[-64.349,1.502],[-64.351,1.518],[-64.368,1.52],[-64.375,1.524],[-64.384,1.52],[-64.397,1.527],[-64.409,1.514],[-64.415,1.498],[-64.422,1.494],[-64.425,1.485],[-64.439,1.472],[-64.449,1.473],[-64.454,1.48],[-64.477,1.468],[-64.487,1.454],[-64.501,1.443],[-64.522,1.438],[-64.528,1.444],[-64.531,1.435],[-64.531,1.426],[-64.537,1.422],[-64.553,1.417],[-64.559,1.41],[-64.574,1.383],[-64.583,1.375],[-64.58,1.367],[-64.582,1.359],[-64.576,1.354],[-64.591,1.337],[-64.602,1.338],[-64.611,1.336],[-64.624,1.324],[-64.635,1.32],[-64.645,1.305],[-64.654,1.299],[-64.66,1.291],[-64.669,1.292],[-64.677,1.285],[-64.685,1.284],[-64.702,1.291],[-64.705,1.284],[-64.704,1.276],[-64.71,1.269],[-64.714,1.251],[-64.721,1.247],[-64.722,1.238],[-64.739,1.232],[-64.747,1.225],[-64.757,1.226],[-64.764,1.231],[-64.773,1.247],[-64.781,1.258],[-64.794,1.269],[-64.789,1.286],[-64.803,1.31],[-64.823,1.278],[-64.825,1.295],[-64.837,1.286],[-64.846,1.283],[-64.862,1.269],[-64.853,1.264],[-64.869,1.241],[-64.869,1.232],[-64.879,1.228],[-64.887,1.232],[-64.891,1.248],[-64.898,1.253],[-64.907,1.251],[-64.907,1.242],[-64.912,1.236],[-64.914,1.228],[-64.926,1.215],[-64.935,1.211],[-64.944,1.216],[-64.946,1.225],[-64.952,1.232],[-64.961,1.23],[-64.97,1.217],[-64.966,1.206],[-64.961,1.198],[-64.961,1.19],[-64.97,1.173],[-64.992,1.151],[-65.007,1.129],[-65.016,1.124],[-65.022,1.115],[-65.046,1.117],[-65.061,1.112],[-65.066,1.119],[-65.061,1.138],[-65.071,1.153],[-65.079,1.147],[-65.088,1.146],[-65.103,1.157],[-65.119,1.146],[-65.123,1.135],[-65.139,1.127],[-65.155,1.125],[-65.151,1.117],[-65.151,1.098],[-65.154,1.089],[-65.153,1.079],[-65.154,1.056],[-65.158,1.046],[-65.159,1.033],[-65.167,1.027],[-65.169,1.018],[-65.167,1.011],[-65.158,1.009],[-65.147,1.009],[-65.155,0.987],[-65.162,0.979],[-65.164,0.97],[-65.165,0.951],[-65.178,0.933],[-65.183,0.922],[-65.197,0.911],[-65.207,0.907],[-65.205,0.917],[-65.209,0.929],[-65.226,0.927],[-65.241,0.921],[-65.25,0.921],[-65.257,0.925],[-65.264,0.92],[-65.269,0.927],[-65.264,0.934],[-65.27,0.943],[-65.278,0.938],[-65.303,0.942],[-65.322,0.928],[-65.329,0.932],[-65.334,0.916],[-65.339,0.909],[-65.343,0.893],[-65.356,0.885],[-65.352,0.873],[-65.359,0.869],[-65.374,0.865],[-65.377,0.849],[-65.385,0.849],[-65.392,0.844],[-65.397,0.829],[-65.398,0.821],[-65.413,0.816],[-65.4,0.797],[-65.397,0.79],[-65.4,0.782],[-65.395,0.774],[-65.4,0.767],[-65.395,0.758],[-65.397,0.75],[-65.414,0.755],[-65.416,0.748],[-65.41,0.74],[-65.421,0.732],[-65.424,0.708],[-65.439,0.7],[-65.443,0.69],[-65.453,0.685],[-65.472,0.683],[-65.48,0.687],[-65.485,0.679],[-65.495,0.678],[-65.501,0.672],[-65.522,0.671],[-65.531,0.668],[-65.534,0.659],[-65.54,0.649],[-65.546,0.655],[-65.554,0.658],[-65.558,0.67],[-65.564,0.676],[-65.571,0.693],[-65.576,0.712],[-65.585,0.715],[-65.591,0.722],[-65.584,0.736],[-65.576,0.745],[-65.574,0.764],[-65.556,0.778],[-65.549,0.775],[-65.54,0.797],[-65.541,0.805],[-65.531,0.805],[-65.524,0.825],[-65.528,0.833],[-65.521,0.84],[-65.514,0.837],[-65.509,0.844],[-65.5,0.842],[-65.504,0.852],[-65.505,0.869],[-65.494,0.882],[-65.496,0.889],[-65.512,0.885],[-65.514,0.895],[-65.509,0.905],[-65.508,0.915],[-65.522,0.929],[-65.525,0.938],[-65.536,0.948],[-65.531,0.956],[-65.537,0.961],[-65.542,0.976],[-65.558,0.976],[-65.561,0.986],[-65.558,0.993],[-65.567,0.994],[-65.572,0.985],[-65.586,1.009],[-65.591,1.002],[-65.607,1.004],[-65.61,1.014],[-65.618,1.01],[-65.627,1.009],[-65.625,0.989],[-65.653,1.012],[-65.663,1.007],[-65.675,0.997],[-65.679,0.989],[-65.687,0.991],[-65.689,1.0],[-65.695,1.004],[-65.706,1.003],[-65.712,0.997],[-65.722,1.002],[-65.739,1.0],[-65.751,0.982],[-65.761,0.981],[-65.767,0.964],[-65.774,0.959],[-65.78,0.964],[-65.788,0.962],[-65.794,0.954],[-65.802,0.954],[-65.809,0.949],[-65.816,0.952],[-65.822,0.945],[-65.832,0.94],[-65.842,0.938],[-65.862,0.931],[-65.88,0.933],[-65.874,0.922],[-65.879,0.913],[-65.882,0.902],[-65.897,0.892],[-65.901,0.884],[-65.908,0.889],[-65.925,0.891],[-65.937,0.882],[-65.933,0.863],[-65.939,0.856],[-65.946,0.853],[-65.952,0.836],[-65.965,0.82],[-65.964,0.809],[-65.971,0.806],[-65.978,0.812],[-65.983,0.806],[-65.993,0.807],[-66.001,0.803],[-66.017,0.8],[-66.038,0.812],[-66.056,0.802],[-66.07,0.805],[-66.075,0.799],[-66.078,0.779],[-66.076,0.768],[-66.088,0.759],[-66.102,0.764],[-66.115,0.763],[-66.121,0.752],[-66.132,0.748],[-66.141,0.748],[-66.151,0.745],[-66.161,0.746],[-66.163,0.756],[-66.183,0.767],[-66.188,0.779],[-66.202,0.781],[-66.213,0.781],[-66.319,0.755],[-66.319,0.742],[-66.317,0.736],[-66.319,0.742],[-66.319,0.755],[-66.599,1.0],[-66.857,1.23],[-67.01,1.188],[-67.088,1.167],[-67.085,1.183],[-67.083,1.203],[-67.087,1.232],[-67.086,1.256],[-67.09,1.288],[-67.089,1.325],[-67.083,1.362],[-67.08,1.401],[-67.072,1.443],[-67.073,1.473],[-67.079,1.5],[-67.078,1.544],[-67.079,1.587],[-67.082,1.606],[-67.082,1.638],[-67.086,1.658],[-67.1,1.682],[-67.101,1.706],[-67.097,1.733],[-67.116,1.768],[-67.124,1.799],[-67.14,1.827],[-67.157,1.849],[-67.174,1.857],[-67.206,1.858],[-67.229,1.861],[-67.244,1.858],[-67.261,1.865],[-67.278,1.876],[-67.287,1.889],[-67.29,1.899],[-67.3,1.927],[-67.31,1.967],[-67.317,2.001],[-67.326,2.03],[-67.331,2.061],[-67.33,2.078],[-67.337,2.098],[-67.336,2.117],[-67.339,2.152],[-67.341,2.187],[-67.344,2.205],[-67.365,2.23],[-67.389,2.244],[-67.41,2.247],[-67.431,2.242],[-67.439,2.233],[-67.448,2.208],[-67.462,2.199],[-67.48,2.191],[-67.501,2.179],[-67.522,2.17],[-67.54,2.156],[-67.551,2.142],[-67.558,2.106],[-67.573,2.098],[-67.586,2.086],[-67.598,2.056],[-67.607,2.035],[-67.62,2.024],[-67.643,2.02],[-67.671,2.02],[-67.697,2.023],[-67.725,2.034],[-67.75,2.04],[-67.769,2.039],[-67.779,2.031],[-67.798,1.998],[-67.809,1.985],[-67.818,1.967],[-67.832,1.957],[-67.836,1.945],[-67.852,1.93],[-67.86,1.92],[-67.883,1.903],[-67.902,1.898],[-67.913,1.898],[-67.907,1.866],[-67.912,1.856],[-67.923,1.852],[-67.925,1.843],[-67.931,1.835],[-67.941,1.831],[-67.961,1.831],[-67.974,1.833],[-68.004,1.86],[-68.025,1.885],[-68.043,1.9],[-68.065,1.898],[-68.079,1.902],[-68.088,1.901],[-68.094,1.91],[-68.103,1.936],[-68.115,1.944],[-68.123,1.966],[-68.134,1.979],[-68.141,1.985],[-68.159,1.978],[-68.166,1.985],[-68.183,1.979],[-68.199,1.961],[-68.209,1.962],[-68.219,1.953],[-68.223,1.946],[-68.236,1.938],[-68.243,1.927],[-68.253,1.879],[-68.264,1.861],[-68.267,1.846],[-68.267,1.827],[-68.244,1.831],[-68.234,1.83],[-68.239,1.807],[-68.245,1.795],[-68.241,1.779],[-68.237,1.772],[-68.22,1.773],[-68.209,1.778],[-68.203,1.786],[-68.188,1.785],[-68.177,1.774],[-68.169,1.771],[-68.179,1.754],[-68.16,1.75],[-68.157,1.732],[-68.697,1.732],[-69.001,1.732],[-69.179,1.733],[-69.391,1.73],[-69.406,1.733],[-69.407,1.739],[-69.417,1.742],[-69.432,1.739],[-69.437,1.749],[-69.448,1.743],[-69.456,1.753],[-69.473,1.746],[-69.494,1.758],[-69.512,1.761],[-69.531,1.772],[-69.534,1.777],[-69.551,1.774],[-69.562,1.769],[-69.566,1.761],[-69.58,1.757],[-69.584,1.76],[-69.597,1.75],[-69.604,1.74],[-69.614,1.736],[-69.623,1.735],[-69.629,1.723],[-69.637,1.723],[-69.644,1.73],[-69.654,1.718],[-69.665,1.729],[-69.674,1.722],[-69.676,1.728],[-69.684,1.731],[-69.692,1.728],[-69.705,1.735],[-69.721,1.731],[-69.732,1.733],[-69.737,1.726],[-69.745,1.73],[-69.754,1.72],[-69.761,1.718],[-69.765,1.711],[-69.778,1.702],[-69.783,1.693],[-69.791,1.698],[-69.805,1.7],[-69.809,1.695],[-69.828,1.708],[-69.835,1.71],[-69.838,1.718],[-69.846,1.713],[-69.846,1.708],[-69.846,1.5],[-69.846,1.294],[-69.847,1.078],[-69.831,1.08],[-69.823,1.071],[-69.811,1.063],[-69.797,1.073],[-69.793,1.087],[-69.773,1.103],[-69.743,1.115],[-69.735,1.114],[-69.725,1.108],[-69.713,1.118],[-69.703,1.118],[-69.706,1.099],[-69.706,1.08],[-69.704,1.075],[-69.695,1.077],[-69.687,1.073],[-69.673,1.072],[-69.668,1.082],[-69.653,1.085],[-69.647,1.09],[-69.631,1.086],[-69.624,1.096],[-69.608,1.098],[-69.598,1.095],[-69.575,1.074],[-69.56,1.072],[-69.553,1.075],[-69.524,1.071],[-69.487,1.079],[-69.475,1.072],[-69.461,1.077],[-69.452,1.073],[-69.44,1.075],[-69.433,1.066],[-69.436,1.061],[-69.43,1.045],[-69.415,1.043],[-69.405,1.049],[-69.399,1.06],[-69.382,1.074],[-69.378,1.086],[-69.372,1.08],[-69.363,1.084],[-69.358,1.079],[-69.342,1.082],[-69.322,1.088],[-69.306,1.075],[-69.305,1.067],[-69.299,1.063],[-69.289,1.062],[-69.289,1.054],[-69.261,1.054],[-69.247,1.057],[-69.246,1.046],[-69.238,1.038],[-69.233,1.038],[-69.228,1.03],[-69.213,1.019],[-69.206,1.012],[-69.198,0.998],[-69.216,0.982],[-69.218,0.973],[-69.209,0.972],[-69.204,0.962],[-69.194,0.961],[-69.173,0.952],[-69.168,0.936],[-69.181,0.937],[-69.19,0.933],[-69.192,0.924],[-69.191,0.915],[-69.186,0.913],[-69.185,0.898],[-69.179,0.9],[-69.17,0.896],[-69.157,0.882],[-69.148,0.88],[-69.14,0.884],[-69.136,0.87],[-69.139,0.854],[-69.144,0.847],[-69.163,0.85],[-69.167,0.843],[-69.165,0.836],[-69.168,0.821],[-69.163,0.813],[-69.154,0.806],[-69.154,0.793],[-69.147,0.78],[-69.147,0.77],[-69.157,0.761],[-69.165,0.757],[-69.171,0.76],[-69.188,0.747],[-69.188,0.732],[-69.18,0.716],[-69.168,0.715],[-69.154,0.708],[-69.145,0.698],[-69.129,0.668],[-69.118,0.655],[-69.116,0.644],[-69.125,0.634],[-69.134,0.645],[-69.148,0.644],[-69.165,0.651],[-69.184,0.654],[-69.191,0.648],[-69.196,0.64],[-69.204,0.633],[-69.199,0.615],[-69.2,0.607],[-69.212,0.61],[-69.232,0.603],[-69.236,0.6],[-69.243,0.609],[-69.255,0.605],[-69.268,0.606],[-69.272,0.602],[-69.295,0.608],[-69.285,0.619],[-69.291,0.635],[-69.286,0.649],[-69.296,0.649],[-69.305,0.644],[-69.318,0.632],[-69.338,0.642],[-69.339,0.631],[-69.345,0.626],[-69.35,0.614],[-69.357,0.616],[-69.37,0.635],[-69.397,0.657],[-69.405,0.665],[-69.407,0.675],[-69.416,0.688],[-69.431,0.693],[-69.437,0.7],[-69.433,0.712],[-69.447,0.715],[-69.459,0.723],[-69.464,0.736],[-69.481,0.735],[-69.487,0.729],[-69.5,0.724],[-69.507,0.713],[-69.515,0.714],[-69.532,0.703],[-69.531,0.69],[-69.536,0.679],[-69.559,0.681],[-69.566,0.68],[-69.567,0.673],[-69.579,0.662],[-69.598,0.654],[-69.597,0.649],[-69.588,0.641],[-69.607,0.634],[-69.606,0.625],[-69.61,0.618],[-69.62,0.634],[-69.633,0.635],[-69.639,0.642],[-69.639,0.647],[-69.645,0.659],[-69.652,0.664],[-69.669,0.665],[-69.671,0.667],[-69.687,0.663],[-69.686,0.654],[-69.692,0.649],[-69.702,0.652],[-69.716,0.64],[-69.718,0.625],[-69.723,0.616],[-69.731,0.611],[-69.741,0.61],[-69.748,0.62],[-69.767,0.603],[-69.781,0.596],[-69.789,0.585],[-69.794,0.584],[-69.804,0.572],[-69.811,0.584],[-69.823,0.591],[-69.833,0.591],[-69.842,0.587],[-69.856,0.585],[-69.862,0.578],[-69.869,0.582],[-69.884,0.577],[-69.892,0.581],[-69.908,0.585],[-69.915,0.582],[-69.92,0.57],[-69.93,0.565],[-69.929,0.559],[-69.936,0.553],[-69.956,0.561],[-69.961,0.562],[-69.964,0.571],[-69.97,0.576],[-69.979,0.578],[-69.984,0.575],[-69.995,0.575],[-69.992,0.563],[-69.996,0.559],[-69.995,0.551],[-70.004,0.545],[-70.008,0.548],[-70.017,0.544],[-70.023,0.548],[-70.021,0.556],[-70.027,0.562],[-70.038,0.566],[-70.046,0.562],[-70.047,0.457],[-70.046,0.247],[-70.046,0.109],[-70.046,0.068],[-70.046,-0.021],[-70.045,-0.031],[-70.044,-0.105],[-70.042,-0.124],[-70.049,-0.146],[-70.058,-0.158],[-70.057,-0.187],[-70.02,-0.218],[-70.006,-0.226],[-69.997,-0.235],[-69.99,-0.252],[-69.981,-0.259],[-69.975,-0.27],[-69.964,-0.285],[-69.954,-0.292],[-69.948,-0.301],[-69.937,-0.306],[-69.934,-0.317],[-69.923,-0.332],[-69.908,-0.342],[-69.892,-0.349],[-69.883,-0.344],[-69.862,-0.348],[-69.845,-0.346],[-69.838,-0.354],[-69.836,-0.362],[-69.823,-0.381],[-69.814,-0.381],[-69.806,-0.387],[-69.794,-0.392],[-69.792,-0.4],[-69.775,-0.4],[-69.769,-0.407],[-69.762,-0.411],[-69.75,-0.427],[-69.743,-0.43],[-69.739,-0.44],[-69.733,-0.446],[-69.718,-0.455],[-69.699,-0.459],[-69.691,-0.463],[-69.686,-0.469],[-69.663,-0.474],[-69.645,-0.483],[-69.646,-0.492],[-69.644,-0.5],[-69.633,-0.498],[-69.615,-0.506],[-69.611,-0.513],[-69.615,-0.529],[-69.615,-0.54],[-69.606,-0.545],[-69.603,-0.554],[-69.596,-0.56],[-69.593,-0.568],[-69.598,-0.589],[-69.605,-0.6],[-69.595,-0.607],[-69.588,-0.623],[-69.58,-0.62],[-69.573,-0.626],[-69.575,-0.637],[-69.564,-0.64],[-69.574,-0.65],[-69.576,-0.658],[-69.582,-0.667],[-69.585,-0.684],[-69.599,-0.7],[-69.605,-0.714],[-69.604,-0.722],[-69.612,-0.724],[-69.623,-0.732],[-69.618,-0.741],[-69.626,-0.75],[-69.617,-0.75],[-69.62,-0.759],[-69.61,-0.762],[-69.612,-0.77],[-69.595,-0.787],[-69.588,-0.791],[-69.584,-0.802],[-69.574,-0.801],[-69.563,-0.812],[-69.56,-0.823],[-69.574,-0.842],[-69.561,-0.849],[-69.548,-0.861],[-69.538,-0.862],[-69.535,-0.871],[-69.523,-0.886],[-69.527,-0.922],[-69.523,-0.93],[-69.516,-0.934],[-69.508,-0.933],[-69.502,-0.943],[-69.493,-0.949],[-69.485,-0.951],[-69.479,-0.957],[-69.471,-0.961],[-69.464,-0.967],[-69.464,-0.984],[-69.45,-0.998],[-69.441,-0.995],[-69.422,-1.0],[-69.421,-1.012],[-69.428,-1.016],[-69.437,-1.027],[-69.444,-1.028],[-69.443,-1.037],[-69.433,-1.04],[-69.424,-1.05],[-69.424,-1.059],[-69.428,-1.073],[-69.425,-1.084],[-69.401,-1.114],[-69.396,-1.133],[-69.398,-1.144],[-69.413,-1.158],[-69.414,-1.187],[-69.426,-1.211],[-69.43,-1.225],[-69.431,-1.242],[-69.426,-1.257],[-69.418,-1.267],[-69.411,-1.282],[-69.409,-1.293],[-69.409,-1.334],[-69.4,-1.354],[-69.4,-1.371],[-69.41,-1.373],[-69.422,-1.381],[-69.43,-1.387],[-69.434,-1.398],[-69.437,-1.417],[-69.435,-1.458],[-69.441,-1.471],[-69.45,-1.479],[-69.457,-1.494],[-69.453,-1.532],[-69.486,-1.721],[-69.517,-1.9],[-69.534,-2.001],[-69.613,-2.44],[-69.621,-2.483],[-69.689,-2.872],[-69.712,-3.001],[-69.743,-3.166],[-69.799,-3.474],[-69.826,-3.62],[-69.838,-3.687],[-69.859,-3.804],[-69.883,-3.942],[-69.911,-4.097],[-69.933,-4.219],[-69.949,-4.228],[-69.951,-4.247],[-69.951,-4.269],[-69.95,-4.279],[-69.954,-4.295],[-69.973,-4.324],[-69.984,-4.332],[-69.985,-4.323],[-69.993,-4.321],[-69.999,-4.328],[-70.012,-4.331],[-70.034,-4.359],[-70.028,-4.369],[-70.038,-4.375],[-70.045,-4.374],[-70.051,-4.362],[-70.04,-4.348],[-70.043,-4.332],[-70.055,-4.325],[-70.068,-4.323],[-70.076,-4.32],[-70.079,-4.31],[-70.073,-4.304],[-70.053,-4.306],[-70.04,-4.299],[-70.046,-4.292],[-70.062,-4.295],[-70.077,-4.285],[-70.091,-4.289],[-70.1,-4.282],[-70.101,-4.266],[-70.105,-4.259],[-70.113,-4.258],[-70.115,-4.264],[-70.113,-4.277],[-70.118,-4.284],[-70.127,-4.285],[-70.133,-4.282],[-70.14,-4.275],[-70.148,-4.272],[-70.156,-4.275],[-70.163,-4.292],[-70.171,-4.3],[-70.17,-4.309],[-70.155,-4.318],[-70.151,-4.323],[-70.153,-4.331],[-70.17,-4.333],[-70.177,-4.338],[-70.178,-4.35],[-70.184,-4.359],[-70.194,-4.361],[-70.2,-4.356],[-70.201,-4.342],[-70.205,-4.323],[-70.211,-4.315],[-70.212,-4.301],[-70.218,-4.301],[-70.219,-4.313],[-70.227,-4.317],[-70.258,-4.31],[-70.265,-4.304],[-70.267,-4.294],[-70.254,-4.291],[-70.245,-4.282],[-70.246,-4.275],[-70.257,-4.271],[-70.281,-4.286],[-70.285,-4.279],[-70.285,-4.271],[-70.299,-4.265],[-70.308,-4.258],[-70.308,-4.247],[-70.299,-4.24],[-70.284,-4.237],[-70.279,-4.231],[-70.281,-4.214],[-70.288,-4.201],[-70.288,-4.18],[-70.286,-4.173],[-70.293,-4.16],[-70.309,-4.156],[-70.317,-4.145],[-70.324,-4.142],[-70.329,-4.148],[-70.328,-4.162],[-70.33,-4.175],[-70.337,-4.179],[-70.348,-4.174],[-70.355,-4.167],[-70.367,-4.142],[-70.381,-4.134],[-70.398,-4.137],[-70.437,-4.133],[-70.442,-4.138],[-70.441,-4.144],[-70.433,-4.154],[-70.439,-4.164],[-70.447,-4.159],[-70.454,-4.159],[-70.459,-4.173],[-70.465,-4.176],[-70.478,-4.161],[-70.485,-4.161],[-70.489,-4.168],[-70.493,-4.191],[-70.499,-4.198],[-70.505,-4.2],[-70.512,-4.196],[-70.514,-4.189],[-70.505,-4.174],[-70.503,-4.162],[-70.512,-4.146],[-70.522,-4.137],[-70.536,-4.145],[-70.549,-4.136],[-70.552,-4.142],[-70.542,-4.148],[-70.543,-4.158],[-70.553,-4.161],[-70.558,-4.172],[-70.553,-4.189],[-70.556,-4.203],[-70.567,-4.211],[-70.575,-4.208],[-70.573,-4.2],[-70.562,-4.184],[-70.563,-4.175],[-70.573,-4.174],[-70.589,-4.186],[-70.616,-4.193],[-70.628,-4.187],[-70.635,-4.175],[-70.632,-4.165],[-70.618,-4.136],[-70.622,-4.127],[-70.646,-4.128],[-70.651,-4.138],[-70.651,-4.155],[-70.658,-4.147],[-70.667,-4.142],[-70.671,-4.146],[-70.666,-4.163],[-70.672,-4.195],[-70.68,-4.206],[-70.685,-4.206],[-70.686,-4.194],[-70.694,-4.187],[-70.721,-4.187],[-70.73,-4.182],[-70.745,-4.163],[-70.759,-4.159],[-70.772,-4.167],[-70.784,-4.184],[-70.793,-4.186],[-70.802,-4.182],[-70.805,-4.194],[-70.819,-4.199],[-70.823,-4.209],[-70.829,-4.214],[-70.84,-4.216],[-70.847,-4.222],[-70.846,-4.23],[-70.84,-4.23],[-70.831,-4.221],[-70.82,-4.22],[-70.816,-4.228],[-70.826,-4.239],[-70.829,-4.25],[-70.84,-4.255],[-70.852,-4.247],[-70.862,-4.249],[-70.865,-4.253],[-70.86,-4.264],[-70.848,-4.271],[-70.847,-4.281],[-70.86,-4.284],[-70.876,-4.292],[-70.88,-4.301],[-70.875,-4.315],[-70.876,-4.321],[-70.882,-4.325],[-70.896,-4.323],[-70.904,-4.331],[-70.912,-4.356],[-70.917,-4.361],[-70.926,-4.354],[-70.935,-4.357],[-70.936,-4.371],[-70.934,-4.377],[-70.938,-4.383],[-70.946,-4.377],[-70.96,-4.381],[-70.97,-4.379],[-70.975,-4.358],[-70.989,-4.346],[-70.999,-4.349],[-70.989,-4.363],[-70.987,-4.377],[-70.996,-4.387],[-71.004,-4.388],[-71.019,-4.384],[-71.024,-4.391],[-71.033,-4.4],[-71.044,-4.4],[-71.047,-4.396],[-71.043,-4.375],[-71.046,-4.37],[-71.056,-4.371],[-71.058,-4.388],[-71.077,-4.397],[-71.084,-4.393],[-71.076,-4.38],[-71.083,-4.373],[-71.095,-4.375],[-71.109,-4.379],[-71.11,-4.384],[-71.107,-4.398],[-71.111,-4.409],[-71.121,-4.408],[-71.129,-4.392],[-71.142,-4.381],[-71.152,-4.387],[-71.148,-4.396],[-71.151,-4.405],[-71.157,-4.404],[-71.16,-4.393],[-71.182,-4.394],[-71.187,-4.401],[-71.186,-4.413],[-71.191,-4.423],[-71.199,-4.423],[-71.207,-4.4],[-71.198,-4.386],[-71.201,-4.379],[-71.214,-4.378],[-71.22,-4.388],[-71.218,-4.401],[-71.222,-4.408],[-71.229,-4.403],[-71.225,-4.391],[-71.233,-4.384],[-71.247,-4.391],[-71.266,-4.385],[-71.279,-4.391],[-71.277,-4.401],[-71.268,-4.393],[-71.262,-4.399],[-71.269,-4.408],[-71.263,-4.42],[-71.263,-4.429],[-71.277,-4.441],[-71.289,-4.442],[-71.295,-4.437],[-71.303,-4.421],[-71.307,-4.417],[-71.317,-4.415],[-71.321,-4.424],[-71.318,-4.431],[-71.304,-4.441],[-71.302,-4.447],[-71.306,-4.46],[-71.311,-4.462],[-71.313,-4.445],[-71.318,-4.441],[-71.341,-4.441],[-71.342,-4.43],[-71.348,-4.426],[-71.357,-4.434],[-71.366,-4.433],[-71.377,-4.425],[-71.388,-4.426],[-71.397,-4.433],[-71.4,-4.443],[-71.409,-4.448],[-71.417,-4.463],[-71.422,-4.468],[-71.433,-4.46],[-71.433,-4.45],[-71.427,-4.444],[-71.426,-4.437],[-71.431,-4.429],[-71.439,-4.431],[-71.433,-4.443],[-71.436,-4.449],[-71.446,-4.449],[-71.452,-4.446],[-71.45,-4.437],[-71.464,-4.44],[-71.476,-4.433],[-71.48,-4.436],[-71.477,-4.449],[-71.484,-4.458],[-71.502,-4.439],[-71.51,-4.441],[-71.508,-4.455],[-71.499,-4.465],[-71.493,-4.474],[-71.494,-4.485],[-71.504,-4.477],[-71.517,-4.473],[-71.518,-4.463],[-71.526,-4.466],[-71.536,-4.463],[-71.541,-4.468],[-71.535,-4.479],[-71.556,-4.477],[-71.552,-4.487],[-71.559,-4.49],[-71.569,-4.508],[-71.592,-4.526],[-71.606,-4.53],[-71.617,-4.529],[-71.626,-4.523],[-71.634,-4.515],[-71.634,-4.509],[-71.626,-4.507],[-71.621,-4.501],[-71.612,-4.481],[-71.612,-4.471],[-71.618,-4.468],[-71.626,-4.473],[-71.628,-4.479],[-71.626,-4.49],[-71.65,-4.504],[-71.647,-4.481],[-71.652,-4.473],[-71.661,-4.477],[-71.656,-4.484],[-71.655,-4.495],[-71.659,-4.502],[-71.673,-4.506],[-71.675,-4.502],[-71.69,-4.498],[-71.7,-4.507],[-71.708,-4.511],[-71.718,-4.507],[-71.724,-4.498],[-71.737,-4.498],[-71.745,-4.471],[-71.754,-4.471],[-71.749,-4.482],[-71.75,-4.492],[-71.759,-4.5],[-71.769,-4.504],[-71.77,-4.492],[-71.779,-4.485],[-71.79,-4.486],[-71.783,-4.494],[-71.793,-4.497],[-71.794,-4.485],[-71.809,-4.492],[-71.807,-4.501],[-71.821,-4.501],[-71.835,-4.516],[-71.837,-4.505],[-71.859,-4.513],[-71.862,-4.524],[-71.866,-4.527],[-71.877,-4.518],[-71.907,-4.515],[-71.908,-4.521],[-71.894,-4.523],[-71.886,-4.532],[-71.888,-4.54],[-71.899,-4.53],[-71.915,-4.531],[-71.922,-4.535],[-71.92,-4.54],[-71.929,-4.547],[-71.923,-4.551],[-71.919,-4.562],[-71.934,-4.578],[-71.95,-4.579],[-71.951,-4.585],[-71.945,-4.592],[-71.955,-4.61],[-71.96,-4.605],[-71.966,-4.611],[-71.978,-4.612],[-71.983,-4.604],[-71.988,-4.612],[-71.982,-4.623],[-72.002,-4.629],[-72.004,-4.642],[-72.009,-4.644],[-72.015,-4.633],[-72.033,-4.625],[-72.043,-4.624],[-72.037,-4.64],[-72.046,-4.644],[-72.046,-4.654],[-72.059,-4.65],[-72.07,-4.663],[-72.082,-4.67],[-72.077,-4.68],[-72.083,-4.684],[-72.091,-4.683],[-72.091,-4.691],[-72.099,-4.697],[-72.103,-4.706],[-72.112,-4.705],[-72.126,-4.717],[-72.121,-4.728],[-72.128,-4.735],[-72.133,-4.729],[-72.128,-4.724],[-72.139,-4.712],[-72.146,-4.723],[-72.162,-4.728],[-72.161,-4.736],[-72.172,-4.734],[-72.191,-4.745],[-72.188,-4.75],[-72.199,-4.758],[-72.201,-4.752],[-72.222,-4.754],[-72.212,-4.761],[-72.22,-4.771],[-72.237,-4.775],[-72.242,-4.78],[-72.248,-4.777],[-72.249,-4.769],[-72.258,-4.767],[-72.258,-4.774],[-72.272,-4.798],[-72.282,-4.782],[-72.302,-4.775],[-72.305,-4.789],[-72.311,-4.774],[-72.328,-4.78],[-72.327,-4.787],[-72.32,-4.788],[-72.326,-4.801],[-72.335,-4.804],[-72.336,-4.797],[-72.343,-4.797],[-72.345,-4.806],[-72.355,-4.806],[-72.366,-4.803],[-72.372,-4.808],[-72.367,-4.815],[-72.359,-4.82],[-72.362,-4.827],[-72.37,-4.822],[-72.375,-4.839],[-72.382,-4.847],[-72.389,-4.869],[-72.4,-4.875],[-72.401,-4.885],[-72.41,-4.887],[-72.415,-4.875],[-72.423,-4.878],[-72.415,-4.888],[-72.422,-4.9],[-72.429,-4.903],[-72.43,-4.91],[-72.439,-4.909],[-72.441,-4.9],[-72.45,-4.902],[-72.462,-4.894],[-72.461,-4.911],[-72.453,-4.912],[-72.459,-4.925],[-72.472,-4.923],[-72.477,-4.929],[-72.474,-4.943],[-72.481,-4.952],[-72.487,-4.95],[-72.484,-4.938],[-72.491,-4.934],[-72.497,-4.95],[-72.504,-4.947],[-72.507,-4.938],[-72.518,-4.934],[-72.523,-4.951],[-72.536,-4.964],[-72.538,-4.953],[-72.552,-4.957],[-72.552,-4.964],[-72.566,-4.973],[-72.569,-4.984],[-72.581,-4.981],[-72.584,-4.983],[-72.583,-4.995],[-72.591,-4.995],[-72.591,-4.985],[-72.597,-4.983],[-72.604,-4.993],[-72.611,-4.995],[-72.603,-5.004],[-72.601,-5.01],[-72.613,-5.015],[-72.607,-5.028],[-72.617,-5.033],[-72.619,-5.047],[-72.626,-5.04],[-72.632,-5.057],[-72.646,-5.049],[-72.654,-5.051],[-72.653,-5.061],[-72.66,-5.063],[-72.673,-5.052],[-72.685,-5.052],[-72.69,-5.061],[-72.697,-5.059],[-72.709,-5.048],[-72.717,-5.058],[-72.722,-5.056],[-72.728,-5.062],[-72.738,-5.06],[-72.74,-5.088],[-72.743,-5.088],[-72.757,-5.082],[-72.763,-5.085],[-72.761,-5.093],[-72.785,-5.107],[-72.794,-5.106],[-72.802,-5.111],[-72.813,-5.104],[-72.821,-5.105],[-72.817,-5.114],[-72.817,-5.127],[-72.822,-5.141],[-72.828,-5.144],[-72.838,-5.144],[-72.849,-5.138],[-72.861,-5.14],[-72.866,-5.151],[-72.876,-5.152],[-72.888,-5.167],[-72.885,-5.175],[-72.879,-5.172],[-72.877,-5.191],[-72.869,-5.197],[-72.871,-5.207],[-72.87,-5.216],[-72.864,-5.234],[-72.867,-5.24],[-72.869,-5.256],[-72.864,-5.273],[-72.869,-5.289],[-72.876,-5.293],[-72.87,-5.299],[-72.88,-5.311],[-72.888,-5.313],[-72.886,-5.323],[-72.89,-5.331],[-72.899,-5.337],[-72.899,-5.346],[-72.909,-5.366],[-72.907,-5.375],[-72.921,-5.382],[-72.92,-5.39],[-72.929,-5.405],[-72.929,-5.413],[-72.936,-5.419],[-72.936,-5.426],[-72.942,-5.441],[-72.951,-5.445],[-72.948,-5.452],[-72.957,-5.465],[-72.959,-5.483],[-72.958,-5.492],[-72.964,-5.498],[-72.96,-5.515],[-72.96,-5.524],[-72.954,-5.54],[-72.957,-5.557],[-72.952,-5.566],[-72.959,-5.571],[-72.951,-5.584],[-72.966,-5.593],[-72.973,-5.608],[-72.975,-5.624],[-72.967,-5.63],[-72.966,-5.645],[-72.962,-5.655],[-72.965,-5.662],[-72.972,-5.657],[-72.986,-5.662],[-72.99,-5.669],[-72.986,-5.677],[-72.988,-5.686],[-72.985,-5.694],[-72.993,-5.696],[-72.992,-5.704],[-73.004,-5.708],[-72.999,-5.715],[-73.003,-5.721],[-73.022,-5.732],[-73.021,-5.739],[-73.035,-5.751],[-73.043,-5.749],[-73.047,-5.756],[-73.05,-5.766],[-73.056,-5.772],[-73.054,-5.781],[-73.055,-5.789],[-73.064,-5.789],[-73.079,-5.806],[-73.096,-5.813],[-73.094,-5.822],[-73.11,-5.824],[-73.117,-5.829],[-73.118,-5.838],[-73.115,-5.854],[-73.138,-5.859],[-73.143,-5.864],[-73.151,-5.863],[-73.161,-5.877],[-73.156,-5.883],[-73.17,-5.893],[-73.168,-5.909],[-73.174,-5.915],[-73.174,-5.924],[-73.181,-5.923],[-73.183,-5.933],[-73.188,-5.939],[-73.187,-5.956],[-73.182,-5.963],[-73.184,-5.97],[-73.194,-5.984],[-73.189,-5.999],[-73.203,-6.005],[-73.21,-6.005],[-73.216,-6.012],[-73.218,-6.02],[-73.23,-6.031],[-73.237,-6.032],[-73.238,-6.045],[-73.232,-6.074],[-73.24,-6.08],[-73.235,-6.086],[-73.251,-6.105],[-73.253,-6.13],[-73.249,-6.137],[-73.25,-6.145],[-73.241,-6.158],[-73.233,-6.163],[-73.221,-6.178],[-73.217,-6.203],[-73.22,-6.212],[-73.219,-6.222],[-73.209,-6.227],[-73.198,-6.24],[-73.193,-6.256],[-73.185,-6.257],[-73.165,-6.274],[-73.162,-6.283],[-73.166,-6.291],[-73.162,-6.299],[-73.161,-6.318],[-73.158,-6.327],[-73.151,-6.322],[-73.147,-6.34],[-73.145,-6.356],[-73.139,-6.363],[-73.134,-6.379],[-73.133,-6.387],[-73.117,-6.395],[-73.109,-6.41],[-73.111,-6.42],[-73.119,-6.424],[-73.123,-6.432],[-73.118,-6.44],[-73.118,-6.45],[-73.124,-6.455],[-73.124,-6.463],[-73.132,-6.468],[-73.134,-6.477],[-73.142,-6.491],[-73.138,-6.498],[-73.143,-6.506],[-73.149,-6.511],[-73.153,-6.52],[-73.167,-6.526],[-73.173,-6.518],[-73.184,-6.528],[-73.183,-6.54],[-73.19,-6.545],[-73.198,-6.545],[-73.198,-6.554],[-73.205,-6.557],[-73.2,-6.565],[-73.206,-6.573],[-73.213,-6.578],[-73.22,-6.573],[-73.222,-6.565],[-73.23,-6.571],[-73.233,-6.578],[-73.247,-6.584],[-73.256,-6.583],[-73.263,-6.587],[-73.281,-6.585],[-73.293,-6.593],[-73.302,-6.595],[-73.311,-6.593],[-73.326,-6.594],[-73.332,-6.6],[-73.338,-6.593],[-73.355,-6.595],[-73.36,-6.603],[-73.375,-6.611],[-73.379,-6.617],[-73.381,-6.635],[-73.405,-6.643],[-73.413,-6.642],[-73.428,-6.652],[-73.437,-6.651],[-73.444,-6.657],[-73.459,-6.665],[-73.476,-6.665],[-73.483,-6.671],[-73.498,-6.672],[-73.516,-6.677],[-73.529,-6.686],[-73.542,-6.701],[-73.55,-6.707],[-73.56,-6.721],[-73.576,-6.726],[-73.585,-6.725],[-73.602,-6.734],[-73.607,-6.739],[-73.616,-6.741],[-73.628,-6.752],[-73.643,-6.762],[-73.649,-6.778],[-73.654,-6.784],[-73.667,-6.806],[-73.675,-6.811],[-73.681,-6.818],[-73.691,-6.834],[-73.697,-6.839],[-73.707,-6.84],[-73.712,-6.863],[-73.717,-6.87],[-73.721,-6.889],[-73.742,-6.91],[-73.747,-6.926],[-73.753,-6.933],[-73.755,-6.942],[-73.743,-6.965],[-73.738,-6.982],[-73.739,-6.999],[-73.73,-7.007],[-73.727,-7.022],[-73.739,-7.045],[-73.746,-7.051],[-73.774,-7.085],[-73.782,-7.09],[-73.789,-7.098],[-73.797,-7.103],[-73.802,-7.112],[-73.738,-7.135],[-73.568,-7.196],[-73.293,-7.296],[-73.183,-7.335],[-73.055,-7.382],[-72.9,-7.438],[-72.713,-7.505],[-72.585,-7.552],[-72.359,-7.579],[-72.169,-7.601],[-71.945,-7.627],[-71.792,-7.645],[-71.646,-7.662],[-71.382,-7.692],[-71.088,-7.726],[-70.877,-7.751],[-70.735,-7.767],[-70.515,-7.792],[-70.335,-7.813],[-70.173,-7.832],[-70.055,-7.845],[-69.989,-7.901],[-69.802,-8.061],[-69.621,-8.215],[-69.444,-8.367],[-69.31,-8.482],[-69.213,-8.564],[-69.121,-8.644],[-68.995,-8.751],[-68.921,-8.814],[-68.802,-8.916],[-68.647,-9.049],[-68.503,-9.114],[-68.354,-9.182],[-68.22,-9.243],[-68.035,-9.326],[-67.977,-9.353],[-67.766,-9.448],[-67.651,-9.5],[-67.517,-9.561],[-67.326,-9.592],[-67.326,-9.592],[-67.135,-9.676],[-67.035,-9.72],[-66.81,-9.818],[-66.781,-9.791],[-66.777,-9.769],[-66.782,-9.759],[-66.775,-9.753],[-66.768,-9.758],[-66.758,-9.76],[-66.725,-9.756],[-66.701,-9.743],[-66.692,-9.734],[-66.685,-9.715],[-66.666,-9.706],[-66.659,-9.701],[-66.624,-9.681],[-66.609,-9.665],[-66.602,-9.666],[-66.595,-9.672],[-66.586,-9.674],[-66.563,-9.66],[-66.552,-9.658],[-66.543,-9.652],[-66.537,-9.643],[-66.517,-9.639],[-66.501,-9.634],[-66.497,-9.626],[-66.497,-9.61],[-66.495,-9.602],[-66.482,-9.591],[-66.468,-9.582],[-66.457,-9.569],[-66.439,-9.554],[-66.429,-9.533],[-66.417,-9.52],[-66.403,-9.51],[-66.392,-9.501],[-66.392,-9.484],[-66.389,-9.464],[-66.391,-9.448],[-66.396,-9.438],[-66.409,-9.428],[-66.415,-9.422],[-66.414,-9.414],[-66.409,-9.407],[-66.401,-9.409],[-66.381,-9.421],[-66.375,-9.426],[-66.367,-9.425],[-66.353,-9.417],[-66.346,-9.42],[-66.342,-9.427],[-66.333,-9.428],[-66.319,-9.42],[-66.314,-9.426],[-66.315,-9.434],[-66.308,-9.437],[-66.292,-9.435],[-66.284,-9.432],[-66.29,-9.412],[-66.268,-9.41],[-66.26,-9.411],[-66.243,-9.429],[-66.235,-9.431],[-66.221,-9.425],[-66.205,-9.426],[-66.182,-9.434],[-66.174,-9.434],[-66.159,-9.427],[-66.154,-9.421],[-66.124,-9.409],[-66.116,-9.409],[-66.101,-9.414],[-66.085,-9.415],[-66.06,-9.418],[-66.046,-9.409],[-66.042,-9.402],[-66.027,-9.401],[-66.003,-9.404],[-65.986,-9.413],[-65.97,-9.413],[-65.967,-9.42],[-65.953,-9.429],[-65.952,-9.436],[-65.938,-9.443],[-65.932,-9.448],[-65.926,-9.464],[-65.918,-9.478],[-65.906,-9.488],[-65.881,-9.488],[-65.86,-9.511],[-65.853,-9.511],[-65.847,-9.516],[-65.848,-9.532],[-65.841,-9.534],[-65.825,-9.53],[-65.823,-9.546],[-65.818,-9.562],[-65.811,-9.564],[-65.805,-9.57],[-65.8,-9.585],[-65.791,-9.586],[-65.777,-9.577],[-65.771,-9.565],[-65.757,-9.569],[-65.75,-9.554],[-65.743,-9.553],[-65.73,-9.563],[-65.724,-9.559],[-65.714,-9.545],[-65.705,-9.522],[-65.696,-9.508],[-65.681,-9.5],[-65.681,-9.467],[-65.679,-9.451],[-65.673,-9.446],[-65.657,-9.449],[-65.65,-9.447],[-65.642,-9.434],[-65.611,-9.422],[-65.605,-9.417],[-65.588,-9.414],[-65.572,-9.417],[-65.548,-9.426],[-65.536,-9.438],[-65.522,-9.447],[-65.515,-9.45],[-65.507,-9.448],[-65.504,-9.455],[-65.503,-9.47],[-65.493,-9.474],[-65.477,-9.473],[-65.468,-9.459],[-65.457,-9.47],[-65.443,-9.465],[-65.435,-9.466],[-65.432,-9.459],[-65.441,-9.432],[-65.443,-9.42],[-65.455,-9.409],[-65.457,-9.401],[-65.447,-9.379],[-65.446,-9.371],[-65.448,-9.346],[-65.444,-9.33],[-65.449,-9.325],[-65.447,-9.316],[-65.44,-9.312],[-65.425,-9.318],[-65.41,-9.322],[-65.4,-9.335],[-65.394,-9.34],[-65.385,-9.338],[-65.379,-9.333],[-65.377,-9.324],[-65.351,-9.323],[-65.343,-9.309],[-65.329,-9.301],[-65.321,-9.299],[-65.307,-9.291],[-65.288,-9.277],[-65.284,-9.27],[-65.27,-9.264],[-65.254,-9.261],[-65.247,-9.258],[-65.227,-9.271],[-65.212,-9.279],[-65.207,-9.294],[-65.211,-9.301],[-65.209,-9.31],[-65.201,-9.324],[-65.191,-9.337],[-65.188,-9.345],[-65.192,-9.36],[-65.197,-9.367],[-65.196,-9.375],[-65.174,-9.385],[-65.175,-9.394],[-65.184,-9.407],[-65.187,-9.415],[-65.186,-9.427],[-65.177,-9.427],[-65.171,-9.431],[-65.155,-9.437],[-65.143,-9.447],[-65.127,-9.441],[-65.114,-9.433],[-65.098,-9.432],[-65.089,-9.425],[-65.092,-9.409],[-65.078,-9.401],[-65.07,-9.403],[-65.053,-9.402],[-65.048,-9.396],[-65.047,-9.387],[-65.036,-9.375],[-65.039,-9.36],[-65.024,-9.354],[-65.022,-9.346],[-65.006,-9.344],[-65.013,-9.329],[-65.002,-9.318],[-65.001,-9.305],[-64.986,-9.292],[-64.978,-9.29],[-64.963,-9.293],[-64.954,-9.279],[-64.954,-9.271],[-64.946,-9.268],[-64.936,-9.256],[-64.933,-9.241],[-64.921,-9.228],[-64.92,-9.22],[-64.927,-9.206],[-64.924,-9.198],[-64.932,-9.185],[-64.929,-9.178],[-64.934,-9.162],[-64.934,-9.154],[-64.939,-9.148],[-64.94,-9.125],[-64.933,-9.12],[-64.929,-9.105],[-64.925,-9.098],[-64.916,-9.075],[-64.915,-9.067],[-64.919,-9.051],[-64.917,-9.043],[-64.901,-9.047],[-64.894,-9.044],[-64.887,-9.029],[-64.881,-9.025],[-64.871,-9.012],[-64.863,-9.01],[-64.839,-8.994],[-64.824,-8.989],[-64.808,-8.986],[-64.792,-8.986],[-64.778,-8.995],[-64.775,-9.002],[-64.761,-9.021],[-64.754,-9.021],[-64.731,-9.012],[-64.719,-9.002],[-64.714,-8.994],[-64.699,-8.988],[-64.683,-8.994],[-64.677,-9.008],[-64.671,-9.015],[-64.658,-9.008],[-64.641,-9.007],[-64.611,-9.017],[-64.596,-9.01],[-64.588,-9.009],[-64.579,-9.001],[-64.579,-8.988],[-64.569,-8.992],[-64.564,-8.986],[-64.55,-8.978],[-64.534,-8.976],[-64.517,-8.979],[-64.496,-8.979],[-64.48,-8.974],[-64.471,-8.974],[-64.456,-8.978],[-64.447,-8.977],[-64.433,-8.969],[-64.409,-8.961],[-64.38,-8.947],[-64.323,-8.929],[-64.316,-8.93],[-64.31,-8.934],[-64.313,-8.951],[-64.326,-8.98],[-64.325,-8.988],[-64.311,-8.996],[-64.298,-8.996],[-64.281,-8.993],[-64.273,-8.99],[-64.257,-8.988],[-64.233,-8.992],[-64.211,-8.982],[-64.175,-8.961],[-64.167,-8.958],[-64.15,-8.959],[-64.143,-8.954],[-64.142,-8.945],[-64.144,-8.928],[-64.151,-8.905],[-64.152,-8.889],[-64.149,-8.873],[-64.153,-8.858],[-64.158,-8.843],[-64.155,-8.835],[-64.136,-8.82],[-64.129,-8.805],[-64.145,-8.776],[-64.143,-8.743],[-64.131,-8.722],[-64.125,-8.717],[-64.111,-8.725],[-64.095,-8.728],[-64.087,-8.725],[-64.075,-8.713],[-64.059,-8.71],[-64.043,-8.712],[-64.028,-8.716],[-64.029,-8.707],[-64.034,-8.701],[-64.035,-8.694],[-64.032,-8.686],[-64.02,-8.675],[-64.016,-8.668],[-64.019,-8.66],[-64.017,-8.652],[-64.01,-8.649],[-64.005,-8.642],[-64.005,-8.626],[-63.991,-8.617],[-63.986,-8.586],[-63.98,-8.581],[-63.972,-8.582],[-63.967,-8.588],[-63.966,-8.596],[-63.954,-8.607],[-63.946,-8.61],[-63.934,-8.588],[-63.925,-8.575],[-63.923,-8.559],[-63.939,-8.556],[-63.946,-8.55],[-63.944,-8.527],[-63.959,-8.509],[-63.971,-8.499],[-63.974,-8.487],[-63.973,-8.478],[-63.966,-8.471],[-63.941,-8.452],[-63.939,-8.441],[-63.954,-8.428],[-63.978,-8.42],[-63.977,-8.41],[-63.967,-8.402],[-63.956,-8.396],[-63.945,-8.388],[-63.943,-8.364],[-63.946,-8.339],[-63.944,-8.331],[-63.932,-8.325],[-63.911,-8.329],[-63.904,-8.322],[-63.895,-8.302],[-63.882,-8.291],[-63.871,-8.289],[-63.859,-8.291],[-63.847,-8.295],[-63.825,-8.306],[-63.808,-8.319],[-63.8,-8.328],[-63.791,-8.333],[-63.782,-8.329],[-63.773,-8.321],[-63.763,-8.303],[-63.76,-8.291],[-63.747,-8.27],[-63.723,-8.249],[-63.727,-8.241],[-63.738,-8.227],[-63.749,-8.208],[-63.747,-8.199],[-63.742,-8.19],[-63.723,-8.175],[-63.693,-8.158],[-63.686,-8.148],[-63.682,-8.137],[-63.67,-8.122],[-63.662,-8.101],[-63.669,-8.092],[-63.667,-8.082],[-63.651,-8.066],[-63.639,-8.047],[-63.627,-8.041],[-63.622,-8.03],[-63.627,-8.016],[-63.622,-7.995],[-63.621,-7.976],[-63.501,-7.976],[-63.327,-7.977],[-63.118,-7.977],[-63.04,-7.977],[-62.867,-7.976],[-62.853,-7.988],[-62.845,-7.987],[-62.842,-7.995],[-62.833,-7.994],[-62.821,-8.014],[-62.81,-8.025],[-62.794,-8.027],[-62.786,-8.026],[-62.78,-8.031],[-62.772,-8.031],[-62.744,-8.045],[-62.728,-8.062],[-62.725,-8.069],[-62.706,-8.085],[-62.692,-8.093],[-62.691,-8.101],[-62.679,-8.111],[-62.685,-8.116],[-62.683,-8.124],[-62.674,-8.137],[-62.673,-8.145],[-62.679,-8.161],[-62.685,-8.166],[-62.687,-8.174],[-62.677,-8.185],[-62.673,-8.193],[-62.66,-8.2],[-62.651,-8.222],[-62.655,-8.229],[-62.65,-8.237],[-62.642,-8.239],[-62.618,-8.257],[-62.61,-8.26],[-62.6,-8.272],[-62.593,-8.275],[-62.585,-8.272],[-62.581,-8.279],[-62.574,-8.281],[-62.569,-8.287],[-62.562,-8.284],[-62.557,-8.296],[-62.556,-8.307],[-62.561,-8.314],[-62.555,-8.319],[-62.556,-8.327],[-62.549,-8.342],[-62.551,-8.358],[-62.54,-8.358],[-62.532,-8.371],[-62.526,-8.375],[-62.526,-8.383],[-62.519,-8.385],[-62.501,-8.366],[-62.493,-8.364],[-62.487,-8.359],[-62.479,-8.346],[-62.465,-8.34],[-62.454,-8.349],[-62.44,-8.368],[-62.425,-8.375],[-62.408,-8.377],[-62.4,-8.375],[-62.384,-8.378],[-62.37,-8.385],[-62.361,-8.399],[-62.361,-8.424],[-62.369,-8.446],[-62.37,-8.454],[-62.364,-8.478],[-62.366,-8.494],[-62.36,-8.506],[-62.354,-8.512],[-62.337,-8.517],[-62.333,-8.528],[-62.334,-8.546],[-62.326,-8.564],[-62.328,-8.572],[-62.339,-8.587],[-62.341,-8.603],[-62.336,-8.61],[-62.321,-8.62],[-62.312,-8.622],[-62.289,-8.639],[-62.281,-8.639],[-62.279,-8.629],[-62.283,-8.62],[-62.294,-8.605],[-62.289,-8.589],[-62.274,-8.583],[-62.269,-8.576],[-62.251,-8.581],[-62.243,-8.581],[-62.229,-8.591],[-62.195,-8.595],[-62.188,-8.591],[-62.184,-8.599],[-62.175,-8.628],[-62.177,-8.637],[-62.196,-8.637],[-62.2,-8.644],[-62.181,-8.658],[-62.165,-8.679],[-62.172,-8.695],[-62.168,-8.703],[-62.154,-8.71],[-62.149,-8.718],[-62.157,-8.732],[-62.155,-8.74],[-62.144,-8.763],[-62.129,-8.795],[-62.125,-8.802],[-62.098,-8.809],[-62.09,-8.807],[-62.074,-8.799],[-62.059,-8.797],[-62.041,-8.797],[-62.031,-8.8],[-62.026,-8.807],[-62.021,-8.824],[-62.013,-8.829],[-62.004,-8.83],[-61.997,-8.841],[-61.991,-8.865],[-61.99,-8.873],[-61.985,-8.879],[-61.979,-8.873],[-61.971,-8.876],[-61.954,-8.876],[-61.938,-8.881],[-61.906,-8.874],[-61.903,-8.863],[-61.879,-8.862],[-61.86,-8.853],[-61.864,-8.832],[-61.863,-8.823],[-61.857,-8.818],[-61.861,-8.804],[-61.856,-8.789],[-61.843,-8.779],[-61.845,-8.755],[-61.841,-8.739],[-61.837,-8.733],[-61.828,-8.733],[-61.806,-8.748],[-61.79,-8.745],[-61.775,-8.748],[-61.767,-8.744],[-61.762,-8.737],[-61.764,-8.729],[-61.749,-8.724],[-61.74,-8.71],[-61.744,-8.703],[-61.742,-8.695],[-61.726,-8.694],[-61.713,-8.688],[-61.705,-8.707],[-61.697,-8.71],[-61.674,-8.705],[-61.65,-8.714],[-61.646,-8.721],[-61.631,-8.722],[-61.627,-8.729],[-61.63,-8.753],[-61.623,-8.758],[-61.62,-8.767],[-61.609,-8.787],[-61.606,-8.795],[-61.59,-8.794],[-61.583,-8.799],[-61.467,-8.799],[-61.31,-8.799],[-61.185,-8.799],[-61.014,-8.798],[-60.835,-8.798],[-60.515,-8.797],[-60.42,-8.797],[-60.33,-8.797],[-60.085,-8.8],[-60.001,-8.801],[-59.481,-8.803],[-59.289,-8.803],[-59.127,-8.803],[-58.963,-8.803],[-58.558,-8.8],[-58.443,-8.799],[-58.442,-8.799],[-58.43,-8.79],[-58.423,-8.789],[-58.416,-8.793],[-58.388,-8.775],[-58.366,-8.749],[-58.348,-8.733],[-58.332,-8.726],[-58.326,-8.72],[-58.328,-8.712],[-58.351,-8.702],[-58.376,-8.704],[-58.391,-8.709],[-58.404,-8.718],[-58.412,-8.721],[-58.434,-8.71],[-58.437,-8.703],[-58.433,-8.688],[-58.425,-8.674],[-58.414,-8.644],[-58.404,-8.631],[-58.401,-8.616],[-58.398,-8.608],[-58.391,-8.603],[-58.389,-8.595],[-58.398,-8.58],[-58.41,-8.57],[-58.41,-8.558],[-58.405,-8.538],[-58.408,-8.528],[-58.415,-8.523],[-58.42,-8.502],[-58.418,-8.489],[-58.405,-8.464],[-58.397,-8.46],[-58.396,-8.45],[-58.39,-8.439],[-58.381,-8.432],[-58.368,-8.414],[-58.361,-8.399],[-58.355,-8.393],[-58.355,-8.382],[-58.35,-8.368],[-58.352,-8.353],[-58.345,-8.341],[-58.326,-8.335],[-58.319,-8.33],[-58.315,-8.323],[-58.316,-8.306],[-58.326,-8.294],[-58.328,-8.286],[-58.321,-8.272],[-58.322,-8.256],[-58.32,-8.248],[-58.322,-8.232],[-58.321,-8.224],[-58.313,-8.209],[-58.318,-8.185],[-58.322,-8.178],[-58.322,-8.17],[-58.317,-8.155],[-58.29,-8.136],[-58.287,-8.129],[-58.292,-8.113],[-58.292,-8.104],[-58.286,-8.088],[-58.293,-8.071],[-58.31,-8.045],[-58.322,-8.025],[-58.325,-8.01],[-58.325,-7.993],[-58.331,-7.969],[-58.355,-7.944],[-58.365,-7.921],[-58.373,-7.907],[-58.375,-7.899],[-58.374,-7.872],[-58.375,-7.865],[-58.384,-7.852],[-58.385,-7.844],[-58.378,-7.827],[-58.365,-7.817],[-58.34,-7.808],[-58.334,-7.804],[-58.314,-7.787],[-58.3,-7.777],[-58.29,-7.764],[-58.283,-7.741],[-58.283,-7.715],[-58.276,-7.7],[-58.252,-7.677],[-58.24,-7.654],[-58.202,-7.621],[-58.2,-7.613],[-58.204,-7.589],[-58.217,-7.558],[-58.221,-7.542],[-58.223,-7.524],[-58.213,-7.493],[-58.212,-7.484],[-58.214,-7.467],[-58.213,-7.458],[-58.2,-7.435],[-58.173,-7.394],[-58.161,-7.382],[-58.147,-7.37],[-58.137,-7.356],[-58.147,-7.343]]]},"properties":{"uf":"AM","code":13}},{"type":"Feature","geometry":{"type":"Polygon","coordinates":[[[-64.184,3.489],[-64.161,3.465],[-64.149,3.44],[-64.148,3.404],[-64.14,3.385],[-64.147,3.371],[-64.14,3.365],[-64.133,3.364],[-64.136,3.351],[-64.126,3.339],[-64.115,3.335],[-64.119,3.319],[-64.116,3.315],[-64.12,3.305],[-64.119,3.299],[-64.124,3.292],[-64.118,3.287],[-64.122,3.279],[-64.139,3.267],[-64.15,3.255],[-64.15,3.249],[-64.159,3.244],[-64.154,3.228],[-64.159,3.207],[-64.168,3.204],[-64.177,3.179],[-64.181,3.171],[-64.193,3.159],[-64.2,3.165],[-64.211,3.154],[-64.22,3.151],[-64.226,3.132],[-64.216,3.102],[-64.214,3.091],[-64.208,3.082],[-64.199,3.082],[-64.186,3.068],[-64.175,3.062],[-64.179,3.055],[-64.175,3.051],[-64.158,3.046],[-64.156,3.04],[-64.148,3.036],[-64.145,3.026],[-64.147,3.011],[-64.161,2.987],[-64.145,2.986],[-64.139,2.991],[-64.132,2.987],[-64.119,2.986],[-64.112,2.97],[-64.107,2.966],[-64.108,2.954],[-64.101,2.952],[-64.094,2.94],[-64.094,2.935],[-64.084,2.931],[-64.073,2.923],[-64.07,2.917],[-64.078,2.906],[-64.071,2.903],[-64.07,2.891],[-64.078,2.88],[-64.076,2.87],[-64.068,2.87],[-64.053,2.856],[-64.047,2.84],[-64.041,2.832],[-64.034,2.831],[-64.015,2.812],[-64.018,2.795],[-64.014,2.786],[-64.016,2.778],[-64.004,2.773],[-63.997,2.766],[-64.006,2.753],[-63.998,2.735],[-63.991,2.736],[-63.983,2.728],[-63.987,2.716],[-63.997,2.711],[-64.007,2.709],[-63.998,2.691],[-63.989,2.69],[-63.987,2.684],[-63.991,2.671],[-63.986,2.649],[-63.997,2.632],[-64.008,2.628],[-64.011,2.618],[-64.01,2.605],[-64.029,2.586],[-64.027,2.577],[-64.034,2.575],[-64.043,2.58],[-64.049,2.567],[-64.045,2.554],[-64.047,2.549],[-64.046,2.533],[-64.048,2.518],[-64.054,2.517],[-64.062,2.504],[-64.056,2.496],[-64.043,2.496],[-64.039,2.485],[-64.034,2.485],[-64.023,2.465],[-64.008,2.481],[-64.0,2.479],[-63.982,2.467],[-63.977,2.465],[-63.96,2.473],[-63.955,2.46],[-63.94,2.463],[-63.934,2.457],[-63.92,2.474],[-63.9,2.47],[-63.895,2.466],[-63.882,2.469],[-63.871,2.483],[-63.856,2.487],[-63.849,2.493],[-63.834,2.492],[-63.83,2.486],[-63.819,2.487],[-63.811,2.482],[-63.798,2.48],[-63.795,2.473],[-63.784,2.471],[-63.782,2.457],[-63.762,2.444],[-63.75,2.442],[-63.737,2.446],[-63.731,2.455],[-63.727,2.449],[-63.719,2.445],[-63.712,2.449],[-63.712,2.454],[-63.704,2.458],[-63.691,2.458],[-63.689,2.446],[-63.683,2.442],[-63.676,2.445],[-63.653,2.442],[-63.646,2.447],[-63.637,2.441],[-63.617,2.451],[-63.607,2.447],[-63.604,2.457],[-63.582,2.452],[-63.578,2.449],[-63.555,2.447],[-63.557,2.441],[-63.553,2.43],[-63.539,2.425],[-63.52,2.422],[-63.51,2.426],[-63.499,2.426],[-63.495,2.435],[-63.488,2.437],[-63.48,2.434],[-63.471,2.411],[-63.463,2.402],[-63.455,2.403],[-63.456,2.412],[-63.442,2.417],[-63.441,2.43],[-63.436,2.442],[-63.428,2.447],[-63.423,2.445],[-63.415,2.454],[-63.404,2.431],[-63.398,2.428],[-63.387,2.432],[-63.382,2.426],[-63.372,2.426],[-63.372,2.418],[-63.367,2.408],[-63.364,2.389],[-63.356,2.388],[-63.355,2.382],[-63.367,2.366],[-63.376,2.357],[-63.376,2.34],[-63.368,2.331],[-63.361,2.327],[-63.367,2.312],[-63.361,2.302],[-63.368,2.29],[-63.36,2.269],[-63.37,2.249],[-63.367,2.242],[-63.374,2.24],[-63.38,2.229],[-63.372,2.212],[-63.36,2.197],[-63.338,2.184],[-63.311,2.165],[-63.289,2.157],[-63.276,2.154],[-63.236,2.167],[-63.194,2.181],[-63.166,2.18],[-63.159,2.174],[-63.146,2.173],[-63.138,2.161],[-63.139,2.143],[-63.136,2.135],[-63.12,2.096],[-63.107,2.079],[-63.086,2.061],[-63.077,2.046],[-63.071,2.04],[-63.054,2.029],[-63.024,2.015],[-63.011,2.015],[-62.98,2.018],[-62.949,2.031],[-62.933,2.027],[-62.907,2.024],[-62.887,2.022],[-62.839,2.016],[-62.829,2.013],[-62.822,2.001],[-62.813,1.992],[-62.78,1.978],[-62.759,1.973],[-62.73,1.96],[-62.715,1.951],[-62.703,1.934],[-62.699,1.912],[-62.699,1.901],[-62.704,1.874],[-62.731,1.818],[-62.731,1.799],[-62.727,1.776],[-62.727,1.75],[-62.722,1.722],[-62.724,1.712],[-62.729,1.7],[-62.756,1.676],[-62.766,1.671],[-62.773,1.656],[-62.793,1.635],[-62.806,1.604],[-62.805,1.591],[-62.801,1.587],[-62.782,1.573],[-62.757,1.548],[-62.75,1.536],[-62.736,1.53],[-62.731,1.5],[-62.721,1.488],[-62.699,1.475],[-62.677,1.455],[-62.657,1.448],[-62.64,1.438],[-62.636,1.432],[-62.627,1.412],[-62.62,1.404],[-62.62,1.363],[-62.611,1.353],[-62.61,1.343],[-62.602,1.326],[-62.597,1.29],[-62.587,1.256],[-62.577,1.227],[-62.559,1.188],[-62.553,1.167],[-62.55,1.144],[-62.545,1.121],[-62.53,1.089],[-62.521,1.084],[-62.498,1.084],[-62.485,1.088],[-62.472,1.086],[-62.473,1.067],[-62.478,1.057],[-62.479,1.048],[-62.474,1.04],[-62.478,1.028],[-62.475,1.016],[-62.464,1.002],[-62.462,0.995],[-62.45,0.984],[-62.446,0.977],[-62.443,0.959],[-62.448,0.943],[-62.454,0.935],[-62.467,0.924],[-62.471,0.917],[-62.477,0.895],[-62.485,0.876],[-62.486,0.858],[-62.481,0.843],[-62.466,0.829],[-62.463,0.821],[-62.459,0.8],[-62.458,0.785],[-62.463,0.777],[-62.479,0.766],[-62.501,0.748],[-62.521,0.721],[-62.533,0.701],[-62.538,0.675],[-62.533,0.648],[-62.528,0.629],[-62.527,0.617],[-62.519,0.594],[-62.518,0.584],[-62.521,0.575],[-62.524,0.556],[-62.528,0.547],[-62.53,0.527],[-62.533,0.509],[-62.523,0.486],[-62.521,0.454],[-62.519,0.444],[-62.509,0.441],[-62.499,0.445],[-62.485,0.454],[-62.468,0.426],[-62.459,0.418],[-62.456,0.41],[-62.456,0.392],[-62.446,0.379],[-62.453,0.373],[-62.452,0.365],[-62.461,0.353],[-62.462,0.342],[-62.467,0.333],[-62.459,0.314],[-62.465,0.284],[-62.468,0.276],[-62.467,0.268],[-62.454,0.244],[-62.455,0.235],[-62.453,0.207],[-62.447,0.2],[-62.439,0.195],[-62.434,0.188],[-62.429,0.173],[-62.428,0.161],[-62.424,0.153],[-62.424,0.135],[-62.428,0.128],[-62.423,0.116],[-62.422,0.098],[-62.416,0.091],[-62.409,0.075],[-62.386,0.06],[-62.37,0.058],[-62.35,0.035],[-62.346,0.034],[-62.337,0.022],[-62.333,0.004],[-62.326,-0.003],[-62.323,-0.015],[-62.325,-0.021],[-62.321,-0.035],[-62.319,-0.057],[-62.328,-0.058],[-62.326,-0.066],[-62.319,-0.065],[-62.315,-0.069],[-62.322,-0.077],[-62.312,-0.085],[-62.319,-0.088],[-62.32,-0.096],[-62.309,-0.103],[-62.306,-0.112],[-62.297,-0.117],[-62.289,-0.133],[-62.282,-0.138],[-62.278,-0.15],[-62.271,-0.153],[-62.261,-0.162],[-62.242,-0.171],[-62.242,-0.183],[-62.247,-0.191],[-62.244,-0.206],[-62.253,-0.213],[-62.25,-0.219],[-62.252,-0.231],[-62.249,-0.238],[-62.251,-0.246],[-62.24,-0.246],[-62.245,-0.261],[-62.253,-0.27],[-62.249,-0.285],[-62.243,-0.29],[-62.248,-0.296],[-62.24,-0.301],[-62.228,-0.315],[-62.219,-0.306],[-62.209,-0.311],[-62.203,-0.317],[-62.189,-0.322],[-62.187,-0.328],[-62.194,-0.335],[-62.193,-0.342],[-62.197,-0.363],[-62.208,-0.366],[-62.202,-0.387],[-62.214,-0.387],[-62.217,-0.392],[-62.218,-0.404],[-62.225,-0.412],[-62.233,-0.424],[-62.24,-0.421],[-62.245,-0.433],[-62.254,-0.439],[-62.262,-0.435],[-62.269,-0.447],[-62.279,-0.442],[-62.28,-0.451],[-62.273,-0.464],[-62.267,-0.468],[-62.276,-0.474],[-62.285,-0.472],[-62.289,-0.484],[-62.285,-0.493],[-62.295,-0.497],[-62.293,-0.504],[-62.307,-0.508],[-62.309,-0.515],[-62.301,-0.526],[-62.309,-0.53],[-62.31,-0.542],[-62.316,-0.552],[-62.307,-0.559],[-62.309,-0.573],[-62.312,-0.576],[-62.299,-0.588],[-62.291,-0.599],[-62.292,-0.608],[-62.3,-0.608],[-62.302,-0.615],[-62.291,-0.621],[-62.287,-0.632],[-62.291,-0.644],[-62.298,-0.647],[-62.308,-0.658],[-62.318,-0.658],[-62.322,-0.653],[-62.33,-0.658],[-62.331,-0.666],[-62.338,-0.669],[-62.345,-0.666],[-62.352,-0.673],[-62.362,-0.672],[-62.368,-0.667],[-62.373,-0.68],[-62.367,-0.695],[-62.359,-0.696],[-62.357,-0.702],[-62.375,-0.708],[-62.375,-0.702],[-62.393,-0.709],[-62.394,-0.718],[-62.411,-0.713],[-62.413,-0.703],[-62.426,-0.697],[-62.427,-0.69],[-62.436,-0.691],[-62.445,-0.686],[-62.456,-0.689],[-62.462,-0.685],[-62.472,-0.69],[-62.487,-0.681],[-62.493,-0.688],[-62.495,-0.704],[-62.508,-0.714],[-62.506,-0.731],[-62.499,-0.734],[-62.495,-0.751],[-62.51,-0.759],[-62.504,-0.766],[-62.501,-0.781],[-62.496,-0.787],[-62.481,-0.795],[-62.465,-0.789],[-62.462,-0.802],[-62.453,-0.804],[-62.448,-0.81],[-62.443,-0.802],[-62.433,-0.804],[-62.428,-0.812],[-62.42,-0.813],[-62.396,-0.82],[-62.394,-0.829],[-62.387,-0.834],[-62.376,-0.837],[-62.38,-0.844],[-62.374,-0.849],[-62.37,-0.859],[-62.376,-0.866],[-62.367,-0.869],[-62.365,-0.877],[-62.357,-0.875],[-62.34,-0.904],[-62.329,-0.916],[-62.317,-0.914],[-62.313,-0.93],[-62.298,-0.941],[-62.294,-0.948],[-62.286,-0.944],[-62.272,-0.952],[-62.259,-0.976],[-62.241,-0.976],[-62.227,-0.973],[-62.214,-0.984],[-62.204,-0.983],[-62.2,-1.0],[-62.172,-1.006],[-62.168,-1.014],[-62.155,-1.026],[-62.145,-1.028],[-62.143,-1.037],[-62.126,-1.037],[-62.12,-1.044],[-62.111,-1.06],[-62.118,-1.077],[-62.115,-1.083],[-62.105,-1.087],[-62.1,-1.097],[-62.088,-1.1],[-62.072,-1.098],[-62.062,-1.1],[-62.04,-1.118],[-62.017,-1.142],[-62.0,-1.177],[-61.989,-1.202],[-61.988,-1.217],[-61.967,-1.243],[-61.957,-1.266],[-61.95,-1.297],[-61.946,-1.305],[-61.928,-1.321],[-61.916,-1.337],[-61.907,-1.356],[-61.906,-1.379],[-61.897,-1.395],[-61.879,-1.398],[-61.869,-1.402],[-61.84,-1.401],[-61.827,-1.402],[-61.817,-1.399],[-61.798,-1.381],[-61.79,-1.379],[-61.77,-1.383],[-61.741,-1.392],[-61.718,-1.41],[-61.69,-1.418],[-61.68,-1.423],[-61.658,-1.43],[-61.636,-1.434],[-61.605,-1.448],[-61.585,-1.464],[-61.572,-1.478],[-61.56,-1.495],[-61.557,-1.503],[-61.545,-1.526],[-61.513,-1.552],[-61.506,-1.561],[-61.483,-1.581],[-61.475,-1.579],[-61.473,-1.571],[-61.475,-1.553],[-61.471,-1.546],[-61.47,-1.538],[-61.473,-1.528],[-61.481,-1.518],[-61.493,-1.512],[-61.51,-1.507],[-61.517,-1.502],[-61.524,-1.491],[-61.533,-1.465],[-61.535,-1.452],[-61.539,-1.444],[-61.538,-1.433],[-61.548,-1.429],[-61.574,-1.429],[-61.582,-1.409],[-61.594,-1.406],[-61.603,-1.407],[-61.615,-1.403],[-61.619,-1.395],[-61.614,-1.384],[-61.6,-1.368],[-61.588,-1.361],[-61.582,-1.353],[-61.586,-1.339],[-61.597,-1.327],[-61.612,-1.308],[-61.629,-1.302],[-61.627,-1.294],[-61.61,-1.281],[-61.607,-1.274],[-61.608,-1.252],[-61.605,-1.242],[-61.599,-1.231],[-61.591,-1.211],[-61.587,-1.194],[-61.581,-1.188],[-61.572,-1.185],[-61.573,-1.179],[-61.581,-1.168],[-61.581,-1.157],[-61.571,-1.143],[-61.566,-1.129],[-61.569,-1.123],[-61.579,-1.114],[-61.578,-1.106],[-61.568,-1.103],[-61.568,-1.095],[-61.579,-1.087],[-61.573,-1.076],[-61.55,-1.072],[-61.543,-1.062],[-61.544,-1.03],[-61.548,-1.022],[-61.559,-1.014],[-61.555,-1.008],[-61.544,-1.004],[-61.543,-0.993],[-61.551,-0.983],[-61.57,-0.986],[-61.579,-0.983],[-61.581,-0.978],[-61.576,-0.955],[-61.583,-0.937],[-61.578,-0.927],[-61.577,-0.911],[-61.566,-0.898],[-61.552,-0.889],[-61.557,-0.865],[-61.547,-0.854],[-61.541,-0.852],[-61.538,-0.844],[-61.548,-0.834],[-61.547,-0.815],[-61.549,-0.804],[-61.547,-0.795],[-61.54,-0.778],[-61.536,-0.754],[-61.53,-0.749],[-61.52,-0.747],[-61.511,-0.742],[-61.485,-0.717],[-61.478,-0.705],[-61.474,-0.68],[-61.465,-0.66],[-61.458,-0.655],[-61.439,-0.656],[-61.429,-0.649],[-61.434,-0.641],[-61.434,-0.633],[-61.415,-0.631],[-61.407,-0.628],[-61.392,-0.614],[-61.373,-0.608],[-61.359,-0.597],[-61.346,-0.594],[-61.338,-0.598],[-61.329,-0.597],[-61.322,-0.593],[-61.309,-0.579],[-61.302,-0.575],[-61.292,-0.574],[-61.278,-0.576],[-61.251,-0.567],[-61.234,-0.562],[-61.228,-0.551],[-61.23,-0.543],[-61.221,-0.529],[-61.229,-0.517],[-61.229,-0.511],[-61.223,-0.5],[-61.212,-0.499],[-61.199,-0.508],[-61.185,-0.507],[-61.169,-0.516],[-61.161,-0.513],[-61.162,-0.502],[-61.15,-0.502],[-61.133,-0.497],[-61.118,-0.507],[-61.107,-0.499],[-61.097,-0.499],[-61.079,-0.506],[-61.07,-0.513],[-61.066,-0.521],[-61.065,-0.534],[-61.057,-0.544],[-61.039,-0.547],[-61.031,-0.542],[-61.025,-0.55],[-61.005,-0.554],[-60.995,-0.561],[-60.984,-0.562],[-60.972,-0.559],[-60.96,-0.552],[-60.948,-0.558],[-60.934,-0.548],[-60.924,-0.563],[-60.921,-0.579],[-60.927,-0.589],[-60.925,-0.596],[-60.928,-0.606],[-60.917,-0.613],[-60.92,-0.62],[-60.908,-0.63],[-60.903,-0.637],[-60.892,-0.645],[-60.871,-0.638],[-60.862,-0.645],[-60.858,-0.655],[-60.861,-0.67],[-60.855,-0.686],[-60.843,-0.686],[-60.815,-0.69],[-60.807,-0.694],[-60.81,-0.703],[-60.804,-0.712],[-60.803,-0.723],[-60.81,-0.727],[-60.806,-0.74],[-60.793,-0.742],[-60.789,-0.752],[-60.783,-0.747],[-60.772,-0.754],[-60.778,-0.774],[-60.782,-0.775],[-60.787,-0.784],[-60.778,-0.789],[-60.768,-0.79],[-60.76,-0.787],[-60.759,-0.794],[-60.77,-0.801],[-60.763,-0.813],[-60.769,-0.825],[-60.763,-0.834],[-60.762,-0.849],[-60.766,-0.857],[-60.761,-0.864],[-60.752,-0.863],[-60.75,-0.855],[-60.74,-0.859],[-60.736,-0.852],[-60.728,-0.853],[-60.727,-0.861],[-60.719,-0.859],[-60.705,-0.861],[-60.697,-0.869],[-60.684,-0.866],[-60.672,-0.87],[-60.663,-0.881],[-60.647,-0.872],[-60.638,-0.874],[-60.633,-0.862],[-60.621,-0.864],[-60.619,-0.852],[-60.595,-0.865],[-60.594,-0.851],[-60.588,-0.843],[-60.574,-0.85],[-60.558,-0.851],[-60.556,-0.863],[-60.543,-0.863],[-60.536,-0.87],[-60.519,-0.86],[-60.503,-0.841],[-60.504,-0.833],[-60.518,-0.827],[-60.507,-0.815],[-60.499,-0.817],[-60.493,-0.811],[-60.493,-0.799],[-60.49,-0.79],[-60.498,-0.781],[-60.488,-0.771],[-60.475,-0.762],[-60.468,-0.761],[-60.456,-0.769],[-60.447,-0.764],[-60.431,-0.766],[-60.425,-0.771],[-60.406,-0.752],[-60.395,-0.749],[-60.392,-0.755],[-60.385,-0.754],[-60.381,-0.744],[-60.384,-0.739],[-60.371,-0.732],[-60.362,-0.742],[-60.357,-0.734],[-60.347,-0.74],[-60.333,-0.725],[-60.321,-0.717],[-60.312,-0.719],[-60.304,-0.7],[-60.303,-0.688],[-60.312,-0.682],[-60.31,-0.672],[-60.305,-0.666],[-60.31,-0.657],[-60.319,-0.649],[-60.315,-0.636],[-60.322,-0.632],[-60.329,-0.635],[-60.344,-0.619],[-60.354,-0.617],[-60.36,-0.598],[-60.369,-0.589],[-60.38,-0.589],[-60.389,-0.576],[-60.379,-0.572],[-60.383,-0.554],[-60.394,-0.551],[-60.398,-0.541],[-60.4,-0.517],[-60.406,-0.515],[-60.398,-0.502],[-60.389,-0.499],[-60.391,-0.489],[-60.384,-0.476],[-60.385,-0.462],[-60.365,-0.452],[-60.356,-0.443],[-60.346,-0.438],[-60.343,-0.425],[-60.349,-0.411],[-60.343,-0.395],[-60.337,-0.391],[-60.337,-0.382],[-60.327,-0.381],[-60.325,-0.362],[-60.319,-0.358],[-60.319,-0.348],[-60.326,-0.339],[-60.324,-0.333],[-60.315,-0.327],[-60.303,-0.324],[-60.306,-0.318],[-60.302,-0.299],[-60.293,-0.29],[-60.301,-0.281],[-60.302,-0.271],[-60.307,-0.271],[-60.31,-0.262],[-60.305,-0.26],[-60.3,-0.244],[-60.294,-0.23],[-60.3,-0.21],[-60.291,-0.213],[-60.281,-0.209],[-60.281,-0.199],[-60.278,-0.193],[-60.271,-0.193],[-60.269,-0.176],[-60.258,-0.173],[-60.254,-0.165],[-60.243,-0.159],[-60.239,-0.152],[-60.227,-0.146],[-60.223,-0.139],[-60.227,-0.13],[-60.228,-0.122],[-60.237,-0.109],[-60.236,-0.104],[-60.224,-0.08],[-60.216,-0.071],[-60.211,-0.063],[-60.215,-0.058],[-60.21,-0.05],[-60.208,-0.036],[-60.204,-0.03],[-60.179,-0.007],[-60.169,-0.004],[-60.16,0.007],[-60.157,0.015],[-60.145,0.019],[-60.14,0.027],[-60.14,0.045],[-60.131,0.051],[-60.129,0.061],[-60.132,0.064],[-60.123,0.079],[-60.121,0.088],[-60.134,0.095],[-60.134,0.103],[-60.125,0.115],[-60.115,0.122],[-60.116,0.129],[-60.111,0.135],[-60.098,0.135],[-60.081,0.148],[-60.073,0.15],[-60.059,0.163],[-60.059,0.173],[-60.054,0.181],[-60.048,0.217],[-60.047,0.232],[-60.038,0.264],[-59.857,0.264],[-59.434,0.264],[-59.263,0.264],[-59.192,0.264],[-58.895,0.264],[-58.896,0.592],[-58.895,0.905],[-58.895,1.228],[-58.912,1.238],[-58.905,1.241],[-58.906,1.25],[-58.887,1.26],[-58.899,1.279],[-58.919,1.285],[-58.924,1.294],[-58.916,1.304],[-58.919,1.317],[-58.933,1.317],[-58.956,1.312],[-58.966,1.312],[-58.982,1.305],[-58.994,1.327],[-59.001,1.324],[-59.013,1.324],[-59.021,1.331],[-59.039,1.324],[-59.049,1.323],[-59.056,1.333],[-59.066,1.335],[-59.07,1.33],[-59.076,1.331],[-59.087,1.339],[-59.091,1.346],[-59.103,1.348],[-59.119,1.343],[-59.132,1.352],[-59.146,1.347],[-59.153,1.349],[-59.161,1.359],[-59.168,1.357],[-59.177,1.361],[-59.187,1.375],[-59.197,1.378],[-59.213,1.375],[-59.225,1.377],[-59.234,1.386],[-59.246,1.386],[-59.253,1.388],[-59.259,1.397],[-59.269,1.401],[-59.272,1.407],[-59.283,1.411],[-59.275,1.42],[-59.283,1.431],[-59.289,1.445],[-59.284,1.45],[-59.302,1.465],[-59.31,1.466],[-59.314,1.46],[-59.325,1.461],[-59.328,1.474],[-59.322,1.482],[-59.332,1.506],[-59.33,1.51],[-59.34,1.518],[-59.347,1.517],[-59.359,1.518],[-59.358,1.512],[-59.373,1.506],[-59.383,1.508],[-59.379,1.516],[-59.384,1.529],[-59.394,1.537],[-59.395,1.554],[-59.398,1.557],[-59.413,1.552],[-59.423,1.556],[-59.431,1.566],[-59.427,1.586],[-59.438,1.594],[-59.448,1.619],[-59.465,1.618],[-59.483,1.627],[-59.495,1.645],[-59.496,1.654],[-59.493,1.673],[-59.498,1.677],[-59.507,1.669],[-59.513,1.678],[-59.526,1.691],[-59.527,1.704],[-59.534,1.709],[-59.534,1.716],[-59.539,1.722],[-59.545,1.721],[-59.55,1.728],[-59.558,1.725],[-59.567,1.736],[-59.584,1.732],[-59.587,1.727],[-59.608,1.722],[-59.617,1.715],[-59.63,1.728],[-59.633,1.741],[-59.649,1.741],[-59.654,1.743],[-59.663,1.737],[-59.666,1.755],[-59.681,1.754],[-59.69,1.756],[-59.692,1.762],[-59.685,1.774],[-59.689,1.778],[-59.679,1.807],[-59.667,1.812],[-59.66,1.811],[-59.654,1.817],[-59.658,1.823],[-59.65,1.84],[-59.653,1.85],[-59.664,1.866],[-59.669,1.859],[-59.665,1.851],[-59.674,1.84],[-59.692,1.853],[-59.713,1.854],[-59.725,1.849],[-59.734,1.852],[-59.746,1.852],[-59.754,1.864],[-59.747,1.88],[-59.759,1.901],[-59.754,1.912],[-59.755,1.923],[-59.746,1.929],[-59.746,1.941],[-59.738,1.956],[-59.74,1.97],[-59.735,1.986],[-59.734,2.0],[-59.731,2.008],[-59.734,2.018],[-59.726,2.02],[-59.721,2.028],[-59.73,2.03],[-59.732,2.046],[-59.741,2.063],[-59.741,2.071],[-59.736,2.089],[-59.722,2.103],[-59.722,2.116],[-59.725,2.131],[-59.734,2.144],[-59.739,2.146],[-59.738,2.157],[-59.742,2.162],[-59.737,2.175],[-59.74,2.18],[-59.727,2.203],[-59.727,2.21],[-59.731,2.225],[-59.73,2.233],[-59.721,2.237],[-59.721,2.249],[-59.729,2.266],[-59.723,2.276],[-59.74,2.293],[-59.76,2.29],[-59.77,2.295],[-59.78,2.286],[-59.788,2.288],[-59.804,2.299],[-59.805,2.306],[-59.824,2.318],[-59.828,2.327],[-59.832,2.329],[-59.839,2.321],[-59.844,2.329],[-59.853,2.331],[-59.857,2.34],[-59.869,2.35],[-59.87,2.358],[-59.875,2.36],[-59.881,2.353],[-59.899,2.363],[-59.898,2.369],[-59.905,2.376],[-59.909,2.389],[-59.907,2.397],[-59.901,2.4],[-59.896,2.411],[-59.899,2.42],[-59.892,2.426],[-59.901,2.438],[-59.895,2.453],[-59.894,2.464],[-59.9,2.47],[-59.898,2.482],[-59.912,2.495],[-59.913,2.503],[-59.92,2.507],[-59.919,2.524],[-59.926,2.539],[-59.933,2.545],[-59.938,2.555],[-59.93,2.567],[-59.942,2.584],[-59.963,2.592],[-59.969,2.592],[-59.972,2.599],[-59.967,2.608],[-59.959,2.608],[-59.969,2.629],[-59.977,2.639],[-59.972,2.658],[-59.979,2.674],[-59.988,2.68],[-59.992,2.688],[-59.989,2.695],[-59.992,2.708],[-59.99,2.717],[-59.993,2.734],[-59.988,2.744],[-59.988,2.753],[-59.992,2.767],[-59.993,2.786],[-59.987,2.803],[-59.992,2.832],[-59.991,2.841],[-59.985,2.852],[-59.987,2.863],[-59.982,2.87],[-59.99,2.882],[-59.978,2.895],[-59.978,2.903],[-59.986,2.908],[-59.983,2.919],[-59.984,2.929],[-59.968,2.947],[-59.961,2.951],[-59.965,2.96],[-59.958,2.982],[-59.947,3.002],[-59.962,3.015],[-59.959,3.029],[-59.952,3.04],[-59.951,3.055],[-59.957,3.075],[-59.956,3.081],[-59.938,3.089],[-59.939,3.1],[-59.929,3.11],[-59.916,3.111],[-59.908,3.113],[-59.909,3.125],[-59.917,3.126],[-59.919,3.132],[-59.916,3.139],[-59.921,3.149],[-59.904,3.149],[-59.901,3.159],[-59.908,3.174],[-59.912,3.196],[-59.908,3.212],[-59.899,3.217],[-59.888,3.216],[-59.877,3.223],[-59.874,3.228],[-59.885,3.237],[-59.886,3.244],[-59.88,3.245],[-59.882,3.258],[-59.87,3.279],[-59.859,3.278],[-59.852,3.296],[-59.853,3.302],[-59.842,3.308],[-59.842,3.32],[-59.837,3.321],[-59.827,3.333],[-59.834,3.353],[-59.823,3.356],[-59.81,3.352],[-59.806,3.354],[-59.804,3.37],[-59.811,3.379],[-59.814,3.392],[-59.821,3.411],[-59.821,3.417],[-59.811,3.424],[-59.814,3.43],[-59.828,3.423],[-59.841,3.425],[-59.841,3.442],[-59.83,3.454],[-59.824,3.471],[-59.812,3.476],[-59.813,3.485],[-59.803,3.491],[-59.802,3.495],[-59.805,3.51],[-59.816,3.519],[-59.825,3.524],[-59.834,3.523],[-59.844,3.543],[-59.843,3.554],[-59.869,3.559],[-59.873,3.564],[-59.86,3.574],[-59.856,3.59],[-59.852,3.594],[-59.852,3.603],[-59.835,3.607],[-59.817,3.618],[-59.805,3.617],[-59.796,3.62],[-59.788,3.617],[-59.774,3.626],[-59.766,3.626],[-59.76,3.633],[-59.757,3.644],[-59.752,3.653],[-59.739,3.662],[-59.721,3.666],[-59.717,3.677],[-59.71,3.68],[-59.705,3.689],[-59.693,3.689],[-59.686,3.7],[-59.679,3.697],[-59.668,3.704],[-59.663,3.715],[-59.672,3.728],[-59.664,3.735],[-59.67,3.743],[-59.673,3.761],[-59.665,3.782],[-59.648,3.787],[-59.64,3.784],[-59.636,3.793],[-59.618,3.791],[-59.612,3.803],[-59.604,3.797],[-59.596,3.796],[-59.594,3.808],[-59.589,3.817],[-59.578,3.818],[-59.578,3.832],[-59.586,3.834],[-59.586,3.84],[-59.593,3.861],[-59.59,3.868],[-59.594,3.882],[-59.591,3.888],[-59.581,3.891],[-59.569,3.89],[-59.565,3.916],[-59.56,3.921],[-59.55,3.918],[-59.534,3.927],[-59.526,3.925],[-59.524,3.932],[-59.526,3.939],[-59.516,3.946],[-59.527,3.969],[-59.544,3.973],[-59.545,3.978],[-59.556,3.979],[-59.566,3.969],[-59.584,3.968],[-59.587,3.975],[-59.582,3.982],[-59.572,3.987],[-59.581,4.003],[-59.588,3.994],[-59.597,4.003],[-59.592,4.008],[-59.602,4.029],[-59.62,4.038],[-59.618,4.052],[-59.629,4.052],[-59.64,4.062],[-59.642,4.067],[-59.654,4.069],[-59.645,4.088],[-59.639,4.094],[-59.632,4.112],[-59.627,4.117],[-59.623,4.129],[-59.626,4.137],[-59.641,4.144],[-59.655,4.146],[-59.666,4.144],[-59.674,4.147],[-59.684,4.146],[-59.697,4.154],[-59.702,4.16],[-59.709,4.162],[-59.722,4.171],[-59.731,4.181],[-59.728,4.187],[-59.738,4.209],[-59.736,4.228],[-59.739,4.236],[-59.718,4.263],[-59.712,4.272],[-59.72,4.274],[-59.725,4.269],[-59.734,4.274],[-59.73,4.279],[-59.732,4.287],[-59.721,4.297],[-59.719,4.302],[-59.703,4.309],[-59.706,4.315],[-59.691,4.335],[-59.679,4.342],[-59.676,4.347],[-59.684,4.36],[-59.68,4.368],[-59.67,4.375],[-59.686,4.385],[-59.693,4.38],[-59.714,4.396],[-59.723,4.411],[-59.726,4.41],[-59.736,4.424],[-59.748,4.421],[-59.755,4.424],[-59.766,4.437],[-59.775,4.441],[-59.781,4.448],[-59.794,4.447],[-59.797,4.451],[-59.794,4.463],[-59.803,4.467],[-59.807,4.453],[-59.813,4.446],[-59.826,4.449],[-59.833,4.458],[-59.849,4.453],[-59.855,4.456],[-59.862,4.453],[-59.872,4.462],[-59.864,4.473],[-59.875,4.478],[-59.88,4.475],[-59.898,4.478],[-59.906,4.46],[-59.916,4.468],[-59.912,4.479],[-59.929,4.48],[-59.926,4.491],[-59.952,4.5],[-59.966,4.509],[-59.972,4.509],[-59.972,4.496],[-59.975,4.489],[-59.989,4.486],[-60.002,4.495],[-60.009,4.496],[-60.019,4.49],[-60.024,4.494],[-60.034,4.49],[-60.045,4.495],[-60.065,4.495],[-60.071,4.5],[-60.066,4.523],[-60.078,4.524],[-60.091,4.533],[-60.094,4.528],[-60.102,4.529],[-60.105,4.523],[-60.098,4.514],[-60.107,4.505],[-60.122,4.502],[-60.137,4.515],[-60.151,4.511],[-60.161,4.518],[-60.159,4.532],[-60.154,4.549],[-60.161,4.556],[-60.156,4.574],[-60.15,4.575],[-60.145,4.566],[-60.139,4.57],[-60.136,4.581],[-60.127,4.583],[-60.131,4.595],[-60.123,4.605],[-60.112,4.603],[-60.108,4.608],[-60.101,4.604],[-60.089,4.606],[-60.077,4.616],[-60.07,4.617],[-60.076,4.633],[-60.069,4.643],[-60.075,4.655],[-60.061,4.673],[-60.059,4.678],[-60.045,4.69],[-60.041,4.695],[-60.032,4.699],[-60.026,4.706],[-60.028,4.715],[-60.036,4.719],[-60.039,4.724],[-60.034,4.735],[-60.025,4.743],[-60.025,4.759],[-60.026,4.764],[-60.022,4.783],[-60.036,4.791],[-60.031,4.808],[-60.023,4.813],[-60.028,4.817],[-60.025,4.832],[-60.018,4.837],[-60.009,4.861],[-60.01,4.873],[-60.005,4.882],[-60.006,4.891],[-60.002,4.917],[-59.998,4.929],[-59.993,4.934],[-59.994,4.95],[-59.99,4.954],[-59.994,4.965],[-59.987,4.979],[-59.991,4.984],[-59.987,4.99],[-59.989,5.006],[-59.986,5.019],[-59.978,5.019],[-59.975,5.029],[-59.977,5.033],[-59.978,5.054],[-59.97,5.064],[-59.972,5.075],[-59.977,5.079],[-59.993,5.087],[-59.998,5.082],[-60.018,5.089],[-60.035,5.108],[-60.045,5.106],[-60.057,5.125],[-60.064,5.138],[-60.076,5.137],[-60.085,5.142],[-60.096,5.141],[-60.101,5.161],[-60.107,5.194],[-60.12,5.207],[-60.133,5.225],[-60.136,5.244],[-60.138,5.249],[-60.156,5.233],[-60.171,5.227],[-60.188,5.233],[-60.195,5.238],[-60.193,5.25],[-60.202,5.267],[-60.212,5.272],[-60.227,5.264],[-60.235,5.263],[-60.246,5.252],[-60.264,5.251],[-60.27,5.244],[-60.271,5.234],[-60.278,5.234],[-60.289,5.228],[-60.296,5.229],[-60.306,5.225],[-60.314,5.21],[-60.328,5.205],[-60.337,5.208],[-60.349,5.205],[-60.356,5.21],[-60.367,5.204],[-60.371,5.213],[-60.381,5.221],[-60.399,5.215],[-60.407,5.211],[-60.412,5.214],[-60.418,5.206],[-60.418,5.195],[-60.427,5.189],[-60.434,5.181],[-60.447,5.184],[-60.45,5.19],[-60.45,5.2],[-60.457,5.203],[-60.464,5.199],[-60.47,5.203],[-60.501,5.203],[-60.519,5.208],[-60.53,5.208],[-60.54,5.203],[-60.546,5.194],[-60.577,5.198],[-60.59,5.207],[-60.592,5.217],[-60.599,5.221],[-60.604,5.215],[-60.615,5.218],[-60.625,5.215],[-60.64,5.221],[-60.652,5.231],[-60.66,5.227],[-60.675,5.232],[-60.697,5.229],[-60.709,5.218],[-60.723,5.22],[-60.729,5.209],[-60.728,5.201],[-60.718,5.196],[-60.712,5.197],[-60.702,5.194],[-60.695,5.197],[-60.681,5.189],[-60.68,5.179],[-60.661,5.164],[-60.657,5.156],[-60.656,5.142],[-60.658,5.134],[-60.655,5.117],[-60.643,5.117],[-60.641,5.11],[-60.645,5.096],[-60.641,5.089],[-60.642,5.069],[-60.645,5.059],[-60.638,5.051],[-60.632,5.05],[-60.628,5.043],[-60.626,5.031],[-60.611,5.015],[-60.61,5.004],[-60.599,4.999],[-60.593,4.981],[-60.593,4.974],[-60.584,4.956],[-60.59,4.943],[-60.592,4.927],[-60.609,4.924],[-60.616,4.918],[-60.626,4.904],[-60.629,4.889],[-60.645,4.885],[-60.652,4.885],[-60.654,4.881],[-60.648,4.869],[-60.656,4.865],[-60.66,4.856],[-60.659,4.849],[-60.672,4.841],[-60.676,4.831],[-60.686,4.826],[-60.688,4.82],[-60.696,4.811],[-60.705,4.81],[-60.72,4.8],[-60.726,4.79],[-60.721,4.777],[-60.741,4.767],[-60.742,4.762],[-60.757,4.754],[-60.766,4.758],[-60.775,4.752],[-60.785,4.754],[-60.794,4.748],[-60.798,4.751],[-60.81,4.744],[-60.816,4.728],[-60.828,4.725],[-60.838,4.72],[-60.84,4.713],[-60.846,4.711],[-60.853,4.703],[-60.871,4.71],[-60.878,4.716],[-60.887,4.715],[-60.899,4.718],[-60.908,4.709],[-60.913,4.697],[-60.91,4.689],[-60.92,4.663],[-60.931,4.662],[-60.934,4.656],[-60.948,4.655],[-60.951,4.638],[-60.94,4.63],[-60.933,4.617],[-60.938,4.603],[-60.934,4.585],[-60.939,4.58],[-60.956,4.582],[-60.953,4.56],[-60.957,4.557],[-60.958,4.545],[-60.977,4.541],[-60.985,4.543],[-60.987,4.532],[-60.997,4.529],[-60.993,4.522],[-60.998,4.516],[-61.007,4.519],[-61.017,4.515],[-61.023,4.52],[-61.03,4.519],[-61.047,4.524],[-61.065,4.523],[-61.073,4.518],[-61.083,4.518],[-61.094,4.523],[-61.108,4.51],[-61.126,4.506],[-61.147,4.481],[-61.152,4.496],[-61.161,4.495],[-61.164,4.501],[-61.173,4.506],[-61.176,4.511],[-61.196,4.52],[-61.201,4.516],[-61.209,4.523],[-61.218,4.533],[-61.227,4.525],[-61.248,4.533],[-61.255,4.528],[-61.257,4.536],[-61.267,4.538],[-61.276,4.528],[-61.285,4.538],[-61.307,4.537],[-61.323,4.535],[-61.33,4.516],[-61.322,4.511],[-61.323,4.505],[-61.31,4.503],[-61.306,4.496],[-61.295,4.489],[-61.296,4.481],[-61.29,4.478],[-61.279,4.478],[-61.279,4.469],[-61.288,4.457],[-61.305,4.459],[-61.313,4.458],[-61.314,4.451],[-61.325,4.442],[-61.321,4.43],[-61.337,4.428],[-61.339,4.421],[-61.352,4.419],[-61.373,4.427],[-61.386,4.426],[-61.392,4.423],[-61.404,4.425],[-61.408,4.431],[-61.422,4.434],[-61.428,4.426],[-61.439,4.424],[-61.436,4.432],[-61.448,4.439],[-61.462,4.436],[-61.463,4.427],[-61.472,4.424],[-61.486,4.41],[-61.514,4.405],[-61.518,4.398],[-61.516,4.39],[-61.521,4.384],[-61.521,4.36],[-61.517,4.348],[-61.524,4.348],[-61.528,4.342],[-61.521,4.333],[-61.521,4.325],[-61.508,4.322],[-61.519,4.301],[-61.526,4.294],[-61.525,4.287],[-61.532,4.285],[-61.542,4.273],[-61.555,4.263],[-61.555,4.258],[-61.562,4.251],[-61.574,4.25],[-61.578,4.247],[-61.591,4.244],[-61.601,4.25],[-61.608,4.261],[-61.615,4.258],[-61.622,4.25],[-61.627,4.254],[-61.632,4.241],[-61.642,4.238],[-61.647,4.252],[-61.657,4.257],[-61.658,4.262],[-61.674,4.261],[-61.681,4.254],[-61.704,4.255],[-61.724,4.244],[-61.731,4.251],[-61.723,4.26],[-61.724,4.269],[-61.736,4.263],[-61.738,4.257],[-61.751,4.255],[-61.776,4.247],[-61.764,4.232],[-61.769,4.229],[-61.786,4.224],[-61.788,4.231],[-61.803,4.228],[-61.801,4.219],[-61.807,4.216],[-61.809,4.202],[-61.821,4.198],[-61.816,4.189],[-61.819,4.168],[-61.824,4.163],[-61.837,4.16],[-61.847,4.164],[-61.851,4.174],[-61.862,4.171],[-61.875,4.17],[-61.872,4.157],[-61.887,4.154],[-61.898,4.16],[-61.906,4.157],[-61.923,4.156],[-61.927,4.12],[-61.931,4.115],[-61.928,4.108],[-61.931,4.103],[-61.947,4.113],[-61.949,4.122],[-61.964,4.143],[-61.975,4.151],[-61.981,4.162],[-61.983,4.18],[-61.993,4.175],[-62.001,4.164],[-62.007,4.165],[-62.012,4.156],[-62.022,4.157],[-62.026,4.151],[-62.042,4.156],[-62.048,4.15],[-62.065,4.159],[-62.077,4.154],[-62.082,4.145],[-62.078,4.136],[-62.071,4.13],[-62.079,4.119],[-62.089,4.124],[-62.107,4.115],[-62.117,4.117],[-62.118,4.104],[-62.114,4.088],[-62.133,4.087],[-62.148,4.079],[-62.162,4.086],[-62.162,4.09],[-62.178,4.09],[-62.194,4.098],[-62.194,4.11],[-62.229,4.112],[-62.235,4.118],[-62.243,4.117],[-62.248,4.125],[-62.271,4.131],[-62.28,4.13],[-62.292,4.141],[-62.303,4.137],[-62.314,4.137],[-62.318,4.141],[-62.328,4.134],[-62.336,4.139],[-62.342,4.147],[-62.35,4.151],[-62.354,4.165],[-62.362,4.167],[-62.365,4.163],[-62.377,4.167],[-62.391,4.177],[-62.398,4.174],[-62.406,4.18],[-62.438,4.183],[-62.453,4.173],[-62.463,4.178],[-62.468,4.167],[-62.456,4.158],[-62.463,4.151],[-62.461,4.143],[-62.472,4.139],[-62.478,4.131],[-62.489,4.134],[-62.492,4.141],[-62.499,4.142],[-62.509,4.137],[-62.51,4.127],[-62.532,4.136],[-62.522,4.12],[-62.526,4.115],[-62.536,4.114],[-62.542,4.109],[-62.553,4.109],[-62.545,4.098],[-62.552,4.093],[-62.557,4.078],[-62.541,4.074],[-62.544,4.069],[-62.542,4.06],[-62.533,4.047],[-62.538,4.043],[-62.547,4.045],[-62.556,4.042],[-62.562,4.034],[-62.558,4.016],[-62.575,4.015],[-62.581,4.018],[-62.581,4.025],[-62.589,4.032],[-62.602,4.036],[-62.61,4.044],[-62.628,4.039],[-62.646,4.046],[-62.656,4.042],[-62.658,4.036],[-62.681,4.038],[-62.689,4.032],[-62.721,4.035],[-62.736,4.04],[-62.752,4.032],[-62.75,4.023],[-62.767,4.012],[-62.768,3.997],[-62.763,3.986],[-62.743,3.972],[-62.75,3.966],[-62.758,3.946],[-62.765,3.94],[-62.787,3.929],[-62.783,3.924],[-62.788,3.915],[-62.789,3.893],[-62.775,3.88],[-62.777,3.877],[-62.768,3.866],[-62.759,3.861],[-62.754,3.85],[-62.773,3.836],[-62.759,3.823],[-62.75,3.817],[-62.743,3.808],[-62.729,3.805],[-62.733,3.795],[-62.742,3.79],[-62.736,3.775],[-62.74,3.767],[-62.738,3.744],[-62.734,3.738],[-62.735,3.719],[-62.731,3.71],[-62.736,3.7],[-62.739,3.687],[-62.744,3.684],[-62.743,3.675],[-62.749,3.673],[-62.761,3.683],[-62.771,3.688],[-62.776,3.697],[-62.785,3.7],[-62.791,3.719],[-62.801,3.723],[-62.81,3.733],[-62.823,3.733],[-62.833,3.739],[-62.838,3.736],[-62.845,3.724],[-62.85,3.721],[-62.855,3.71],[-62.873,3.699],[-62.887,3.683],[-62.906,3.672],[-62.917,3.674],[-62.922,3.666],[-62.922,3.655],[-62.936,3.628],[-62.946,3.621],[-62.953,3.612],[-62.961,3.608],[-62.966,3.611],[-62.986,3.61],[-62.991,3.612],[-63.003,3.625],[-63.011,3.639],[-63.017,3.647],[-63.027,3.65],[-63.032,3.666],[-63.057,3.677],[-63.06,3.681],[-63.073,3.686],[-63.081,3.693],[-63.069,3.698],[-63.064,3.705],[-63.064,3.734],[-63.059,3.74],[-63.061,3.752],[-63.069,3.752],[-63.084,3.77],[-63.087,3.779],[-63.103,3.793],[-63.111,3.796],[-63.123,3.805],[-63.136,3.802],[-63.145,3.805],[-63.168,3.805],[-63.18,3.813],[-63.196,3.815],[-63.204,3.812],[-63.212,3.818],[-63.215,3.825],[-63.227,3.836],[-63.227,3.845],[-63.232,3.851],[-63.232,3.867],[-63.234,3.882],[-63.227,3.888],[-63.222,3.904],[-63.213,3.922],[-63.212,3.932],[-63.205,3.949],[-63.223,3.953],[-63.248,3.955],[-63.254,3.962],[-63.263,3.961],[-63.277,3.955],[-63.287,3.973],[-63.292,3.97],[-63.298,3.977],[-63.311,3.982],[-63.314,3.977],[-63.316,3.962],[-63.325,3.964],[-63.339,3.957],[-63.361,3.963],[-63.375,3.969],[-63.393,3.98],[-63.414,3.975],[-63.429,3.977],[-63.437,3.967],[-63.452,3.955],[-63.439,3.949],[-63.443,3.94],[-63.433,3.934],[-63.42,3.936],[-63.416,3.933],[-63.42,3.924],[-63.412,3.912],[-63.418,3.901],[-63.429,3.893],[-63.438,3.882],[-63.434,3.878],[-63.435,3.865],[-63.451,3.858],[-63.462,3.862],[-63.481,3.873],[-63.491,3.873],[-63.499,3.87],[-63.499,3.857],[-63.495,3.85],[-63.511,3.847],[-63.524,3.856],[-63.535,3.858],[-63.538,3.864],[-63.552,3.865],[-63.555,3.874],[-63.555,3.891],[-63.572,3.883],[-63.581,3.886],[-63.592,3.885],[-63.592,3.891],[-63.585,3.896],[-63.593,3.905],[-63.588,3.917],[-63.592,3.928],[-63.609,3.944],[-63.617,3.96],[-63.634,3.975],[-63.644,3.979],[-63.649,3.997],[-63.661,4.01],[-63.676,4.015],[-63.677,4.019],[-63.689,4.016],[-63.685,4.009],[-63.689,4.001],[-63.686,3.992],[-63.691,3.986],[-63.691,3.979],[-63.696,3.966],[-63.695,3.957],[-63.7,3.952],[-63.7,3.944],[-63.693,3.936],[-63.682,3.936],[-63.674,3.922],[-63.677,3.913],[-63.683,3.907],[-63.697,3.913],[-63.711,3.912],[-63.714,3.904],[-63.728,3.915],[-63.739,3.915],[-63.743,3.922],[-63.741,3.933],[-63.757,3.941],[-63.766,3.936],[-63.798,3.935],[-63.824,3.941],[-63.835,3.94],[-63.841,3.947],[-63.85,3.95],[-63.854,3.945],[-63.862,3.947],[-63.872,3.937],[-63.891,3.93],[-63.903,3.933],[-63.914,3.926],[-63.926,3.926],[-63.937,3.915],[-63.938,3.901],[-63.947,3.9],[-63.947,3.892],[-63.953,3.887],[-63.959,3.887],[-63.961,3.87],[-63.969,3.878],[-63.979,3.901],[-63.989,3.897],[-63.997,3.904],[-63.999,3.922],[-64.002,3.933],[-64.036,3.934],[-64.036,3.944],[-64.048,3.95],[-64.051,3.954],[-64.076,4.0],[-64.091,4.021],[-64.097,4.025],[-64.1,4.035],[-64.095,4.043],[-64.096,4.053],[-64.109,4.085],[-64.115,4.094],[-64.133,4.106],[-64.147,4.11],[-64.159,4.119],[-64.164,4.126],[-64.172,4.129],[-64.191,4.117],[-64.219,4.115],[-64.232,4.124],[-64.251,4.13],[-64.264,4.125],[-64.269,4.128],[-64.276,4.144],[-64.29,4.144],[-64.299,4.134],[-64.306,4.131],[-64.335,4.129],[-64.386,4.137],[-64.404,4.132],[-64.432,4.135],[-64.442,4.131],[-64.453,4.123],[-64.466,4.119],[-64.5,4.113],[-64.503,4.11],[-64.517,4.113],[-64.521,4.116],[-64.544,4.114],[-64.551,4.111],[-64.561,4.102],[-64.593,4.114],[-64.609,4.127],[-64.624,4.135],[-64.631,4.144],[-64.641,4.165],[-64.655,4.204],[-64.659,4.212],[-64.685,4.239],[-64.7,4.25],[-64.725,4.26],[-64.751,4.274],[-64.781,4.287],[-64.794,4.287],[-64.8,4.284],[-64.809,4.272],[-64.818,4.265],[-64.822,4.258],[-64.825,4.239],[-64.822,4.223],[-64.822,4.212],[-64.814,4.185],[-64.811,4.175],[-64.804,4.167],[-64.784,4.153],[-64.753,4.137],[-64.732,4.12],[-64.723,4.105],[-64.709,4.067],[-64.684,4.04],[-64.681,4.016],[-64.675,4.012],[-64.674,4.005],[-64.651,3.992],[-64.634,3.975],[-64.624,3.957],[-64.615,3.947],[-64.603,3.943],[-64.58,3.928],[-64.568,3.882],[-64.558,3.869],[-64.547,3.859],[-64.525,3.842],[-64.509,3.815],[-64.489,3.791],[-64.479,3.783],[-64.459,3.781],[-64.444,3.784],[-64.429,3.78],[-64.409,3.766],[-64.397,3.762],[-64.365,3.747],[-64.358,3.741],[-64.336,3.731],[-64.331,3.723],[-64.289,3.7],[-64.281,3.669],[-64.276,3.661],[-64.258,3.648],[-64.247,3.628],[-64.241,3.622],[-64.21,3.595],[-64.196,3.579],[-64.188,3.555],[-64.184,3.489]]]},"properties":{"uf":"RR","code":14}},{"type":"Feature","geometry":{"type":"MultiPolygon","coordinates":[[[[-48.195,-4.911],[-48.058,-4.804],[-48.025,-4.778],[-48.001,-4.759],[-47.816,-4.615],[-47.805,-4.597],[-47.799,-4.595],[-47.793,-4.586],[-47.786,-4.586],[-47.771,-4.593],[-47.754,-4.591],[-47.751,-4.601],[-47.742,-4.599],[-47.734,-4.604],[-47.725,-4.606],[-47.712,-4.603],[-47.706,-4.605],[-47.682,-4.606],[-47.68,-4.609],[-47.663,-4.597],[-47.65,-4.582],[-47.631,-4.568],[-47.615,-4.56],[-47.609,-4.55],[-47.597,-4.539],[-47.584,-4.523],[-47.578,-4.508],[-47.569,-4.492],[-47.566,-4.479],[-47.562,-4.472],[-47.537,-4.452],[-47.518,-4.427],[-47.501,-4.401],[-47.499,-4.388],[-47.489,-4.378],[-47.489,-4.369],[-47.476,-4.356],[-47.482,-4.35],[-47.476,-4.341],[-47.48,-4.329],[-47.472,-4.321],[-47.47,-4.311],[-47.459,-4.308],[-47.447,-4.296],[-47.442,-4.287],[-47.433,-4.284],[-47.429,-4.276],[-47.42,-4.279],[-47.411,-4.271],[-47.401,-4.268],[-47.392,-4.258],[-47.389,-4.25],[-47.379,-4.245],[-47.373,-4.245],[-47.376,-4.223],[-47.372,-4.212],[-47.365,-4.206],[-47.367,-4.193],[-47.361,-4.188],[-47.366,-4.181],[-47.357,-4.177],[-47.346,-4.183],[-47.34,-4.176],[-47.347,-4.157],[-47.343,-4.151],[-47.349,-4.139],[-47.344,-4.135],[-47.343,-4.126],[-47.35,-4.118],[-47.347,-4.109],[-47.343,-4.097],[-47.331,-4.091],[-47.334,-4.08],[-47.331,-4.069],[-47.326,-4.069],[-47.319,-4.048],[-47.309,-4.054],[-47.293,-4.052],[-47.294,-4.043],[-47.286,-4.045],[-47.281,-4.033],[-47.267,-4.034],[-47.267,-4.025],[-47.255,-4.019],[-47.248,-4.013],[-47.24,-4.0],[-47.223,-4.001],[-47.221,-3.99],[-47.206,-3.989],[-47.202,-3.981],[-47.195,-3.986],[-47.188,-3.98],[-47.193,-3.975],[-47.193,-3.969],[-47.182,-3.967],[-47.178,-3.961],[-47.184,-3.948],[-47.169,-3.941],[-47.174,-3.934],[-47.173,-3.924],[-47.163,-3.922],[-47.161,-3.918],[-47.148,-3.914],[-47.15,-3.901],[-47.144,-3.899],[-47.135,-3.902],[-47.131,-3.896],[-47.136,-3.885],[-47.127,-3.877],[-47.112,-3.878],[-47.104,-3.873],[-47.1,-3.861],[-47.089,-3.862],[-47.085,-3.857],[-47.084,-3.841],[-47.08,-3.836],[-47.086,-3.828],[-47.073,-3.818],[-47.078,-3.812],[-47.075,-3.804],[-47.068,-3.803],[-47.064,-3.791],[-47.059,-3.784],[-47.064,-3.78],[-47.058,-3.772],[-47.058,-3.766],[-47.065,-3.761],[-47.053,-3.747],[-47.053,-3.738],[-47.06,-3.727],[-47.049,-3.714],[-47.046,-3.705],[-47.051,-3.699],[-47.049,-3.689],[-47.053,-3.682],[-47.039,-3.673],[-47.045,-3.667],[-47.051,-3.653],[-47.041,-3.641],[-47.046,-3.638],[-47.045,-3.624],[-47.038,-3.606],[-47.031,-3.605],[-47.031,-3.595],[-47.038,-3.589],[-47.03,-3.581],[-47.038,-3.564],[-47.031,-3.56],[-47.019,-3.566],[-47.016,-3.554],[-47.004,-3.543],[-47.004,-3.534],[-46.994,-3.539],[-46.986,-3.53],[-46.976,-3.53],[-46.978,-3.518],[-46.97,-3.513],[-46.982,-3.496],[-46.969,-3.489],[-46.961,-3.489],[-46.97,-3.476],[-46.958,-3.473],[-46.949,-3.477],[-46.949,-3.466],[-46.956,-3.461],[-46.95,-3.454],[-46.942,-3.449],[-46.956,-3.426],[-46.948,-3.424],[-46.941,-3.414],[-46.947,-3.411],[-46.948,-3.402],[-46.936,-3.391],[-46.939,-3.376],[-46.927,-3.376],[-46.912,-3.362],[-46.904,-3.365],[-46.899,-3.35],[-46.895,-3.345],[-46.884,-3.337],[-46.877,-3.342],[-46.868,-3.341],[-46.859,-3.343],[-46.849,-3.337],[-46.852,-3.33],[-46.846,-3.319],[-46.841,-3.325],[-46.832,-3.313],[-46.815,-3.312],[-46.812,-3.302],[-46.821,-3.293],[-46.811,-3.291],[-46.809,-3.283],[-46.819,-3.277],[-46.819,-3.268],[-46.809,-3.272],[-46.802,-3.266],[-46.806,-3.257],[-46.807,-3.245],[-46.797,-3.24],[-46.785,-3.244],[-46.779,-3.241],[-46.778,-3.23],[-46.782,-3.223],[-46.779,-3.217],[-46.765,-3.215],[-46.757,-3.21],[-46.772,-3.204],[-46.77,-3.199],[-46.758,-3.193],[-46.761,-3.186],[-46.77,-3.182],[-46.769,-3.176],[-46.752,-3.189],[-46.744,-3.179],[-46.749,-3.167],[-46.739,-3.162],[-46.729,-3.162],[-46.723,-3.159],[-46.72,-3.151],[-46.73,-3.144],[-46.728,-3.13],[-46.745,-3.137],[-46.75,-3.124],[-46.736,-3.121],[-46.731,-3.124],[-46.724,-3.111],[-46.719,-3.109],[-46.713,-3.114],[-46.716,-3.124],[-46.706,-3.125],[-46.705,-3.116],[-46.707,-3.101],[-46.693,-3.097],[-46.689,-3.093],[-46.676,-3.094],[-46.682,-3.074],[-46.673,-3.067],[-46.677,-3.034],[-46.667,-3.028],[-46.672,-3.021],[-46.669,-3.006],[-46.674,-3.002],[-46.669,-2.993],[-46.661,-2.997],[-46.65,-2.996],[-46.649,-2.983],[-46.654,-2.978],[-46.647,-2.97],[-46.648,-2.961],[-46.655,-2.956],[-46.668,-2.955],[-46.673,-2.945],[-46.667,-2.936],[-46.655,-2.932],[-46.673,-2.893],[-46.681,-2.894],[-46.681,-2.883],[-46.668,-2.876],[-46.654,-2.878],[-46.649,-2.884],[-46.639,-2.884],[-46.641,-2.854],[-46.636,-2.853],[-46.621,-2.86],[-46.611,-2.853],[-46.611,-2.846],[-46.615,-2.837],[-46.615,-2.829],[-46.603,-2.834],[-46.59,-2.846],[-46.581,-2.835],[-46.582,-2.829],[-46.591,-2.832],[-46.591,-2.82],[-46.6,-2.818],[-46.601,-2.813],[-46.599,-2.796],[-46.602,-2.789],[-46.609,-2.791],[-46.61,-2.799],[-46.618,-2.805],[-46.626,-2.807],[-46.639,-2.791],[-46.637,-2.777],[-46.631,-2.771],[-46.637,-2.754],[-46.651,-2.759],[-46.653,-2.749],[-46.659,-2.741],[-46.653,-2.735],[-46.654,-2.729],[-46.67,-2.735],[-46.668,-2.722],[-46.672,-2.717],[-46.671,-2.706],[-46.663,-2.694],[-46.638,-2.687],[-46.632,-2.68],[-46.633,-2.673],[-46.619,-2.665],[-46.618,-2.656],[-46.622,-2.645],[-46.611,-2.644],[-46.606,-2.639],[-46.597,-2.664],[-46.59,-2.662],[-46.587,-2.64],[-46.579,-2.631],[-46.567,-2.627],[-46.558,-2.631],[-46.547,-2.626],[-46.529,-2.623],[-46.52,-2.619],[-46.507,-2.617],[-46.509,-2.591],[-46.502,-2.581],[-46.493,-2.584],[-46.487,-2.575],[-46.488,-2.569],[-46.497,-2.563],[-46.502,-2.547],[-46.491,-2.538],[-46.474,-2.547],[-46.458,-2.541],[-46.445,-2.538],[-46.43,-2.537],[-46.419,-2.532],[-46.42,-2.526],[-46.432,-2.521],[-46.437,-2.508],[-46.43,-2.501],[-46.43,-2.496],[-46.439,-2.485],[-46.44,-2.474],[-46.436,-2.471],[-46.441,-2.452],[-46.439,-2.441],[-46.442,-2.419],[-46.439,-2.413],[-46.428,-2.402],[-46.422,-2.385],[-46.413,-2.379],[-46.409,-2.371],[-46.413,-2.364],[-46.432,-2.365],[-46.446,-2.382],[-46.454,-2.386],[-46.466,-2.379],[-46.466,-2.368],[-46.463,-2.362],[-46.453,-2.357],[-46.436,-2.341],[-46.432,-2.335],[-46.431,-2.324],[-46.433,-2.317],[-46.433,-2.301],[-46.431,-2.294],[-46.423,-2.288],[-46.416,-2.274],[-46.418,-2.259],[-46.431,-2.244],[-46.431,-2.235],[-46.411,-2.229],[-46.406,-2.238],[-46.391,-2.25],[-46.377,-2.246],[-46.368,-2.231],[-46.355,-2.224],[-46.347,-2.222],[-46.344,-2.209],[-46.339,-2.204],[-46.336,-2.194],[-46.327,-2.186],[-46.304,-2.17],[-46.296,-2.165],[-46.283,-2.154],[-46.3,-2.146],[-46.301,-2.142],[-46.289,-2.135],[-46.284,-2.128],[-46.273,-2.12],[-46.269,-2.104],[-46.269,-2.091],[-46.278,-2.079],[-46.274,-2.066],[-46.275,-2.055],[-46.263,-2.049],[-46.26,-2.035],[-46.25,-2.018],[-46.252,-2.002],[-46.236,-1.966],[-46.234,-1.942],[-46.223,-1.915],[-46.223,-1.91],[-46.229,-1.889],[-46.24,-1.888],[-46.243,-1.879],[-46.237,-1.872],[-46.226,-1.857],[-46.215,-1.846],[-46.211,-1.831],[-46.217,-1.82],[-46.23,-1.803],[-46.259,-1.795],[-46.269,-1.796],[-46.285,-1.801],[-46.295,-1.794],[-46.31,-1.806],[-46.318,-1.796],[-46.325,-1.773],[-46.322,-1.759],[-46.315,-1.742],[-46.312,-1.733],[-46.295,-1.727],[-46.266,-1.733],[-46.248,-1.721],[-46.239,-1.723],[-46.231,-1.729],[-46.221,-1.731],[-46.211,-1.727],[-46.205,-1.718],[-46.203,-1.705],[-46.193,-1.708],[-46.174,-1.7],[-46.168,-1.692],[-46.159,-1.685],[-46.155,-1.675],[-46.157,-1.664],[-46.164,-1.654],[-46.166,-1.634],[-46.161,-1.623],[-46.149,-1.615],[-46.147,-1.606],[-46.154,-1.599],[-46.155,-1.594],[-46.145,-1.591],[-46.134,-1.582],[-46.136,-1.563],[-46.143,-1.54],[-46.144,-1.518],[-46.154,-1.506],[-46.165,-1.496],[-46.164,-1.487],[-46.176,-1.477],[-46.163,-1.463],[-46.144,-1.45],[-46.138,-1.437],[-46.14,-1.433],[-46.154,-1.426],[-46.152,-1.419],[-46.142,-1.412],[-46.135,-1.395],[-46.13,-1.377],[-46.116,-1.367],[-46.115,-1.352],[-46.104,-1.337],[-46.11,-1.333],[-46.125,-1.335],[-46.131,-1.327],[-46.129,-1.318],[-46.133,-1.31],[-46.147,-1.309],[-46.15,-1.306],[-46.162,-1.282],[-46.159,-1.275],[-46.143,-1.255],[-46.14,-1.248],[-46.151,-1.233],[-46.149,-1.226],[-46.133,-1.21],[-46.104,-1.202],[-46.098,-1.196],[-46.087,-1.158],[-46.087,-1.134],[-46.076,-1.115],[-46.063,-1.106],[-46.062,-1.097],[-46.066,-1.086],[-46.082,-1.065],[-46.091,-1.061],[-46.094,-1.055],[-46.088,-1.049],[-46.072,-1.046],[-46.07,-1.037],[-46.076,-1.025],[-46.087,-1.02],[-46.095,-1.021],[-46.113,-1.038],[-46.124,-1.042],[-46.141,-1.058],[-46.148,-1.072],[-46.153,-1.089],[-46.165,-1.089],[-46.172,-1.085],[-46.168,-1.069],[-46.155,-1.063],[-46.151,-1.051],[-46.151,-1.036],[-46.157,-1.032],[-46.156,-1.018],[-46.16,-1.005],[-46.17,-0.999],[-46.179,-1.003],[-46.184,-1.014],[-46.187,-1.033],[-46.184,-1.053],[-46.188,-1.072],[-46.194,-1.08],[-46.208,-1.09],[-46.214,-1.097],[-46.23,-1.105],[-46.24,-1.098],[-46.219,-1.074],[-46.206,-1.064],[-46.205,-1.052],[-46.208,-1.035],[-46.215,-1.026],[-46.218,-1.009],[-46.218,-0.993],[-46.222,-0.984],[-46.213,-0.979],[-46.193,-0.956],[-46.191,-0.949],[-46.181,-0.953],[-46.176,-0.943],[-46.178,-0.918],[-46.182,-0.909],[-46.195,-0.896],[-46.201,-0.887],[-46.208,-0.886],[-46.22,-0.892],[-46.247,-0.903],[-46.265,-0.913],[-46.271,-0.934],[-46.271,-0.945],[-46.267,-0.951],[-46.267,-0.961],[-46.274,-0.974],[-46.29,-0.985],[-46.288,-0.999],[-46.307,-1.01],[-46.31,-1.018],[-46.324,-1.025],[-46.335,-1.025],[-46.337,-1.022],[-46.346,-1.007],[-46.362,-1.011],[-46.367,-1.014],[-46.372,-1.028],[-46.384,-1.025],[-46.389,-1.021],[-46.397,-1.007],[-46.395,-0.998],[-46.404,-0.997],[-46.416,-1.001],[-46.424,-1.012],[-46.428,-1.024],[-46.437,-1.027],[-46.451,-1.028],[-46.469,-1.025],[-46.474,-1.01],[-46.466,-1.006],[-46.465,-0.998],[-46.469,-0.981],[-46.474,-0.977],[-46.495,-0.976],[-46.494,-0.97],[-46.477,-0.964],[-46.467,-0.955],[-46.463,-0.946],[-46.464,-0.934],[-46.48,-0.924],[-46.476,-0.918],[-46.467,-0.914],[-46.46,-0.903],[-46.446,-0.911],[-46.422,-0.897],[-46.41,-0.888],[-46.412,-0.879],[-46.424,-0.867],[-46.445,-0.869],[-46.447,-0.872],[-46.466,-0.873],[-46.459,-0.885],[-46.469,-0.891],[-46.471,-0.885],[-46.48,-0.883],[-46.49,-0.874],[-46.496,-0.872],[-46.515,-0.885],[-46.506,-0.897],[-46.515,-0.919],[-46.515,-0.93],[-46.522,-0.933],[-46.53,-0.946],[-46.531,-0.953],[-46.538,-0.952],[-46.538,-0.941],[-46.533,-0.909],[-46.544,-0.908],[-46.557,-0.919],[-46.559,-0.936],[-46.563,-0.943],[-46.575,-0.974],[-46.576,-0.981],[-46.587,-0.979],[-46.601,-0.957],[-46.611,-0.958],[-46.627,-0.961],[-46.636,-0.969],[-46.642,-0.949],[-46.63,-0.936],[-46.625,-0.921],[-46.63,-0.915],[-46.637,-0.914],[-46.635,-0.896],[-46.629,-0.892],[-46.63,-0.883],[-46.623,-0.882],[-46.616,-0.859],[-46.611,-0.856],[-46.602,-0.858],[-46.596,-0.852],[-46.596,-0.842],[-46.604,-0.827],[-46.613,-0.816],[-46.62,-0.813],[-46.619,-0.806],[-46.629,-0.801],[-46.627,-0.811],[-46.631,-0.815],[-46.641,-0.805],[-46.64,-0.796],[-46.645,-0.793],[-46.665,-0.791],[-46.681,-0.796],[-46.668,-0.806],[-46.663,-0.814],[-46.673,-0.815],[-46.677,-0.821],[-46.676,-0.831],[-46.672,-0.838],[-46.67,-0.85],[-46.676,-0.853],[-46.679,-0.845],[-46.692,-0.834],[-46.711,-0.84],[-46.716,-0.844],[-46.718,-0.862],[-46.721,-0.867],[-46.735,-0.862],[-46.734,-0.837],[-46.742,-0.829],[-46.74,-0.822],[-46.746,-0.814],[-46.754,-0.814],[-46.759,-0.806],[-46.764,-0.804],[-46.766,-0.84],[-46.775,-0.842],[-46.786,-0.851],[-46.789,-0.859],[-46.788,-0.868],[-46.796,-0.871],[-46.806,-0.871],[-46.809,-0.861],[-46.807,-0.835],[-46.813,-0.827],[-46.828,-0.842],[-46.834,-0.826],[-46.841,-0.82],[-46.826,-0.811],[-46.825,-0.803],[-46.84,-0.791],[-46.824,-0.791],[-46.826,-0.779],[-46.832,-0.77],[-46.829,-0.766],[-46.836,-0.747],[-46.85,-0.739],[-46.862,-0.742],[-46.872,-0.751],[-46.862,-0.754],[-46.863,-0.76],[-46.877,-0.761],[-46.884,-0.767],[-46.883,-0.777],[-46.884,-0.808],[-46.894,-0.814],[-46.901,-0.815],[-46.913,-0.821],[-46.918,-0.84],[-46.916,-0.852],[-46.924,-0.858],[-46.929,-0.865],[-46.937,-0.87],[-46.943,-0.865],[-46.943,-0.859],[-46.937,-0.854],[-46.943,-0.838],[-46.945,-0.826],[-46.942,-0.807],[-46.951,-0.801],[-46.948,-0.795],[-46.963,-0.78],[-46.97,-0.767],[-46.965,-0.76],[-46.953,-0.748],[-46.946,-0.731],[-46.957,-0.716],[-46.958,-0.711],[-46.975,-0.704],[-46.991,-0.712],[-46.989,-0.719],[-46.997,-0.74],[-47.004,-0.749],[-47.003,-0.761],[-47.008,-0.769],[-47.017,-0.768],[-47.028,-0.764],[-47.037,-0.781],[-47.035,-0.791],[-47.047,-0.798],[-47.064,-0.795],[-47.063,-0.785],[-47.067,-0.775],[-47.077,-0.771],[-47.082,-0.764],[-47.081,-0.754],[-47.086,-0.751],[-47.096,-0.756],[-47.099,-0.753],[-47.091,-0.74],[-47.089,-0.73],[-47.091,-0.719],[-47.084,-0.709],[-47.078,-0.713],[-47.074,-0.705],[-47.075,-0.694],[-47.092,-0.674],[-47.098,-0.672],[-47.107,-0.676],[-47.121,-0.676],[-47.131,-0.685],[-47.124,-0.694],[-47.14,-0.698],[-47.131,-0.71],[-47.133,-0.722],[-47.137,-0.733],[-47.145,-0.742],[-47.156,-0.743],[-47.159,-0.749],[-47.16,-0.762],[-47.172,-0.763],[-47.178,-0.746],[-47.178,-0.739],[-47.166,-0.726],[-47.166,-0.712],[-47.169,-0.706],[-47.167,-0.696],[-47.171,-0.676],[-47.177,-0.673],[-47.196,-0.69],[-47.198,-0.697],[-47.209,-0.696],[-47.212,-0.682],[-47.207,-0.675],[-47.205,-0.65],[-47.212,-0.646],[-47.218,-0.633],[-47.236,-0.629],[-47.25,-0.627],[-47.262,-0.624],[-47.258,-0.636],[-47.253,-0.637],[-47.252,-0.646],[-47.262,-0.648],[-47.272,-0.645],[-47.281,-0.638],[-47.295,-0.642],[-47.286,-0.626],[-47.286,-0.603],[-47.296,-0.596],[-47.316,-0.592],[-47.339,-0.6],[-47.351,-0.601],[-47.348,-0.611],[-47.355,-0.613],[-47.364,-0.607],[-47.368,-0.6],[-47.381,-0.601],[-47.386,-0.605],[-47.385,-0.613],[-47.373,-0.618],[-47.367,-0.624],[-47.37,-0.63],[-47.389,-0.635],[-47.395,-0.654],[-47.403,-0.655],[-47.418,-0.647],[-47.425,-0.645],[-47.426,-0.657],[-47.43,-0.651],[-47.431,-0.641],[-47.424,-0.632],[-47.411,-0.604],[-47.415,-0.592],[-47.421,-0.585],[-47.443,-0.585],[-47.474,-0.592],[-47.471,-0.596],[-47.48,-0.606],[-47.485,-0.618],[-47.473,-0.628],[-47.475,-0.644],[-47.479,-0.657],[-47.472,-0.672],[-47.475,-0.678],[-47.47,-0.694],[-47.47,-0.709],[-47.474,-0.735],[-47.482,-0.739],[-47.485,-0.732],[-47.494,-0.724],[-47.502,-0.709],[-47.499,-0.699],[-47.501,-0.691],[-47.514,-0.674],[-47.518,-0.667],[-47.522,-0.648],[-47.533,-0.648],[-47.54,-0.638],[-47.536,-0.634],[-47.539,-0.626],[-47.532,-0.616],[-47.538,-0.605],[-47.549,-0.593],[-47.564,-0.582],[-47.589,-0.576],[-47.591,-0.595],[-47.583,-0.606],[-47.588,-0.617],[-47.587,-0.638],[-47.592,-0.652],[-47.601,-0.665],[-47.61,-0.685],[-47.608,-0.698],[-47.615,-0.699],[-47.623,-0.706],[-47.632,-0.706],[-47.635,-0.703],[-47.632,-0.69],[-47.645,-0.683],[-47.635,-0.667],[-47.635,-0.657],[-47.642,-0.654],[-47.635,-0.645],[-47.637,-0.635],[-47.63,-0.626],[-47.633,-0.602],[-47.65,-0.583],[-47.666,-0.576],[-47.672,-0.575],[-47.68,-0.58],[-47.681,-0.587],[-47.691,-0.595],[-47.702,-0.593],[-47.695,-0.572],[-47.691,-0.553],[-47.704,-0.551],[-47.698,-0.54],[-47.704,-0.535],[-47.739,-0.537],[-47.754,-0.543],[-47.745,-0.552],[-47.741,-0.564],[-47.762,-0.561],[-47.771,-0.564],[-47.766,-0.584],[-47.757,-0.595],[-47.756,-0.606],[-47.761,-0.611],[-47.772,-0.607],[-47.776,-0.599],[-47.773,-0.587],[-47.778,-0.582],[-47.792,-0.586],[-47.809,-0.584],[-47.807,-0.577],[-47.796,-0.565],[-47.798,-0.558],[-47.808,-0.556],[-47.815,-0.558],[-47.818,-0.565],[-47.814,-0.577],[-47.827,-0.598],[-47.831,-0.61],[-47.827,-0.623],[-47.823,-0.629],[-47.821,-0.637],[-47.827,-0.652],[-47.826,-0.661],[-47.834,-0.671],[-47.836,-0.68],[-47.844,-0.681],[-47.851,-0.669],[-47.859,-0.673],[-47.866,-0.671],[-47.863,-0.66],[-47.856,-0.653],[-47.856,-0.643],[-47.846,-0.627],[-47.85,-0.605],[-47.849,-0.588],[-47.858,-0.589],[-47.859,-0.57],[-47.87,-0.561],[-47.892,-0.558],[-47.906,-0.56],[-47.917,-0.566],[-47.909,-0.577],[-47.91,-0.594],[-47.908,-0.603],[-47.92,-0.602],[-47.92,-0.609],[-47.916,-0.618],[-47.917,-0.623],[-47.932,-0.628],[-47.939,-0.633],[-47.956,-0.632],[-47.965,-0.642],[-47.965,-0.66],[-47.963,-0.666],[-47.967,-0.676],[-47.976,-0.681],[-47.977,-0.686],[-47.983,-0.693],[-47.991,-0.695],[-48.001,-0.686],[-48.02,-0.687],[-48.023,-0.683],[-48.024,-0.671],[-48.037,-0.663],[-48.051,-0.659],[-48.067,-0.673],[-48.088,-0.698],[-48.105,-0.717],[-48.134,-0.745],[-48.142,-0.754],[-48.158,-0.774],[-48.166,-0.792],[-48.167,-0.811],[-48.172,-0.816],[-48.182,-0.822],[-48.203,-0.819],[-48.221,-0.823],[-48.23,-0.828],[-48.238,-0.841],[-48.252,-0.878],[-48.269,-0.903],[-48.281,-0.913],[-48.294,-0.92],[-48.336,-0.921],[-48.366,-0.919],[-48.395,-0.911],[-48.41,-0.906],[-48.424,-0.901],[-48.455,-0.887],[-48.475,-0.874],[-48.492,-0.848],[-48.501,-0.829],[-48.506,-0.81],[-48.509,-0.788],[-48.512,-0.759],[-48.506,-0.751],[-48.503,-0.745],[-48.495,-0.744],[-48.488,-0.734],[-48.486,-0.715],[-48.483,-0.703],[-48.482,-0.69],[-48.479,-0.677],[-48.479,-0.661],[-48.473,-0.644],[-48.475,-0.632],[-48.471,-0.614],[-48.477,-0.606],[-48.475,-0.587],[-48.477,-0.579],[-48.475,-0.569],[-48.475,-0.552],[-48.474,-0.527],[-48.471,-0.508],[-48.455,-0.465],[-48.451,-0.446],[-48.449,-0.428],[-48.441,-0.412],[-48.414,-0.384],[-48.407,-0.375],[-48.388,-0.353],[-48.379,-0.329],[-48.375,-0.303],[-48.376,-0.291],[-48.381,-0.277],[-48.397,-0.252],[-48.423,-0.238],[-48.429,-0.227],[-48.44,-0.225],[-48.45,-0.232],[-48.474,-0.231],[-48.486,-0.232],[-48.504,-0.242],[-48.523,-0.237],[-48.544,-0.24],[-48.557,-0.24],[-48.573,-0.235],[-48.589,-0.234],[-48.602,-0.236],[-48.625,-0.231],[-48.639,-0.232],[-48.653,-0.241],[-48.67,-0.24],[-48.695,-0.245],[-48.712,-0.252],[-48.744,-0.25],[-48.763,-0.24],[-48.776,-0.237],[-48.788,-0.225],[-48.799,-0.222],[-48.81,-0.215],[-48.824,-0.217],[-48.835,-0.223],[-48.857,-0.222],[-48.865,-0.223],[-48.903,-0.223],[-48.918,-0.23],[-48.94,-0.226],[-48.952,-0.218],[-48.964,-0.204],[-48.975,-0.199],[-48.992,-0.187],[-48.997,-0.186],[-49.011,-0.169],[-49.011,-0.162],[-49.017,-0.16],[-49.035,-0.165],[-49.039,-0.169],[-49.066,-0.161],[-49.078,-0.162],[-49.088,-0.167],[-49.099,-0.166],[-49.109,-0.161],[-49.125,-0.166],[-49.126,-0.172],[-49.137,-0.168],[-49.148,-0.159],[-49.156,-0.158],[-49.163,-0.148],[-49.165,-0.13],[-49.176,-0.132],[-49.181,-0.139],[-49.196,-0.131],[-49.209,-0.14],[-49.213,-0.149],[-49.223,-0.151],[-49.241,-0.159],[-49.251,-0.166],[-49.256,-0.16],[-49.294,-0.157],[-49.329,-0.158],[-49.335,-0.161],[-49.348,-0.172],[-49.366,-0.182],[-49.379,-0.191],[-49.394,-0.191],[-49.408,-0.182],[-49.422,-0.168],[-49.433,-0.147],[-49.439,-0.127],[-49.438,-0.116],[-49.432,-0.097],[-49.432,-0.088],[-49.416,-0.066],[-49.396,-0.058],[-49.388,-0.057],[-49.383,-0.045],[-49.375,-0.032],[-49.367,-0.032],[-49.359,-0.026],[-49.354,-0.01],[-49.358,0.008],[-49.362,0.014],[-49.37,0.019],[-49.366,0.029],[-49.37,0.038],[-49.377,0.046],[-49.384,0.05],[-49.397,0.062],[-49.407,0.063],[-49.426,0.071],[-49.441,0.074],[-49.451,0.073],[-49.479,0.081],[-49.504,0.083],[-49.512,0.081],[-49.532,0.081],[-49.549,0.085],[-49.569,0.085],[-49.577,0.091],[-49.583,0.09],[-49.617,0.074],[-49.632,0.075],[-49.651,0.084],[-49.666,0.097],[-49.69,0.127],[-49.7,0.15],[-49.7,0.158],[-49.693,0.178],[-49.672,0.199],[-49.644,0.217],[-49.633,0.241],[-49.619,0.248],[-49.607,0.26],[-49.59,0.267],[-49.584,0.273],[-49.56,0.279],[-49.534,0.289],[-49.526,0.294],[-49.521,0.302],[-49.508,0.308],[-49.495,0.319],[-49.489,0.334],[-49.489,0.343],[-49.497,0.353],[-49.498,0.361],[-49.503,0.372],[-49.529,0.388],[-49.548,0.39],[-49.564,0.41],[-49.573,0.417],[-49.582,0.419],[-49.588,0.415],[-49.591,0.407],[-49.606,0.401],[-49.618,0.392],[-49.629,0.395],[-49.661,0.393],[-49.678,0.386],[-49.699,0.383],[-49.725,0.378],[-49.737,0.372],[-49.752,0.362],[-49.766,0.349],[-49.778,0.341],[-49.808,0.332],[-49.814,0.336],[-49.814,0.349],[-49.822,0.356],[-49.828,0.355],[-49.847,0.344],[-49.889,0.323],[-49.905,0.324],[-49.914,0.32],[-49.921,0.325],[-49.908,0.34],[-49.91,0.345],[-49.922,0.358],[-49.931,0.363],[-49.946,0.366],[-49.971,0.363],[-49.98,0.36],[-49.986,0.343],[-49.993,0.338],[-50.014,0.338],[-50.025,0.34],[-50.042,0.34],[-50.051,0.337],[-50.081,0.339],[-50.098,0.344],[-50.108,0.342],[-50.132,0.331],[-50.168,0.34],[-50.175,0.348],[-50.178,0.376],[-50.176,0.387],[-50.173,0.398],[-50.141,0.419],[-50.12,0.43],[-50.088,0.453],[-50.077,0.463],[-50.056,0.507],[-50.036,0.534],[-50.034,0.551],[-50.029,0.559],[-50.028,0.568],[-50.032,0.591],[-50.037,0.602],[-50.053,0.622],[-50.073,0.636],[-50.084,0.64],[-50.095,0.642],[-50.104,0.64],[-50.112,0.634],[-50.123,0.622],[-50.133,0.62],[-50.179,0.635],[-50.204,0.648],[-50.214,0.656],[-50.223,0.678],[-50.226,0.696],[-50.259,0.691],[-50.294,0.683],[-50.329,0.674],[-50.347,0.667],[-50.359,0.66],[-50.398,0.633],[-50.41,0.623],[-50.425,0.612],[-50.437,0.6],[-50.452,0.571],[-50.467,0.531],[-50.471,0.513],[-50.471,0.5],[-50.476,0.481],[-50.489,0.453],[-50.504,0.435],[-50.508,0.418],[-50.519,0.394],[-50.524,0.372],[-50.539,0.346],[-50.553,0.312],[-50.58,0.27],[-50.596,0.25],[-50.6,0.249],[-50.607,0.246],[-50.624,0.232],[-50.645,0.209],[-50.668,0.185],[-50.701,0.162],[-50.719,0.147],[-50.743,0.131],[-50.762,0.121],[-50.785,0.112],[-50.849,0.094],[-50.872,0.089],[-50.921,0.076],[-50.946,0.063],[-50.975,0.042],[-50.985,0.029],[-50.997,0.004],[-51.008,-0.0],[-51.017,-0.011],[-51.04,-0.043],[-51.069,-0.079],[-51.081,-0.086],[-51.092,-0.089],[-51.118,-0.098],[-51.151,-0.103],[-51.172,-0.104],[-51.208,-0.117],[-51.216,-0.119],[-51.235,-0.144],[-51.241,-0.156],[-51.257,-0.181],[-51.26,-0.187],[-51.29,-0.228],[-51.303,-0.253],[-51.323,-0.264],[-51.332,-0.274],[-51.348,-0.3],[-51.355,-0.319],[-51.362,-0.359],[-51.362,-0.368],[-51.379,-0.388],[-51.396,-0.405],[-51.404,-0.415],[-51.417,-0.424],[-51.424,-0.437],[-51.428,-0.462],[-51.432,-0.473],[-51.458,-0.513],[-51.478,-0.534],[-51.487,-0.546],[-51.501,-0.554],[-51.515,-0.566],[-51.526,-0.58],[-51.539,-0.593],[-51.572,-0.623],[-51.596,-0.65],[-51.612,-0.676],[-51.62,-0.691],[-51.634,-0.711],[-51.662,-0.758],[-51.671,-0.776],[-51.679,-0.785],[-51.684,-0.795],[-51.686,-0.819],[-51.688,-0.823],[-51.689,-0.845],[-51.692,-0.867],[-51.691,-0.892],[-51.694,-0.908],[-51.696,-0.925],[-51.69,-0.98],[-51.69,-0.998],[-51.686,-1.013],[-51.688,-1.039],[-51.7,-1.063],[-51.709,-1.073],[-51.755,-1.114],[-51.778,-1.14],[-51.788,-1.148],[-51.809,-1.157],[-51.844,-1.16],[-51.882,-1.166],[-51.897,-1.162],[-51.908,-1.151],[-51.923,-1.133],[-51.931,-1.134],[-51.939,-1.148],[-51.945,-1.163],[-51.949,-1.169],[-51.959,-1.169],[-51.965,-1.163],[-51.966,-1.153],[-51.962,-1.134],[-51.966,-1.126],[-51.975,-1.121],[-51.985,-1.121],[-51.993,-1.129],[-51.994,-1.135],[-51.989,-1.149],[-51.987,-1.165],[-51.991,-1.172],[-52.017,-1.168],[-52.041,-1.17],[-52.055,-1.177],[-52.064,-1.186],[-52.063,-1.193],[-52.048,-1.214],[-52.051,-1.231],[-52.06,-1.236],[-52.071,-1.236],[-52.099,-1.228],[-52.108,-1.221],[-52.111,-1.215],[-52.109,-1.195],[-52.107,-1.183],[-52.117,-1.15],[-52.12,-1.146],[-52.147,-1.149],[-52.162,-1.134],[-52.179,-1.13],[-52.188,-1.133],[-52.215,-1.135],[-52.229,-1.132],[-52.239,-1.126],[-52.251,-1.126],[-52.259,-1.128],[-52.273,-1.129],[-52.285,-1.125],[-52.296,-1.117],[-52.313,-1.114],[-52.333,-1.116],[-52.339,-1.106],[-52.352,-1.07],[-52.358,-1.063],[-52.383,-1.054],[-52.4,-1.044],[-52.407,-1.045],[-52.42,-1.053],[-52.428,-1.048],[-52.428,-1.038],[-52.417,-1.026],[-52.414,-1.009],[-52.418,-0.999],[-52.419,-0.972],[-52.425,-0.96],[-52.436,-0.95],[-52.439,-0.944],[-52.438,-0.929],[-52.427,-0.919],[-52.408,-0.917],[-52.405,-0.913],[-52.401,-0.882],[-52.412,-0.863],[-52.42,-0.855],[-52.432,-0.848],[-52.444,-0.834],[-52.456,-0.83],[-52.463,-0.839],[-52.484,-0.847],[-52.497,-0.85],[-52.511,-0.857],[-52.524,-0.859],[-52.538,-0.858],[-52.544,-0.852],[-52.542,-0.837],[-52.525,-0.819],[-52.517,-0.809],[-52.523,-0.796],[-52.518,-0.775],[-52.502,-0.747],[-52.498,-0.731],[-52.497,-0.711],[-52.502,-0.693],[-52.51,-0.679],[-52.513,-0.665],[-52.51,-0.651],[-52.513,-0.62],[-52.517,-0.613],[-52.523,-0.589],[-52.528,-0.58],[-52.535,-0.574],[-52.576,-0.576],[-52.586,-0.579],[-52.599,-0.585],[-52.613,-0.595],[-52.629,-0.594],[-52.64,-0.585],[-52.67,-0.538],[-52.667,-0.525],[-52.682,-0.516],[-52.695,-0.496],[-52.696,-0.49],[-52.691,-0.477],[-52.703,-0.459],[-52.693,-0.442],[-52.687,-0.438],[-52.679,-0.424],[-52.681,-0.415],[-52.697,-0.393],[-52.699,-0.387],[-52.696,-0.372],[-52.685,-0.352],[-52.682,-0.34],[-52.684,-0.314],[-52.692,-0.3],[-52.701,-0.293],[-52.716,-0.293],[-52.74,-0.277],[-52.754,-0.262],[-52.757,-0.246],[-52.76,-0.238],[-52.816,-0.199],[-52.836,-0.186],[-52.845,-0.16],[-52.852,-0.15],[-52.872,-0.143],[-52.882,-0.144],[-52.898,-0.154],[-52.904,-0.155],[-52.933,-0.142],[-52.937,-0.123],[-52.949,-0.097],[-52.96,-0.063],[-52.969,-0.05],[-52.975,-0.022],[-52.977,-0.0],[-52.976,0.018],[-52.983,0.033],[-52.989,0.039],[-53.004,0.044],[-53.015,0.06],[-53.011,0.095],[-53.029,0.105],[-53.036,0.12],[-53.04,0.136],[-53.05,0.149],[-53.052,0.157],[-53.063,0.167],[-53.07,0.17],[-53.083,0.189],[-53.094,0.195],[-53.1,0.215],[-53.106,0.237],[-53.094,0.259],[-53.095,0.262],[-53.108,0.278],[-53.112,0.286],[-53.131,0.296],[-53.137,0.309],[-53.136,0.326],[-53.143,0.335],[-53.151,0.352],[-53.166,0.363],[-53.175,0.377],[-53.175,0.382],[-53.161,0.399],[-53.159,0.42],[-53.165,0.432],[-53.168,0.446],[-53.164,0.453],[-53.155,0.48],[-53.16,0.488],[-53.17,0.494],[-53.16,0.514],[-53.163,0.522],[-53.152,0.532],[-53.148,0.542],[-53.148,0.552],[-53.155,0.563],[-53.154,0.577],[-53.147,0.6],[-53.134,0.615],[-53.13,0.623],[-53.123,0.63],[-53.115,0.647],[-53.114,0.662],[-53.106,0.679],[-53.106,0.684],[-53.115,0.688],[-53.124,0.697],[-53.14,0.693],[-53.147,0.7],[-53.151,0.719],[-53.157,0.729],[-53.172,0.737],[-53.185,0.748],[-53.188,0.755],[-53.19,0.768],[-53.234,0.798],[-53.255,0.809],[-53.27,0.824],[-53.275,0.825],[-53.279,0.834],[-53.288,0.846],[-53.302,0.859],[-53.322,0.872],[-53.355,0.888],[-53.361,0.896],[-53.4,0.919],[-53.411,0.929],[-53.414,0.947],[-53.411,0.957],[-53.413,0.972],[-53.411,0.982],[-53.417,0.989],[-53.427,0.992],[-53.43,1.02],[-53.422,1.034],[-53.428,1.043],[-53.435,1.048],[-53.436,1.06],[-53.453,1.071],[-53.456,1.077],[-53.456,1.11],[-53.459,1.134],[-53.453,1.144],[-53.444,1.151],[-53.435,1.154],[-53.421,1.147],[-53.407,1.149],[-53.402,1.154],[-53.397,1.17],[-53.396,1.179],[-53.403,1.194],[-53.417,1.203],[-53.426,1.226],[-53.426,1.243],[-53.439,1.232],[-53.451,1.233],[-53.474,1.239],[-53.493,1.227],[-53.503,1.225],[-53.525,1.212],[-53.539,1.212],[-53.545,1.222],[-53.546,1.228],[-53.531,1.245],[-53.523,1.261],[-53.531,1.274],[-53.538,1.278],[-53.553,1.28],[-53.559,1.291],[-53.563,1.307],[-53.557,1.313],[-53.544,1.316],[-53.533,1.322],[-53.534,1.331],[-53.538,1.341],[-53.548,1.349],[-53.564,1.35],[-53.566,1.34],[-53.571,1.337],[-53.584,1.347],[-53.595,1.358],[-53.613,1.351],[-53.633,1.347],[-53.642,1.335],[-53.651,1.336],[-53.661,1.345],[-53.644,1.364],[-53.645,1.38],[-53.641,1.389],[-53.641,1.399],[-53.645,1.405],[-53.655,1.407],[-53.663,1.393],[-53.665,1.375],[-53.671,1.372],[-53.681,1.373],[-53.683,1.384],[-53.688,1.386],[-53.702,1.378],[-53.712,1.384],[-53.713,1.396],[-53.707,1.407],[-53.696,1.418],[-53.7,1.425],[-53.711,1.427],[-53.717,1.432],[-53.724,1.428],[-53.716,1.418],[-53.715,1.405],[-53.731,1.396],[-53.732,1.386],[-53.755,1.395],[-53.763,1.408],[-53.768,1.396],[-53.784,1.403],[-53.788,1.413],[-53.804,1.423],[-53.816,1.422],[-53.823,1.414],[-53.807,1.402],[-53.807,1.392],[-53.824,1.39],[-53.831,1.394],[-53.844,1.394],[-53.844,1.406],[-53.855,1.402],[-53.865,1.406],[-53.876,1.407],[-53.883,1.401],[-53.888,1.408],[-53.884,1.42],[-53.877,1.432],[-53.881,1.44],[-53.893,1.443],[-53.896,1.455],[-53.912,1.458],[-53.917,1.457],[-53.922,1.442],[-53.935,1.436],[-53.938,1.446],[-53.93,1.45],[-53.931,1.458],[-53.926,1.466],[-53.935,1.467],[-53.944,1.471],[-53.954,1.468],[-53.955,1.477],[-53.967,1.484],[-53.976,1.472],[-53.986,1.479],[-53.995,1.475],[-54.002,1.484],[-54.003,1.495],[-53.999,1.505],[-54.006,1.517],[-54.013,1.52],[-54.02,1.516],[-54.025,1.5],[-54.035,1.502],[-54.04,1.506],[-54.052,1.494],[-54.062,1.495],[-54.069,1.501],[-54.079,1.495],[-54.078,1.486],[-54.089,1.492],[-54.085,1.506],[-54.089,1.514],[-54.085,1.526],[-54.099,1.55],[-54.114,1.551],[-54.117,1.558],[-54.11,1.575],[-54.102,1.584],[-54.111,1.588],[-54.119,1.581],[-54.123,1.591],[-54.131,1.597],[-54.123,1.602],[-54.123,1.607],[-54.133,1.617],[-54.133,1.627],[-54.142,1.629],[-54.144,1.641],[-54.153,1.639],[-54.157,1.643],[-54.169,1.644],[-54.176,1.648],[-54.178,1.657],[-54.186,1.654],[-54.188,1.639],[-54.187,1.628],[-54.197,1.632],[-54.201,1.646],[-54.21,1.654],[-54.219,1.657],[-54.228,1.665],[-54.23,1.676],[-54.244,1.676],[-54.247,1.682],[-54.254,1.684],[-54.264,1.68],[-54.263,1.688],[-54.27,1.705],[-54.275,1.71],[-54.289,1.708],[-54.283,1.716],[-54.293,1.726],[-54.3,1.724],[-54.317,1.737],[-54.323,1.738],[-54.33,1.744],[-54.342,1.74],[-54.344,1.747],[-54.351,1.747],[-54.352,1.754],[-54.37,1.759],[-54.379,1.757],[-54.387,1.745],[-54.404,1.76],[-54.418,1.757],[-54.425,1.76],[-54.435,1.754],[-54.457,1.758],[-54.471,1.756],[-54.471,1.752],[-54.486,1.751],[-54.496,1.747],[-54.502,1.751],[-54.509,1.748],[-54.512,1.753],[-54.524,1.756],[-54.531,1.767],[-54.564,1.774],[-54.576,1.78],[-54.581,1.778],[-54.594,1.78],[-54.602,1.785],[-54.612,1.779],[-54.626,1.781],[-54.628,1.777],[-54.644,1.769],[-54.652,1.772],[-54.671,1.766],[-54.679,1.769],[-54.692,1.768],[-54.695,1.774],[-54.724,1.771],[-54.726,1.774],[-54.745,1.776],[-54.746,1.786],[-54.753,1.791],[-54.754,1.798],[-54.747,1.806],[-54.751,1.814],[-54.739,1.825],[-54.744,1.843],[-54.748,1.842],[-54.753,1.851],[-54.753,1.876],[-54.759,1.89],[-54.764,1.893],[-54.762,1.906],[-54.77,1.926],[-54.769,1.935],[-54.764,1.95],[-54.756,1.96],[-54.756,1.974],[-54.769,1.985],[-54.769,1.996],[-54.781,2.0],[-54.791,2.007],[-54.795,2.017],[-54.804,2.026],[-54.807,2.037],[-54.806,2.054],[-54.813,2.063],[-54.812,2.071],[-54.806,2.076],[-54.808,2.088],[-54.814,2.101],[-54.805,2.108],[-54.809,2.123],[-54.804,2.132],[-54.806,2.139],[-54.798,2.15],[-54.79,2.156],[-54.783,2.164],[-54.783,2.174],[-54.768,2.181],[-54.77,2.188],[-54.763,2.192],[-54.763,2.202],[-54.771,2.208],[-54.775,2.22],[-54.782,2.223],[-54.787,2.232],[-54.799,2.246],[-54.803,2.254],[-54.811,2.266],[-54.809,2.286],[-54.803,2.29],[-54.807,2.298],[-54.802,2.308],[-54.796,2.309],[-54.796,2.318],[-54.805,2.329],[-54.808,2.342],[-54.843,2.38],[-54.866,2.403],[-54.868,2.409],[-54.875,2.415],[-54.876,2.427],[-54.872,2.434],[-54.911,2.49],[-54.935,2.519],[-54.954,2.584],[-55.004,2.591],[-55.056,2.553],[-55.103,2.526],[-55.123,2.568],[-55.173,2.559],[-55.208,2.523],[-55.235,2.503],[-55.277,2.512],[-55.32,2.515],[-55.356,2.476],[-55.346,2.448],[-55.385,2.418],[-55.429,2.439],[-55.482,2.439],[-55.5,2.443],[-55.504,2.439],[-55.525,2.436],[-55.528,2.429],[-55.551,2.429],[-55.558,2.426],[-55.571,2.424],[-55.578,2.436],[-55.594,2.433],[-55.613,2.426],[-55.617,2.42],[-55.642,2.416],[-55.657,2.421],[-55.667,2.414],[-55.674,2.414],[-55.698,2.422],[-55.7,2.414],[-55.708,2.403],[-55.718,2.402],[-55.728,2.407],[-55.747,2.41],[-55.753,2.418],[-55.754,2.426],[-55.767,2.438],[-55.762,2.441],[-55.767,2.455],[-55.781,2.462],[-55.784,2.457],[-55.803,2.459],[-55.811,2.458],[-55.839,2.462],[-55.851,2.469],[-55.855,2.481],[-55.866,2.482],[-55.874,2.488],[-55.881,2.489],[-55.886,2.504],[-55.898,2.506],[-55.902,2.517],[-55.91,2.52],[-55.92,2.518],[-55.924,2.531],[-55.935,2.534],[-55.971,2.529],[-55.978,2.527],[-55.98,2.519],[-55.989,2.518],[-55.993,2.505],[-55.978,2.497],[-55.98,2.485],[-55.988,2.479],[-55.991,2.467],[-56.0,2.463],[-56.012,2.453],[-56.009,2.444],[-56.003,2.446],[-55.986,2.434],[-55.99,2.427],[-55.99,2.417],[-56.002,2.413],[-56.007,2.402],[-56.015,2.4],[-56.023,2.391],[-56.025,2.382],[-56.037,2.374],[-56.04,2.366],[-56.033,2.364],[-56.023,2.348],[-56.03,2.34],[-56.03,2.333],[-56.051,2.335],[-56.059,2.343],[-56.061,2.355],[-56.069,2.361],[-56.074,2.371],[-56.09,2.372],[-56.092,2.36],[-56.089,2.352],[-56.096,2.338],[-56.092,2.33],[-56.094,2.321],[-56.107,2.318],[-56.114,2.311],[-56.115,2.299],[-56.128,2.287],[-56.125,2.278],[-56.137,2.271],[-56.133,2.264],[-56.12,2.255],[-56.12,2.25],[-56.109,2.245],[-56.096,2.246],[-56.088,2.25],[-56.077,2.238],[-56.069,2.243],[-56.058,2.233],[-56.049,2.232],[-56.043,2.228],[-56.036,2.214],[-56.043,2.206],[-56.047,2.196],[-56.056,2.189],[-56.046,2.177],[-56.035,2.169],[-56.027,2.17],[-56.014,2.165],[-56.003,2.168],[-55.994,2.159],[-55.992,2.151],[-55.987,2.146],[-55.994,2.14],[-55.991,2.131],[-55.982,2.132],[-55.976,2.126],[-55.976,2.12],[-55.97,2.113],[-55.973,2.103],[-55.967,2.088],[-55.949,2.092],[-55.941,2.081],[-55.927,2.075],[-55.933,2.061],[-55.924,2.052],[-55.909,2.047],[-55.903,2.041],[-55.902,2.029],[-55.911,2.014],[-55.908,2.001],[-55.914,1.991],[-55.923,1.991],[-55.929,1.997],[-55.935,1.997],[-55.936,1.983],[-55.932,1.971],[-55.928,1.969],[-55.923,1.947],[-55.924,1.937],[-55.92,1.928],[-55.921,1.919],[-55.91,1.911],[-55.902,1.908],[-55.901,1.897],[-55.904,1.888],[-55.91,1.887],[-55.934,1.872],[-55.94,1.862],[-55.954,1.849],[-55.97,1.848],[-55.983,1.836],[-55.996,1.835],[-55.999,1.831],[-56.024,1.843],[-56.029,1.842],[-56.037,1.85],[-56.044,1.847],[-56.05,1.851],[-56.066,1.852],[-56.081,1.846],[-56.09,1.854],[-56.099,1.847],[-56.113,1.855],[-56.13,1.859],[-56.133,1.87],[-56.141,1.875],[-56.151,1.886],[-56.153,1.891],[-56.171,1.891],[-56.171,1.901],[-56.182,1.893],[-56.199,1.893],[-56.209,1.894],[-56.215,1.902],[-56.234,1.899],[-56.241,1.887],[-56.242,1.88],[-56.249,1.88],[-56.263,1.886],[-56.272,1.897],[-56.276,1.897],[-56.29,1.907],[-56.303,1.912],[-56.312,1.923],[-56.322,1.924],[-56.335,1.937],[-56.339,1.935],[-56.358,1.942],[-56.369,1.937],[-56.372,1.933],[-56.389,1.933],[-56.39,1.923],[-56.397,1.923],[-56.404,1.93],[-56.412,1.928],[-56.424,1.942],[-56.437,1.952],[-56.445,1.949],[-56.454,1.952],[-56.469,1.949],[-56.483,1.954],[-56.496,1.938],[-56.504,1.934],[-56.518,1.932],[-56.525,1.925],[-56.535,1.922],[-56.547,1.915],[-56.556,1.917],[-56.561,1.911],[-56.58,1.906],[-56.587,1.911],[-56.59,1.921],[-56.596,1.926],[-56.599,1.937],[-56.608,1.934],[-56.621,1.946],[-56.63,1.942],[-56.641,1.931],[-56.649,1.931],[-56.655,1.918],[-56.673,1.913],[-56.692,1.915],[-56.716,1.926],[-56.727,1.919],[-56.735,1.917],[-56.738,1.909],[-56.75,1.903],[-56.751,1.896],[-56.756,1.891],[-56.765,1.888],[-56.768,1.876],[-56.782,1.864],[-56.789,1.864],[-56.788,1.854],[-56.798,1.853],[-56.796,1.861],[-56.801,1.874],[-56.809,1.874],[-56.829,1.882],[-56.831,1.889],[-56.838,1.888],[-56.846,1.893],[-56.856,1.889],[-56.859,1.895],[-56.867,1.893],[-56.894,1.899],[-56.907,1.911],[-56.906,1.915],[-56.92,1.93],[-56.94,1.921],[-56.959,1.925],[-56.968,1.917],[-56.972,1.906],[-56.976,1.903],[-56.992,1.907],[-57.001,1.907],[-57.009,1.917],[-57.014,1.915],[-57.025,1.928],[-57.025,1.94],[-57.035,1.949],[-57.056,1.957],[-57.064,1.956],[-57.071,1.969],[-57.07,1.99],[-57.074,2.002],[-57.083,2.008],[-57.082,2.019],[-57.087,2.026],[-57.1,2.019],[-57.107,2.027],[-57.117,2.028],[-57.116,2.015],[-57.12,2.01],[-57.141,2.001],[-57.147,1.995],[-57.158,1.992],[-57.164,1.995],[-57.179,1.99],[-57.183,1.98],[-57.2,1.979],[-57.215,1.961],[-57.229,1.954],[-57.229,1.938],[-57.238,1.939],[-57.244,1.947],[-57.253,1.948],[-57.267,1.969],[-57.273,1.974],[-57.269,1.984],[-57.277,1.983],[-57.301,1.995],[-57.307,1.997],[-57.313,1.977],[-57.329,1.98],[-57.338,1.975],[-57.346,1.98],[-57.356,1.97],[-57.354,1.961],[-57.369,1.956],[-57.368,1.952],[-57.357,1.947],[-57.365,1.926],[-57.376,1.922],[-57.385,1.927],[-57.398,1.922],[-57.403,1.913],[-57.411,1.91],[-57.428,1.909],[-57.434,1.906],[-57.433,1.891],[-57.436,1.881],[-57.429,1.874],[-57.432,1.869],[-57.432,1.859],[-57.44,1.851],[-57.445,1.841],[-57.438,1.83],[-57.445,1.822],[-57.451,1.806],[-57.478,1.795],[-57.494,1.793],[-57.502,1.786],[-57.497,1.774],[-57.502,1.758],[-57.509,1.758],[-57.516,1.742],[-57.519,1.721],[-57.526,1.728],[-57.532,1.722],[-57.541,1.72],[-57.534,1.708],[-57.538,1.701],[-57.55,1.701],[-57.553,1.692],[-57.565,1.696],[-57.573,1.689],[-57.577,1.69],[-57.576,1.703],[-57.598,1.7],[-57.605,1.693],[-57.629,1.698],[-57.633,1.692],[-57.651,1.682],[-57.656,1.69],[-57.661,1.689],[-57.668,1.696],[-57.668,1.703],[-57.675,1.706],[-57.687,1.706],[-57.698,1.714],[-57.697,1.721],[-57.705,1.731],[-57.712,1.729],[-57.71,1.718],[-57.72,1.723],[-57.736,1.72],[-57.745,1.723],[-57.752,1.719],[-57.769,1.727],[-57.777,1.728],[-57.781,1.719],[-57.792,1.727],[-57.795,1.71],[-57.798,1.697],[-57.798,1.687],[-57.803,1.685],[-57.809,1.688],[-57.82,1.684],[-57.837,1.687],[-57.853,1.678],[-57.852,1.668],[-57.877,1.68],[-57.877,1.672],[-57.885,1.67],[-57.895,1.674],[-57.902,1.668],[-57.905,1.656],[-57.914,1.648],[-57.927,1.645],[-57.941,1.649],[-57.95,1.648],[-57.962,1.657],[-57.971,1.654],[-57.981,1.659],[-57.99,1.659],[-57.99,1.651],[-58.002,1.649],[-57.98,1.633],[-57.983,1.627],[-57.981,1.596],[-57.984,1.586],[-57.979,1.573],[-57.983,1.566],[-57.99,1.567],[-57.994,1.553],[-57.989,1.548],[-58.001,1.528],[-58.001,1.521],[-58.006,1.517],[-58.004,1.503],[-58.027,1.509],[-58.029,1.513],[-58.041,1.521],[-58.061,1.525],[-58.065,1.522],[-58.069,1.507],[-58.085,1.508],[-58.086,1.515],[-58.098,1.514],[-58.111,1.501],[-58.13,1.499],[-58.15,1.51],[-58.146,1.515],[-58.155,1.53],[-58.157,1.544],[-58.161,1.56],[-58.18,1.565],[-58.19,1.572],[-58.197,1.567],[-58.213,1.565],[-58.221,1.557],[-58.229,1.554],[-58.233,1.548],[-58.255,1.562],[-58.262,1.571],[-58.272,1.567],[-58.284,1.573],[-58.293,1.564],[-58.317,1.569],[-58.314,1.585],[-58.314,1.594],[-58.322,1.597],[-58.333,1.591],[-58.337,1.581],[-58.345,1.576],[-58.343,1.567],[-58.361,1.56],[-58.359,1.546],[-58.363,1.538],[-58.39,1.535],[-58.395,1.523],[-58.39,1.515],[-58.39,1.496],[-58.377,1.488],[-58.372,1.482],[-58.386,1.47],[-58.404,1.47],[-58.413,1.473],[-58.425,1.467],[-58.44,1.464],[-58.449,1.456],[-58.465,1.466],[-58.473,1.461],[-58.488,1.462],[-58.49,1.466],[-58.505,1.465],[-58.51,1.459],[-58.508,1.445],[-58.502,1.443],[-58.498,1.43],[-58.503,1.425],[-58.502,1.415],[-58.505,1.403],[-58.48,1.39],[-58.485,1.385],[-58.472,1.374],[-58.465,1.375],[-58.458,1.371],[-58.464,1.365],[-58.471,1.351],[-58.474,1.348],[-58.471,1.319],[-58.478,1.306],[-58.483,1.3],[-58.495,1.295],[-58.493,1.288],[-58.497,1.279],[-58.496,1.268],[-58.513,1.278],[-58.52,1.266],[-58.53,1.271],[-58.538,1.268],[-58.54,1.288],[-58.547,1.292],[-58.56,1.29],[-58.565,1.295],[-58.57,1.286],[-58.578,1.283],[-58.578,1.275],[-58.583,1.264],[-58.589,1.27],[-58.602,1.274],[-58.608,1.274],[-58.613,1.281],[-58.629,1.289],[-58.646,1.286],[-58.653,1.288],[-58.661,1.28],[-58.676,1.285],[-58.68,1.296],[-58.695,1.297],[-58.711,1.29],[-58.71,1.284],[-58.718,1.266],[-58.721,1.245],[-58.716,1.241],[-58.725,1.219],[-58.73,1.211],[-58.737,1.206],[-58.751,1.208],[-58.764,1.197],[-58.77,1.187],[-58.779,1.191],[-58.794,1.185],[-58.8,1.177],[-58.806,1.181],[-58.821,1.171],[-58.824,1.183],[-58.832,1.188],[-58.846,1.182],[-58.854,1.183],[-58.859,1.196],[-58.859,1.204],[-58.867,1.203],[-58.871,1.209],[-58.871,1.218],[-58.882,1.229],[-58.892,1.231],[-58.895,1.228],[-58.895,0.905],[-58.896,0.592],[-58.895,0.264],[-58.895,0.001],[-58.895,-0.011],[-58.898,-0.018],[-58.887,-0.034],[-58.885,-0.043],[-58.887,-0.059],[-58.881,-0.065],[-58.872,-0.065],[-58.864,-0.078],[-58.867,-0.138],[-58.863,-0.145],[-58.863,-0.161],[-58.865,-0.169],[-58.875,-0.181],[-58.881,-0.197],[-58.879,-0.229],[-58.872,-0.261],[-58.865,-0.266],[-58.865,-0.274],[-58.871,-0.281],[-58.875,-0.296],[-58.876,-0.311],[-58.872,-0.329],[-58.875,-0.337],[-58.87,-0.347],[-58.853,-0.359],[-58.836,-0.373],[-58.824,-0.375],[-58.811,-0.382],[-58.793,-0.385],[-58.783,-0.389],[-58.762,-0.413],[-58.747,-0.415],[-58.74,-0.421],[-58.74,-0.432],[-58.73,-0.433],[-58.725,-0.438],[-58.727,-0.453],[-58.731,-0.458],[-58.732,-0.468],[-58.736,-0.472],[-58.727,-0.491],[-58.725,-0.5],[-58.717,-0.505],[-58.717,-0.512],[-58.711,-0.518],[-58.709,-0.546],[-58.716,-0.549],[-58.722,-0.563],[-58.73,-0.564],[-58.731,-0.581],[-58.727,-0.591],[-58.731,-0.594],[-58.731,-0.605],[-58.736,-0.619],[-58.729,-0.62],[-58.732,-0.629],[-58.729,-0.635],[-58.721,-0.637],[-58.713,-0.645],[-58.714,-0.653],[-58.708,-0.657],[-58.706,-0.68],[-58.694,-0.682],[-58.693,-0.687],[-58.684,-0.688],[-58.679,-0.694],[-58.666,-0.706],[-58.664,-0.718],[-58.656,-0.719],[-58.648,-0.715],[-58.637,-0.72],[-58.629,-0.728],[-58.62,-0.739],[-58.609,-0.762],[-58.599,-0.762],[-58.581,-0.781],[-58.573,-0.782],[-58.574,-0.791],[-58.56,-0.798],[-58.56,-0.807],[-58.544,-0.809],[-58.533,-0.818],[-58.536,-0.822],[-58.519,-0.829],[-58.514,-0.84],[-58.498,-0.836],[-58.494,-0.84],[-58.495,-0.85],[-58.488,-0.851],[-58.486,-0.859],[-58.48,-0.859],[-58.474,-0.869],[-58.461,-0.863],[-58.451,-0.871],[-58.442,-0.873],[-58.442,-0.88],[-58.434,-0.892],[-58.446,-0.898],[-58.449,-0.903],[-58.449,-0.916],[-58.452,-0.924],[-58.449,-0.935],[-58.439,-0.941],[-58.431,-0.951],[-58.427,-0.962],[-58.417,-0.965],[-58.411,-0.982],[-58.424,-0.991],[-58.426,-1.007],[-58.42,-1.011],[-58.428,-1.025],[-58.422,-1.038],[-58.412,-1.048],[-58.406,-1.04],[-58.385,-1.052],[-58.376,-1.064],[-58.364,-1.071],[-58.365,-1.085],[-58.357,-1.1],[-58.359,-1.105],[-58.348,-1.113],[-58.341,-1.111],[-58.336,-1.116],[-58.337,-1.121],[-58.331,-1.132],[-58.32,-1.134],[-58.322,-1.142],[-58.317,-1.148],[-58.293,-1.139],[-58.283,-1.143],[-58.274,-1.142],[-58.268,-1.134],[-58.258,-1.131],[-58.235,-1.153],[-58.232,-1.16],[-58.219,-1.169],[-58.213,-1.167],[-58.205,-1.169],[-58.208,-1.175],[-58.195,-1.192],[-58.19,-1.203],[-58.177,-1.208],[-58.174,-1.216],[-58.163,-1.23],[-58.154,-1.233],[-58.147,-1.211],[-58.138,-1.205],[-58.134,-1.196],[-58.123,-1.192],[-58.118,-1.185],[-58.123,-1.18],[-58.12,-1.175],[-58.124,-1.164],[-58.114,-1.165],[-58.102,-1.161],[-58.093,-1.162],[-58.08,-1.147],[-58.081,-1.131],[-58.067,-1.119],[-58.059,-1.107],[-58.042,-1.106],[-58.033,-1.098],[-58.03,-1.102],[-58.017,-1.104],[-58.01,-1.116],[-58.014,-1.131],[-58.001,-1.148],[-57.978,-1.153],[-57.969,-1.163],[-57.966,-1.171],[-57.971,-1.176],[-57.976,-1.193],[-57.964,-1.204],[-57.964,-1.215],[-57.959,-1.222],[-57.967,-1.229],[-57.971,-1.228],[-57.975,-1.24],[-57.972,-1.246],[-57.978,-1.257],[-57.979,-1.27],[-57.983,-1.282],[-57.994,-1.29],[-57.987,-1.301],[-57.989,-1.312],[-57.994,-1.316],[-57.999,-1.331],[-57.991,-1.351],[-57.981,-1.356],[-57.971,-1.357],[-57.973,-1.375],[-57.956,-1.378],[-57.953,-1.386],[-57.96,-1.397],[-57.958,-1.403],[-57.95,-1.406],[-57.94,-1.399],[-57.931,-1.399],[-57.911,-1.405],[-57.909,-1.41],[-57.916,-1.421],[-57.91,-1.429],[-57.902,-1.426],[-57.891,-1.432],[-57.877,-1.423],[-57.865,-1.429],[-57.856,-1.427],[-57.842,-1.432],[-57.839,-1.437],[-57.825,-1.438],[-57.819,-1.451],[-57.81,-1.454],[-57.812,-1.466],[-57.802,-1.471],[-57.795,-1.487],[-57.788,-1.491],[-57.776,-1.484],[-57.78,-1.51],[-57.77,-1.51],[-57.758,-1.502],[-57.751,-1.509],[-57.74,-1.503],[-57.729,-1.514],[-57.718,-1.503],[-57.712,-1.503],[-57.712,-1.517],[-57.708,-1.526],[-57.71,-1.535],[-57.705,-1.541],[-57.698,-1.558],[-57.706,-1.572],[-57.704,-1.577],[-57.693,-1.576],[-57.689,-1.587],[-57.682,-1.589],[-57.675,-1.595],[-57.662,-1.588],[-57.66,-1.581],[-57.648,-1.59],[-57.635,-1.59],[-57.629,-1.584],[-57.622,-1.589],[-57.609,-1.584],[-57.608,-1.573],[-57.601,-1.572],[-57.589,-1.579],[-57.598,-1.596],[-57.595,-1.6],[-57.585,-1.597],[-57.58,-1.604],[-57.57,-1.602],[-57.563,-1.607],[-57.553,-1.607],[-57.544,-1.611],[-57.543,-1.622],[-57.536,-1.627],[-57.522,-1.629],[-57.522,-1.637],[-57.529,-1.648],[-57.528,-1.654],[-57.519,-1.655],[-57.518,-1.649],[-57.508,-1.642],[-57.499,-1.655],[-57.49,-1.659],[-57.478,-1.659],[-57.48,-1.665],[-57.473,-1.679],[-57.462,-1.677],[-57.444,-1.665],[-57.437,-1.667],[-57.434,-1.675],[-57.441,-1.687],[-57.436,-1.691],[-57.422,-1.691],[-57.418,-1.674],[-57.406,-1.675],[-57.4,-1.679],[-57.403,-1.687],[-57.386,-1.698],[-57.391,-1.709],[-57.4,-1.716],[-57.392,-1.725],[-57.373,-1.714],[-57.353,-1.737],[-57.343,-1.727],[-57.343,-1.715],[-57.328,-1.716],[-57.318,-1.726],[-57.309,-1.732],[-57.303,-1.732],[-57.301,-1.723],[-57.292,-1.708],[-57.272,-1.714],[-57.27,-1.721],[-57.264,-1.722],[-57.259,-1.715],[-57.261,-1.702],[-57.259,-1.697],[-57.243,-1.703],[-57.248,-1.715],[-57.247,-1.721],[-57.231,-1.728],[-57.219,-1.723],[-57.207,-1.711],[-57.202,-1.713],[-57.199,-1.735],[-57.191,-1.728],[-57.189,-1.72],[-57.178,-1.732],[-57.172,-1.731],[-57.171,-1.72],[-57.166,-1.72],[-57.159,-1.73],[-57.162,-1.74],[-57.171,-1.744],[-57.171,-1.751],[-57.16,-1.755],[-57.164,-1.768],[-57.158,-1.771],[-57.146,-1.765],[-57.125,-1.768],[-57.119,-1.78],[-57.119,-1.789],[-57.11,-1.792],[-57.101,-1.78],[-57.092,-1.778],[-57.083,-1.782],[-57.084,-1.79],[-57.079,-1.803],[-57.069,-1.804],[-57.067,-1.812],[-57.059,-1.816],[-57.062,-1.822],[-57.071,-1.83],[-57.072,-1.839],[-57.066,-1.848],[-57.068,-1.855],[-57.063,-1.862],[-57.051,-1.873],[-57.045,-1.886],[-57.047,-1.891],[-57.04,-1.896],[-57.038,-1.907],[-57.028,-1.918],[-57.019,-1.917],[-56.988,-1.907],[-56.98,-1.924],[-56.966,-1.935],[-56.961,-1.953],[-56.944,-1.964],[-56.924,-1.964],[-56.897,-1.976],[-56.876,-1.992],[-56.866,-2.008],[-56.859,-2.016],[-56.841,-2.022],[-56.817,-2.023],[-56.793,-2.021],[-56.778,-2.012],[-56.767,-2.009],[-56.748,-2.011],[-56.739,-2.017],[-56.727,-2.031],[-56.721,-2.049],[-56.721,-2.059],[-56.727,-2.081],[-56.733,-2.092],[-56.753,-2.112],[-56.769,-2.141],[-56.77,-2.153],[-56.769,-2.166],[-56.761,-2.174],[-56.743,-2.179],[-56.728,-2.177],[-56.717,-2.179],[-56.708,-2.184],[-56.703,-2.202],[-56.69,-2.209],[-56.679,-2.213],[-56.658,-2.211],[-56.635,-2.204],[-56.624,-2.204],[-56.613,-2.21],[-56.608,-2.205],[-56.602,-2.182],[-56.598,-2.175],[-56.586,-2.176],[-56.58,-2.179],[-56.57,-2.175],[-56.557,-2.163],[-56.541,-2.154],[-56.527,-2.139],[-56.52,-2.138],[-56.508,-2.144],[-56.493,-2.155],[-56.487,-2.164],[-56.478,-2.17],[-56.468,-2.166],[-56.461,-2.158],[-56.453,-2.154],[-56.444,-2.154],[-56.437,-2.158],[-56.424,-2.171],[-56.414,-2.176],[-56.393,-2.159],[-56.382,-2.144],[-56.368,-2.137],[-56.351,-2.149],[-56.336,-2.149],[-56.317,-2.14],[-56.309,-2.121],[-56.297,-2.101],[-56.281,-2.093],[-56.256,-2.088],[-56.25,-2.082],[-56.228,-2.056],[-56.22,-2.06],[-56.208,-2.06],[-56.197,-2.057],[-56.194,-2.049],[-56.187,-2.043],[-56.172,-2.039],[-56.163,-2.042],[-56.137,-2.037],[-56.107,-2.027],[-56.099,-2.027],[-56.098,-2.037],[-56.102,-2.048],[-56.117,-2.07],[-56.123,-2.076],[-56.142,-2.1],[-56.169,-2.146],[-56.181,-2.161],[-56.204,-2.183],[-56.22,-2.196],[-56.239,-2.206],[-56.264,-2.221],[-56.307,-2.243],[-56.332,-2.252],[-56.364,-2.259],[-56.384,-2.271],[-56.389,-2.279],[-56.413,-2.322],[-56.416,-2.337],[-56.419,-2.355],[-56.426,-2.369],[-56.466,-2.423],[-56.465,-2.432],[-56.455,-2.437],[-56.438,-2.44],[-56.425,-2.449],[-56.416,-2.448],[-56.408,-2.45],[-56.402,-2.457],[-56.426,-2.502],[-56.501,-2.66],[-56.576,-2.824],[-56.61,-2.896],[-56.648,-2.981],[-56.656,-3.0],[-56.724,-3.147],[-56.768,-3.243],[-56.81,-3.333],[-56.81,-3.333],[-56.887,-3.499],[-56.914,-3.562],[-56.956,-3.659],[-57.001,-3.759],[-57.086,-3.941],[-57.13,-4.034],[-57.214,-4.212],[-57.233,-4.248],[-57.254,-4.297],[-57.35,-4.502],[-57.475,-4.768],[-57.524,-4.87],[-57.586,-5.001],[-57.66,-5.163],[-57.704,-5.259],[-57.772,-5.407],[-57.861,-5.601],[-57.874,-5.63],[-58.034,-5.978],[-58.034,-5.978],[-58.174,-6.279],[-58.255,-6.454],[-58.267,-6.476],[-58.273,-6.481],[-58.293,-6.494],[-58.302,-6.496],[-58.32,-6.495],[-58.327,-6.5],[-58.331,-6.516],[-58.332,-6.533],[-58.34,-6.548],[-58.35,-6.562],[-58.358,-6.568],[-58.381,-6.58],[-58.394,-6.592],[-58.422,-6.611],[-58.427,-6.616],[-58.448,-6.651],[-58.465,-6.67],[-58.478,-6.7],[-58.478,-6.724],[-58.482,-6.781],[-58.471,-6.804],[-58.463,-6.837],[-58.446,-6.877],[-58.435,-6.909],[-58.423,-6.92],[-58.407,-6.94],[-58.394,-6.95],[-58.387,-6.965],[-58.38,-6.971],[-58.356,-6.972],[-58.348,-6.975],[-58.335,-6.986],[-58.313,-7.019],[-58.301,-7.042],[-58.288,-7.062],[-58.269,-7.08],[-58.253,-7.083],[-58.24,-7.096],[-58.23,-7.109],[-58.223,-7.124],[-58.209,-7.134],[-58.2,-7.156],[-58.181,-7.182],[-58.178,-7.189],[-58.17,-7.222],[-58.168,-7.239],[-58.175,-7.271],[-58.172,-7.306],[-58.17,-7.313],[-58.154,-7.332],[-58.147,-7.343],[-58.137,-7.356],[-58.138,-7.349],[-58.121,-7.352],[-58.113,-7.357],[-58.092,-7.374],[-58.069,-7.389],[-58.061,-7.395],[-58.048,-7.422],[-58.04,-7.446],[-58.035,-7.454],[-58.02,-7.473],[-58.002,-7.488],[-57.994,-7.5],[-57.987,-7.515],[-57.973,-7.535],[-57.964,-7.555],[-57.952,-7.58],[-57.945,-7.602],[-57.942,-7.619],[-57.942,-7.643],[-57.94,-7.653],[-57.934,-7.657],[-57.916,-7.657],[-57.901,-7.668],[-57.897,-7.678],[-57.889,-7.712],[-57.887,-7.728],[-57.883,-7.747],[-57.88,-7.782],[-57.874,-7.801],[-57.868,-7.813],[-57.855,-7.834],[-57.841,-7.862],[-57.835,-7.881],[-57.833,-7.895],[-57.834,-7.909],[-57.832,-7.933],[-57.832,-7.962],[-57.829,-7.973],[-57.817,-7.99],[-57.802,-8.007],[-57.792,-8.027],[-57.776,-8.052],[-57.75,-8.074],[-57.733,-8.089],[-57.727,-8.098],[-57.726,-8.118],[-57.719,-8.151],[-57.715,-8.158],[-57.705,-8.168],[-57.693,-8.171],[-57.673,-8.173],[-57.658,-8.187],[-57.646,-8.206],[-57.642,-8.22],[-57.645,-8.235],[-57.659,-8.258],[-57.663,-8.268],[-57.664,-8.291],[-57.669,-8.301],[-57.678,-8.312],[-57.68,-8.327],[-57.676,-8.341],[-57.668,-8.364],[-57.67,-8.379],[-57.687,-8.407],[-57.687,-8.416],[-57.683,-8.43],[-57.664,-8.457],[-57.654,-8.465],[-57.652,-8.479],[-57.66,-8.49],[-57.659,-8.5],[-57.638,-8.514],[-57.633,-8.527],[-57.639,-8.541],[-57.651,-8.553],[-57.647,-8.567],[-57.649,-8.576],[-57.645,-8.582],[-57.631,-8.585],[-57.622,-8.591],[-57.621,-8.604],[-57.625,-8.621],[-57.625,-8.639],[-57.623,-8.645],[-57.611,-8.659],[-57.605,-8.663],[-57.603,-8.679],[-57.598,-8.688],[-57.594,-8.707],[-57.601,-8.741],[-57.597,-8.745],[-57.593,-8.757],[-57.586,-8.759],[-57.562,-8.761],[-57.544,-8.752],[-57.53,-8.748],[-57.523,-8.75],[-57.507,-8.761],[-57.485,-8.769],[-57.464,-8.785],[-57.45,-8.786],[-57.44,-8.783],[-57.428,-8.783],[-57.417,-8.793],[-57.414,-8.812],[-57.414,-8.831],[-57.42,-8.842],[-57.42,-8.853],[-57.416,-8.859],[-57.403,-8.863],[-57.384,-8.88],[-57.377,-8.882],[-57.35,-8.881],[-57.318,-8.886],[-57.312,-8.89],[-57.306,-8.91],[-57.289,-8.916],[-57.262,-8.908],[-57.245,-8.906],[-57.236,-8.907],[-57.216,-8.914],[-57.204,-8.921],[-57.189,-8.933],[-57.182,-8.941],[-57.162,-8.969],[-57.148,-8.982],[-57.138,-8.995],[-57.108,-9.012],[-57.095,-9.017],[-57.09,-9.038],[-57.076,-9.055],[-57.06,-9.064],[-57.063,-9.079],[-57.046,-9.089],[-57.039,-9.098],[-57.041,-9.115],[-57.06,-9.137],[-57.052,-9.159],[-57.059,-9.17],[-57.06,-9.182],[-57.047,-9.194],[-57.039,-9.197],[-57.034,-9.21],[-57.023,-9.22],[-57.008,-9.223],[-56.995,-9.234],[-56.986,-9.23],[-56.973,-9.229],[-56.964,-9.225],[-56.949,-9.224],[-56.942,-9.229],[-56.895,-9.235],[-56.88,-9.24],[-56.872,-9.239],[-56.86,-9.232],[-56.844,-9.241],[-56.82,-9.246],[-56.812,-9.254],[-56.803,-9.268],[-56.8,-9.28],[-56.792,-9.294],[-56.785,-9.317],[-56.779,-9.317],[-56.776,-9.329],[-56.777,-9.352],[-56.776,-9.366],[-56.77,-9.376],[-56.772,-9.391],[-56.761,-9.405],[-56.754,-9.406],[-56.738,-9.397],[-56.718,-9.384],[-56.716,-9.377],[-56.708,-9.373],[-56.698,-9.374],[-56.692,-9.371],[-56.672,-9.367],[-56.272,-9.401],[-56.157,-9.41],[-55.867,-9.434],[-55.716,-9.447],[-55.604,-9.456],[-55.487,-9.465],[-55.378,-9.474],[-55.152,-9.493],[-54.996,-9.505],[-54.758,-9.524],[-54.614,-9.536],[-54.302,-9.558],[-54.107,-9.572],[-54.001,-9.58],[-53.84,-9.592],[-53.645,-9.607],[-53.589,-9.611],[-53.325,-9.631],[-53.133,-9.645],[-53.001,-9.655],[-52.921,-9.661],[-52.619,-9.682],[-52.36,-9.7],[-52.257,-9.708],[-52.027,-9.724],[-51.972,-9.728],[-51.724,-9.745],[-51.488,-9.761],[-51.304,-9.773],[-51.058,-9.788],[-50.846,-9.801],[-50.696,-9.811],[-50.501,-9.824],[-50.371,-9.832],[-50.225,-9.841],[-50.218,-9.835],[-50.214,-9.813],[-50.208,-9.803],[-50.204,-9.791],[-50.199,-9.762],[-50.19,-9.751],[-50.182,-9.736],[-50.161,-9.713],[-50.159,-9.699],[-50.15,-9.693],[-50.15,-9.675],[-50.143,-9.663],[-50.139,-9.649],[-50.14,-9.636],[-50.138,-9.625],[-50.127,-9.621],[-50.123,-9.61],[-50.107,-9.594],[-50.107,-9.572],[-50.103,-9.563],[-50.093,-9.552],[-50.09,-9.546],[-50.091,-9.533],[-50.094,-9.526],[-50.108,-9.509],[-50.101,-9.5],[-50.105,-9.49],[-50.105,-9.475],[-50.097,-9.455],[-50.09,-9.432],[-50.082,-9.418],[-50.066,-9.401],[-50.053,-9.373],[-50.053,-9.351],[-50.056,-9.335],[-50.051,-9.313],[-50.043,-9.302],[-50.038,-9.289],[-50.013,-9.277],[-50.003,-9.265],[-50.003,-9.259],[-49.997,-9.238],[-49.987,-9.231],[-49.967,-9.231],[-49.954,-9.217],[-49.946,-9.204],[-49.912,-9.179],[-49.905,-9.17],[-49.91,-9.153],[-49.897,-9.144],[-49.886,-9.124],[-49.871,-9.104],[-49.862,-9.086],[-49.863,-9.082],[-49.855,-9.072],[-49.851,-9.064],[-49.85,-9.047],[-49.843,-9.027],[-49.836,-9.019],[-49.809,-8.992],[-49.794,-8.979],[-49.782,-8.962],[-49.768,-8.934],[-49.755,-8.922],[-49.745,-8.906],[-49.733,-8.903],[-49.7,-8.872],[-49.684,-8.857],[-49.642,-8.847],[-49.626,-8.848],[-49.613,-8.846],[-49.592,-8.839],[-49.581,-8.819],[-49.565,-8.801],[-49.55,-8.777],[-49.543,-8.761],[-49.514,-8.724],[-49.5,-8.703],[-49.49,-8.692],[-49.482,-8.674],[-49.471,-8.648],[-49.46,-8.632],[-49.456,-8.619],[-49.452,-8.613],[-49.435,-8.598],[-49.41,-8.58],[-49.401,-8.559],[-49.4,-8.545],[-49.399,-8.533],[-49.392,-8.49],[-49.385,-8.479],[-49.377,-8.455],[-49.349,-8.418],[-49.338,-8.411],[-49.313,-8.403],[-49.299,-8.395],[-49.283,-8.38],[-49.276,-8.364],[-49.267,-8.334],[-49.262,-8.304],[-49.255,-8.285],[-49.254,-8.271],[-49.249,-8.255],[-49.236,-8.232],[-49.231,-8.218],[-49.221,-8.204],[-49.216,-8.194],[-49.21,-8.175],[-49.204,-8.14],[-49.207,-8.127],[-49.206,-8.117],[-49.2,-8.102],[-49.199,-8.088],[-49.193,-8.076],[-49.183,-8.071],[-49.177,-8.062],[-49.176,-8.044],[-49.173,-8.021],[-49.176,-8.009],[-49.182,-7.985],[-49.182,-7.977],[-49.17,-7.955],[-49.167,-7.944],[-49.163,-7.921],[-49.163,-7.901],[-49.166,-7.88],[-49.166,-7.863],[-49.167,-7.856],[-49.165,-7.833],[-49.15,-7.812],[-49.151,-7.802],[-49.161,-7.791],[-49.17,-7.787],[-49.186,-7.784],[-49.203,-7.774],[-49.221,-7.762],[-49.24,-7.741],[-49.268,-7.721],[-49.297,-7.696],[-49.323,-7.682],[-49.335,-7.669],[-49.342,-7.656],[-49.351,-7.632],[-49.361,-7.615],[-49.374,-7.588],[-49.382,-7.569],[-49.384,-7.543],[-49.378,-7.5],[-49.378,-7.496],[-49.363,-7.481],[-49.347,-7.462],[-49.315,-7.427],[-49.301,-7.411],[-49.287,-7.391],[-49.274,-7.378],[-49.264,-7.364],[-49.254,-7.349],[-49.234,-7.329],[-49.226,-7.316],[-49.213,-7.291],[-49.207,-7.271],[-49.19,-7.246],[-49.185,-7.235],[-49.183,-7.215],[-49.186,-7.197],[-49.194,-7.13],[-49.193,-7.095],[-49.191,-7.075],[-49.191,-7.056],[-49.194,-7.041],[-49.195,-7.026],[-49.209,-6.983],[-49.215,-6.976],[-49.217,-6.962],[-49.215,-6.938],[-49.209,-6.925],[-49.199,-6.916],[-49.184,-6.908],[-49.179,-6.898],[-49.172,-6.893],[-49.151,-6.889],[-49.115,-6.87],[-49.103,-6.857],[-49.083,-6.843],[-49.067,-6.833],[-49.044,-6.816],[-49.038,-6.809],[-49.019,-6.784],[-48.977,-6.782],[-48.964,-6.779],[-48.94,-6.767],[-48.924,-6.763],[-48.914,-6.757],[-48.901,-6.757],[-48.853,-6.749],[-48.842,-6.75],[-48.826,-6.755],[-48.814,-6.752],[-48.793,-6.744],[-48.769,-6.731],[-48.755,-6.715],[-48.748,-6.703],[-48.737,-6.693],[-48.729,-6.689],[-48.698,-6.684],[-48.683,-6.678],[-48.666,-6.664],[-48.655,-6.651],[-48.652,-6.64],[-48.652,-6.612],[-48.654,-6.601],[-48.661,-6.583],[-48.664,-6.568],[-48.663,-6.558],[-48.658,-6.539],[-48.647,-6.524],[-48.646,-6.509],[-48.634,-6.491],[-48.626,-6.479],[-48.62,-6.462],[-48.607,-6.448],[-48.593,-6.439],[-48.573,-6.423],[-48.565,-6.415],[-48.552,-6.41],[-48.541,-6.401],[-48.531,-6.39],[-48.524,-6.373],[-48.514,-6.364],[-48.511,-6.357],[-48.5,-6.351],[-48.464,-6.35],[-48.448,-6.351],[-48.422,-6.359],[-48.399,-6.374],[-48.383,-6.38],[-48.376,-6.356],[-48.376,-6.345],[-48.378,-6.334],[-48.389,-6.322],[-48.412,-6.306],[-48.417,-6.299],[-48.417,-6.29],[-48.413,-6.281],[-48.419,-6.268],[-48.422,-6.248],[-48.43,-6.216],[-48.436,-6.201],[-48.436,-6.188],[-48.432,-6.177],[-48.42,-6.163],[-48.408,-6.153],[-48.391,-6.147],[-48.378,-6.149],[-48.365,-6.147],[-48.347,-6.142],[-48.325,-6.133],[-48.306,-6.119],[-48.297,-6.111],[-48.288,-6.098],[-48.283,-6.082],[-48.287,-6.066],[-48.298,-6.05],[-48.31,-6.044],[-48.33,-6.04],[-48.338,-6.028],[-48.338,-6.016],[-48.335,-6.004],[-48.322,-5.986],[-48.314,-5.979],[-48.297,-5.97],[-48.261,-5.963],[-48.252,-5.96],[-48.237,-5.953],[-48.233,-5.948],[-48.229,-5.93],[-48.23,-5.923],[-48.236,-5.911],[-48.246,-5.896],[-48.259,-5.881],[-48.27,-5.871],[-48.285,-5.852],[-48.292,-5.837],[-48.3,-5.796],[-48.298,-5.765],[-48.29,-5.744],[-48.283,-5.733],[-48.276,-5.726],[-48.264,-5.725],[-48.253,-5.728],[-48.231,-5.729],[-48.22,-5.728],[-48.201,-5.723],[-48.176,-5.712],[-48.172,-5.709],[-48.163,-5.695],[-48.141,-5.654],[-48.135,-5.635],[-48.132,-5.618],[-48.138,-5.603],[-48.154,-5.591],[-48.177,-5.575],[-48.19,-5.571],[-48.195,-5.563],[-48.213,-5.554],[-48.226,-5.551],[-48.238,-5.553],[-48.261,-5.548],[-48.279,-5.54],[-48.301,-5.523],[-48.312,-5.508],[-48.325,-5.494],[-48.328,-5.497],[-48.327,-5.487],[-48.341,-5.467],[-48.342,-5.45],[-48.347,-5.435],[-48.358,-5.421],[-48.368,-5.415],[-48.373,-5.403],[-48.385,-5.394],[-48.394,-5.394],[-48.401,-5.403],[-48.417,-5.402],[-48.441,-5.408],[-48.465,-5.412],[-48.492,-5.426],[-48.514,-5.43],[-48.557,-5.417],[-48.576,-5.421],[-48.597,-5.423],[-48.612,-5.419],[-48.629,-5.41],[-48.644,-5.39],[-48.651,-5.385],[-48.681,-5.379],[-48.705,-5.376],[-48.717,-5.377],[-48.737,-5.374],[-48.749,-5.367],[-48.755,-5.36],[-48.755,-5.349],[-48.603,-5.23],[-48.492,-5.144],[-48.452,-5.112],[-48.439,-5.101],[-48.433,-5.098],[-48.437,-5.09],[-48.437,-5.079],[-48.427,-5.075],[-48.419,-5.086],[-48.4,-5.074],[-48.386,-5.061],[-48.374,-5.052],[-48.212,-4.925],[-48.195,-4.911]]],[[[-46.614,-0.957],[-46.606,-0.955],[-46.602,-0.942],[-46.606,-0.94],[-46.62,-0.946],[-46.627,-0.959],[-46.614,-0.957]]],[[[-46.444,-1.017],[-46.433,-1.014],[-46.434,-1.006],[-46.445,-1.011],[-46.444,-1.017]]],[[[-46.433,-0.989],[-46.414,-0.975],[-46.405,-0.965],[-46.402,-0.948],[-46.411,-0.941],[-46.419,-0.949],[-46.432,-0.971],[-46.433,-0.989]]],[[[-46.379,-1.022],[-46.375,-1.019],[-46.38,-1.01],[-46.385,-1.015],[-46.379,-1.022]]],[[[-49.626,0.19],[-49.633,0.195],[-49.661,0.187],[-49.676,0.17],[-49.678,0.156],[-49.665,0.148],[-49.654,0.145],[-49.639,0.149],[-49.615,0.153],[-49.602,0.17],[-49.607,0.181],[-49.626,0.19]]],[[[-49.45,0.117],[-49.471,0.139],[-49.477,0.148],[-49.488,0.149],[-49.505,0.13],[-49.507,0.124],[-49.502,0.117],[-49.479,0.116],[-49.474,0.113],[-49.452,0.112],[-49.45,0.117]]],[[[-49.618,0.199],[-49.599,0.211],[-49.576,0.22],[-49.562,0.236],[-49.558,0.244],[-49.574,0.249],[-49.585,0.249],[-49.602,0.243],[-49.614,0.232],[-49.632,0.21],[-49.632,0.201],[-49.618,0.199]]],[[[-49.563,0.187],[-49.556,0.202],[-49.565,0.206],[-49.608,0.192],[-49.603,0.185],[-49.592,0.182],[-49.568,0.181],[-49.563,0.187]]],[[[-49.131,-0.161],[-49.124,-0.159],[-49.122,-0.147],[-49.128,-0.141],[-49.151,-0.136],[-49.154,-0.146],[-49.152,-0.152],[-49.135,-0.162],[-49.131,-0.161]]],[[[-48.968,-0.189],[-48.975,-0.176],[-48.986,-0.171],[-48.987,-0.18],[-48.982,-0.184],[-48.968,-0.189]]],[[[-48.876,-0.182],[-48.873,-0.173],[-48.877,-0.161],[-48.887,-0.153],[-48.901,-0.15],[-48.916,-0.151],[-48.93,-0.161],[-48.937,-0.179],[-48.946,-0.198],[-48.947,-0.206],[-48.942,-0.211],[-48.925,-0.214],[-48.902,-0.203],[-48.881,-0.203],[-48.873,-0.2],[-48.865,-0.191],[-48.866,-0.184],[-48.876,-0.182]]],[[[-47.971,-0.655],[-47.975,-0.649],[-47.984,-0.656],[-47.985,-0.667],[-47.982,-0.673],[-47.974,-0.665],[-47.971,-0.655]]],[[[-48.01,-0.662],[-48.016,-0.67],[-48.015,-0.684],[-48.008,-0.683],[-48.006,-0.667],[-48.01,-0.662]]],[[[-48.755,-0.18],[-48.747,-0.172],[-48.755,-0.164],[-48.762,-0.165],[-48.771,-0.179],[-48.761,-0.185],[-48.755,-0.18]]],[[[-46.311,-1.006],[-46.306,-0.998],[-46.307,-0.989],[-46.313,-0.97],[-46.314,-0.959],[-46.307,-0.943],[-46.309,-0.938],[-46.317,-0.934],[-46.322,-0.936],[-46.338,-0.955],[-46.34,-0.96],[-46.328,-0.973],[-46.332,-0.985],[-46.316,-1.005],[-46.311,-1.006]]],[[[-46.15,-0.954],[-46.145,-0.948],[-46.141,-0.932],[-46.146,-0.924],[-46.154,-0.929],[-46.156,-0.953],[-46.15,-0.954]]]]},"properties":{"uf":"PA","code":15}},{"type":"Feature","geometry":{"type":"MultiPolygon","coordinates":[[[[-50.684,2.144],[-50.685,2.15],[-50.681,2.167],[-50.687,2.191],[-50.705,2.224],[-50.713,2.233],[-50.72,2.236],[-50.724,2.244],[-50.725,2.253],[-50.722,2.278],[-50.723,2.288],[-50.731,2.301],[-50.741,2.309],[-50.745,2.322],[-50.744,2.33],[-50.747,2.353],[-50.751,2.363],[-50.758,2.369],[-50.756,2.386],[-50.761,2.399],[-50.768,2.407],[-50.767,2.429],[-50.77,2.453],[-50.784,2.471],[-50.788,2.486],[-50.794,2.498],[-50.802,2.503],[-50.816,2.503],[-50.827,2.513],[-50.824,2.528],[-50.833,2.54],[-50.832,2.554],[-50.838,2.578],[-50.847,2.591],[-50.844,2.601],[-50.845,2.62],[-50.848,2.64],[-50.859,2.645],[-50.857,2.656],[-50.859,2.664],[-50.868,2.677],[-50.875,2.684],[-50.88,2.684],[-50.886,2.711],[-50.883,2.723],[-50.885,2.741],[-50.887,2.746],[-50.902,2.757],[-50.905,2.757],[-50.906,2.782],[-50.91,2.79],[-50.923,2.803],[-50.932,2.808],[-50.945,2.818],[-50.948,2.827],[-50.954,2.837],[-50.95,2.845],[-50.951,2.861],[-50.949,2.875],[-50.951,2.884],[-50.96,2.896],[-50.976,2.929],[-50.984,2.937],[-50.989,2.958],[-50.992,2.962],[-50.992,2.976],[-50.999,3.011],[-51.007,3.027],[-51.015,3.037],[-51.021,3.051],[-51.021,3.064],[-51.015,3.068],[-51.018,3.078],[-51.014,3.086],[-51.025,3.103],[-51.032,3.107],[-51.044,3.134],[-51.045,3.15],[-51.042,3.155],[-51.043,3.167],[-51.036,3.177],[-51.032,3.208],[-51.033,3.214],[-51.044,3.241],[-51.049,3.248],[-51.058,3.272],[-51.065,3.288],[-51.069,3.303],[-51.087,3.35],[-51.098,3.395],[-51.1,3.406],[-51.105,3.426],[-51.109,3.451],[-51.101,3.462],[-51.091,3.481],[-51.087,3.5],[-51.087,3.52],[-51.082,3.559],[-51.086,3.591],[-51.088,3.624],[-51.091,3.632],[-51.088,3.643],[-51.09,3.689],[-51.091,3.739],[-51.088,3.764],[-51.087,3.784],[-51.089,3.794],[-51.086,3.811],[-51.089,3.819],[-51.085,3.84],[-51.081,3.885],[-51.085,3.9],[-51.092,3.908],[-51.102,3.913],[-51.124,3.908],[-51.151,3.914],[-51.179,3.92],[-51.18,3.927],[-51.179,3.951],[-51.181,3.963],[-51.177,3.981],[-51.178,4.003],[-51.176,4.011],[-51.181,4.028],[-51.181,4.042],[-51.184,4.046],[-51.188,4.077],[-51.198,4.102],[-51.197,4.106],[-51.216,4.15],[-51.245,4.191],[-51.252,4.203],[-51.264,4.216],[-51.271,4.234],[-51.283,4.247],[-51.283,4.25],[-51.297,4.261],[-51.32,4.285],[-51.338,4.31],[-51.352,4.32],[-51.366,4.336],[-51.385,4.353],[-51.394,4.365],[-51.411,4.377],[-51.422,4.387],[-51.446,4.404],[-51.486,4.437],[-51.512,4.448],[-51.638,4.509],[-51.662,4.471],[-51.669,4.454],[-51.664,4.423],[-51.674,4.394],[-51.679,4.366],[-51.677,4.333],[-51.669,4.31],[-51.649,4.267],[-51.623,4.226],[-51.619,4.21],[-51.622,4.195],[-51.631,4.186],[-51.635,4.176],[-51.637,4.157],[-51.638,4.133],[-51.642,4.116],[-51.648,4.08],[-51.656,4.054],[-51.676,4.036],[-51.702,4.024],[-51.709,4.018],[-51.717,4.016],[-51.73,4.008],[-51.746,4.002],[-51.758,3.992],[-51.764,3.984],[-51.776,3.977],[-51.782,3.964],[-51.783,3.946],[-51.781,3.942],[-51.781,3.925],[-51.791,3.902],[-51.799,3.887],[-51.813,3.873],[-51.822,3.868],[-51.823,3.859],[-51.837,3.851],[-51.846,3.841],[-51.856,3.833],[-51.864,3.822],[-51.87,3.808],[-51.874,3.803],[-51.884,3.801],[-51.886,3.795],[-51.898,3.798],[-51.896,3.786],[-51.905,3.781],[-51.918,3.782],[-51.927,3.767],[-51.921,3.759],[-51.916,3.746],[-51.92,3.737],[-51.919,3.732],[-51.925,3.722],[-51.936,3.719],[-51.949,3.723],[-51.956,3.72],[-51.973,3.705],[-51.978,3.685],[-51.986,3.672],[-51.989,3.661],[-51.987,3.654],[-51.993,3.643],[-51.989,3.635],[-51.989,3.627],[-52.003,3.609],[-52.019,3.594],[-52.033,3.571],[-52.039,3.557],[-52.061,3.519],[-52.071,3.518],[-52.071,3.506],[-52.08,3.492],[-52.087,3.49],[-52.094,3.475],[-52.095,3.462],[-52.109,3.451],[-52.122,3.424],[-52.129,3.413],[-52.138,3.394],[-52.15,3.376],[-52.151,3.371],[-52.163,3.351],[-52.17,3.344],[-52.177,3.327],[-52.187,3.32],[-52.19,3.31],[-52.189,3.302],[-52.203,3.288],[-52.211,3.277],[-52.223,3.254],[-52.234,3.241],[-52.243,3.237],[-52.25,3.251],[-52.261,3.253],[-52.264,3.246],[-52.276,3.235],[-52.292,3.226],[-52.293,3.217],[-52.303,3.2],[-52.299,3.178],[-52.303,3.173],[-52.312,3.175],[-52.33,3.167],[-52.335,3.151],[-52.341,3.144],[-52.331,3.139],[-52.334,3.135],[-52.349,3.135],[-52.351,3.123],[-52.338,3.118],[-52.345,3.108],[-52.346,3.098],[-52.338,3.089],[-52.327,3.08],[-52.328,3.071],[-52.332,3.066],[-52.346,3.042],[-52.352,3.023],[-52.362,3.017],[-52.366,2.995],[-52.371,2.991],[-52.368,2.984],[-52.371,2.976],[-52.383,2.95],[-52.392,2.948],[-52.39,2.94],[-52.395,2.932],[-52.388,2.917],[-52.379,2.914],[-52.39,2.898],[-52.42,2.893],[-52.436,2.864],[-52.445,2.85],[-52.453,2.828],[-52.474,2.794],[-52.478,2.782],[-52.475,2.764],[-52.482,2.761],[-52.479,2.754],[-52.491,2.729],[-52.5,2.721],[-52.507,2.7],[-52.52,2.682],[-52.519,2.677],[-52.527,2.664],[-52.529,2.652],[-52.542,2.654],[-52.55,2.649],[-52.556,2.639],[-52.551,2.631],[-52.545,2.631],[-52.542,2.622],[-52.55,2.611],[-52.536,2.603],[-52.532,2.599],[-52.527,2.582],[-52.538,2.567],[-52.537,2.559],[-52.55,2.562],[-52.561,2.547],[-52.556,2.534],[-52.55,2.532],[-52.552,2.521],[-52.565,2.516],[-52.571,2.509],[-52.589,2.492],[-52.598,2.475],[-52.617,2.476],[-52.622,2.47],[-52.622,2.462],[-52.611,2.455],[-52.616,2.446],[-52.637,2.445],[-52.637,2.44],[-52.646,2.432],[-52.645,2.418],[-52.657,2.404],[-52.654,2.396],[-52.661,2.374],[-52.674,2.369],[-52.686,2.367],[-52.71,2.359],[-52.719,2.35],[-52.717,2.344],[-52.74,2.337],[-52.749,2.329],[-52.779,2.318],[-52.804,2.3],[-52.819,2.295],[-52.842,2.291],[-52.838,2.281],[-52.853,2.279],[-52.854,2.264],[-52.873,2.258],[-52.873,2.247],[-52.877,2.238],[-52.886,2.233],[-52.888,2.224],[-52.901,2.199],[-52.904,2.188],[-52.919,2.192],[-52.926,2.19],[-52.935,2.194],[-52.939,2.19],[-52.938,2.181],[-52.957,2.173],[-52.96,2.175],[-52.975,2.172],[-52.978,2.168],[-52.988,2.168],[-52.997,2.176],[-53.005,2.179],[-53.012,2.178],[-53.018,2.182],[-53.039,2.186],[-53.053,2.19],[-53.065,2.2],[-53.084,2.213],[-53.099,2.214],[-53.118,2.212],[-53.139,2.212],[-53.163,2.205],[-53.175,2.204],[-53.185,2.199],[-53.208,2.199],[-53.221,2.194],[-53.228,2.198],[-53.233,2.205],[-53.243,2.208],[-53.247,2.199],[-53.256,2.198],[-53.258,2.192],[-53.266,2.189],[-53.273,2.192],[-53.279,2.186],[-53.287,2.197],[-53.28,2.205],[-53.276,2.225],[-53.267,2.224],[-53.261,2.236],[-53.26,2.253],[-53.253,2.247],[-53.238,2.259],[-53.23,2.262],[-53.235,2.275],[-53.246,2.273],[-53.262,2.276],[-53.261,2.288],[-53.278,2.299],[-53.283,2.31],[-53.298,2.31],[-53.308,2.318],[-53.316,2.33],[-53.317,2.34],[-53.323,2.347],[-53.334,2.345],[-53.338,2.354],[-53.348,2.355],[-53.36,2.349],[-53.36,2.334],[-53.368,2.321],[-53.377,2.318],[-53.386,2.308],[-53.399,2.308],[-53.405,2.297],[-53.415,2.297],[-53.422,2.29],[-53.434,2.288],[-53.44,2.28],[-53.456,2.287],[-53.461,2.291],[-53.47,2.289],[-53.466,2.277],[-53.454,2.27],[-53.459,2.261],[-53.473,2.257],[-53.485,2.265],[-53.495,2.261],[-53.51,2.262],[-53.52,2.267],[-53.532,2.258],[-53.55,2.258],[-53.568,2.272],[-53.578,2.273],[-53.584,2.269],[-53.596,2.279],[-53.598,2.284],[-53.61,2.287],[-53.619,2.278],[-53.626,2.285],[-53.656,2.284],[-53.653,2.302],[-53.661,2.3],[-53.664,2.305],[-53.671,2.305],[-53.682,2.301],[-53.686,2.295],[-53.696,2.312],[-53.708,2.309],[-53.714,2.312],[-53.727,2.314],[-53.733,2.309],[-53.749,2.313],[-53.748,2.322],[-53.741,2.325],[-53.738,2.338],[-53.731,2.341],[-53.725,2.349],[-53.739,2.362],[-53.745,2.359],[-53.742,2.375],[-53.758,2.375],[-53.767,2.379],[-53.773,2.374],[-53.784,2.373],[-53.791,2.365],[-53.8,2.365],[-53.806,2.357],[-53.813,2.354],[-53.815,2.342],[-53.833,2.341],[-53.837,2.334],[-53.832,2.328],[-53.825,2.33],[-53.818,2.327],[-53.815,2.317],[-53.824,2.318],[-53.829,2.313],[-53.844,2.309],[-53.852,2.31],[-53.86,2.32],[-53.866,2.312],[-53.871,2.316],[-53.884,2.316],[-53.89,2.304],[-53.888,2.299],[-53.908,2.274],[-53.916,2.277],[-53.916,2.291],[-53.93,2.291],[-53.934,2.297],[-53.94,2.293],[-53.937,2.286],[-53.942,2.278],[-53.936,2.259],[-53.943,2.252],[-53.942,2.242],[-53.953,2.245],[-53.967,2.243],[-53.975,2.232],[-53.99,2.237],[-54.001,2.23],[-54.189,2.179],[-54.437,2.21],[-54.602,2.337],[-54.662,2.327],[-54.692,2.361],[-54.686,2.411],[-54.685,2.447],[-54.744,2.471],[-54.797,2.439],[-54.872,2.434],[-54.876,2.427],[-54.875,2.415],[-54.868,2.409],[-54.866,2.403],[-54.843,2.38],[-54.808,2.342],[-54.805,2.329],[-54.796,2.318],[-54.796,2.309],[-54.802,2.308],[-54.807,2.298],[-54.803,2.29],[-54.809,2.286],[-54.811,2.266],[-54.803,2.254],[-54.799,2.246],[-54.787,2.232],[-54.782,2.223],[-54.775,2.22],[-54.771,2.208],[-54.763,2.202],[-54.763,2.192],[-54.77,2.188],[-54.768,2.181],[-54.783,2.174],[-54.783,2.164],[-54.79,2.156],[-54.798,2.15],[-54.806,2.139],[-54.804,2.132],[-54.809,2.123],[-54.805,2.108],[-54.814,2.101],[-54.808,2.088],[-54.806,2.076],[-54.812,2.071],[-54.813,2.063],[-54.806,2.054],[-54.807,2.037],[-54.804,2.026],[-54.795,2.017],[-54.791,2.007],[-54.781,2.0],[-54.769,1.996],[-54.769,1.985],[-54.756,1.974],[-54.756,1.96],[-54.764,1.95],[-54.769,1.935],[-54.77,1.926],[-54.762,1.906],[-54.764,1.893],[-54.759,1.89],[-54.753,1.876],[-54.753,1.851],[-54.748,1.842],[-54.744,1.843],[-54.739,1.825],[-54.751,1.814],[-54.747,1.806],[-54.754,1.798],[-54.753,1.791],[-54.746,1.786],[-54.745,1.776],[-54.726,1.774],[-54.724,1.771],[-54.695,1.774],[-54.692,1.768],[-54.679,1.769],[-54.671,1.766],[-54.652,1.772],[-54.644,1.769],[-54.628,1.777],[-54.626,1.781],[-54.612,1.779],[-54.602,1.785],[-54.594,1.78],[-54.581,1.778],[-54.576,1.78],[-54.564,1.774],[-54.531,1.767],[-54.524,1.756],[-54.512,1.753],[-54.509,1.748],[-54.502,1.751],[-54.496,1.747],[-54.486,1.751],[-54.471,1.752],[-54.471,1.756],[-54.457,1.758],[-54.435,1.754],[-54.425,1.76],[-54.418,1.757],[-54.404,1.76],[-54.387,1.745],[-54.379,1.757],[-54.37,1.759],[-54.352,1.754],[-54.351,1.747],[-54.344,1.747],[-54.342,1.74],[-54.33,1.744],[-54.323,1.738],[-54.317,1.737],[-54.3,1.724],[-54.293,1.726],[-54.283,1.716],[-54.289,1.708],[-54.275,1.71],[-54.27,1.705],[-54.263,1.688],[-54.264,1.68],[-54.254,1.684],[-54.247,1.682],[-54.244,1.676],[-54.23,1.676],[-54.228,1.665],[-54.219,1.657],[-54.21,1.654],[-54.201,1.646],[-54.197,1.632],[-54.187,1.628],[-54.188,1.639],[-54.186,1.654],[-54.178,1.657],[-54.176,1.648],[-54.169,1.644],[-54.157,1.643],[-54.153,1.639],[-54.144,1.641],[-54.142,1.629],[-54.133,1.627],[-54.133,1.617],[-54.123,1.607],[-54.123,1.602],[-54.131,1.597],[-54.123,1.591],[-54.119,1.581],[-54.111,1.588],[-54.102,1.584],[-54.11,1.575],[-54.117,1.558],[-54.114,1.551],[-54.099,1.55],[-54.085,1.526],[-54.089,1.514],[-54.085,1.506],[-54.089,1.492],[-54.078,1.486],[-54.079,1.495],[-54.069,1.501],[-54.062,1.495],[-54.052,1.494],[-54.04,1.506],[-54.035,1.502],[-54.025,1.5],[-54.02,1.516],[-54.013,1.52],[-54.006,1.517],[-53.999,1.505],[-54.003,1.495],[-54.002,1.484],[-53.995,1.475],[-53.986,1.479],[-53.976,1.472],[-53.967,1.484],[-53.955,1.477],[-53.954,1.468],[-53.944,1.471],[-53.935,1.467],[-53.926,1.466],[-53.931,1.458],[-53.93,1.45],[-53.938,1.446],[-53.935,1.436],[-53.922,1.442],[-53.917,1.457],[-53.912,1.458],[-53.896,1.455],[-53.893,1.443],[-53.881,1.44],[-53.877,1.432],[-53.884,1.42],[-53.888,1.408],[-53.883,1.401],[-53.876,1.407],[-53.865,1.406],[-53.855,1.402],[-53.844,1.406],[-53.844,1.394],[-53.831,1.394],[-53.824,1.39],[-53.807,1.392],[-53.807,1.402],[-53.823,1.414],[-53.816,1.422],[-53.804,1.423],[-53.788,1.413],[-53.784,1.403],[-53.768,1.396],[-53.763,1.408],[-53.755,1.395],[-53.732,1.386],[-53.731,1.396],[-53.715,1.405],[-53.716,1.418],[-53.724,1.428],[-53.717,1.432],[-53.711,1.427],[-53.7,1.425],[-53.696,1.418],[-53.707,1.407],[-53.713,1.396],[-53.712,1.384],[-53.702,1.378],[-53.688,1.386],[-53.683,1.384],[-53.681,1.373],[-53.671,1.372],[-53.665,1.375],[-53.663,1.393],[-53.655,1.407],[-53.645,1.405],[-53.641,1.399],[-53.641,1.389],[-53.645,1.38],[-53.644,1.364],[-53.661,1.345],[-53.651,1.336],[-53.642,1.335],[-53.633,1.347],[-53.613,1.351],[-53.595,1.358],[-53.584,1.347],[-53.571,1.337],[-53.566,1.34],[-53.564,1.35],[-53.548,1.349],[-53.538,1.341],[-53.534,1.331],[-53.533,1.322],[-53.544,1.316],[-53.557,1.313],[-53.563,1.307],[-53.559,1.291],[-53.553,1.28],[-53.538,1.278],[-53.531,1.274],[-53.523,1.261],[-53.531,1.245],[-53.546,1.228],[-53.545,1.222],[-53.539,1.212],[-53.525,1.212],[-53.503,1.225],[-53.493,1.227],[-53.474,1.239],[-53.451,1.233],[-53.439,1.232],[-53.426,1.243],[-53.426,1.226],[-53.417,1.203],[-53.403,1.194],[-53.396,1.179],[-53.397,1.17],[-53.402,1.154],[-53.407,1.149],[-53.421,1.147],[-53.435,1.154],[-53.444,1.151],[-53.453,1.144],[-53.459,1.134],[-53.456,1.11],[-53.456,1.077],[-53.453,1.071],[-53.436,1.06],[-53.435,1.048],[-53.428,1.043],[-53.422,1.034],[-53.43,1.02],[-53.427,0.992],[-53.417,0.989],[-53.411,0.982],[-53.413,0.972],[-53.411,0.957],[-53.414,0.947],[-53.411,0.929],[-53.4,0.919],[-53.361,0.896],[-53.355,0.888],[-53.322,0.872],[-53.302,0.859],[-53.288,0.846],[-53.279,0.834],[-53.275,0.825],[-53.27,0.824],[-53.255,0.809],[-53.234,0.798],[-53.19,0.768],[-53.188,0.755],[-53.185,0.748],[-53.172,0.737],[-53.157,0.729],[-53.151,0.719],[-53.147,0.7],[-53.14,0.693],[-53.124,0.697],[-53.115,0.688],[-53.106,0.684],[-53.106,0.679],[-53.114,0.662],[-53.115,0.647],[-53.123,0.63],[-53.13,0.623],[-53.134,0.615],[-53.147,0.6],[-53.154,0.577],[-53.155,0.563],[-53.148,0.552],[-53.148,0.542],[-53.152,0.532],[-53.163,0.522],[-53.16,0.514],[-53.17,0.494],[-53.16,0.488],[-53.155,0.48],[-53.164,0.453],[-53.168,0.446],[-53.165,0.432],[-53.159,0.42],[-53.161,0.399],[-53.175,0.382],[-53.175,0.377],[-53.166,0.363],[-53.151,0.352],[-53.143,0.335],[-53.136,0.326],[-53.137,0.309],[-53.131,0.296],[-53.112,0.286],[-53.108,0.278],[-53.095,0.262],[-53.094,0.259],[-53.106,0.237],[-53.1,0.215],[-53.094,0.195],[-53.083,0.189],[-53.07,0.17],[-53.063,0.167],[-53.052,0.157],[-53.05,0.149],[-53.04,0.136],[-53.036,0.12],[-53.029,0.105],[-53.011,0.095],[-53.015,0.06],[-53.004,0.044],[-52.989,0.039],[-52.983,0.033],[-52.976,0.018],[-52.977,-0.0],[-52.975,-0.022],[-52.969,-0.05],[-52.96,-0.063],[-52.949,-0.097],[-52.937,-0.123],[-52.933,-0.142],[-52.904,-0.155],[-52.898,-0.154],[-52.882,-0.144],[-52.872,-0.143],[-52.852,-0.15],[-52.845,-0.16],[-52.836,-0.186],[-52.816,-0.199],[-52.76,-0.238],[-52.757,-0.246],[-52.754,-0.262],[-52.74,-0.277],[-52.716,-0.293],[-52.701,-0.293],[-52.692,-0.3],[-52.684,-0.314],[-52.682,-0.34],[-52.685,-0.352],[-52.696,-0.372],[-52.699,-0.387],[-52.697,-0.393],[-52.681,-0.415],[-52.679,-0.424],[-52.687,-0.438],[-52.693,-0.442],[-52.703,-0.459],[-52.691,-0.477],[-52.696,-0.49],[-52.695,-0.496],[-52.682,-0.516],[-52.667,-0.525],[-52.67,-0.538],[-52.64,-0.585],[-52.629,-0.594],[-52.613,-0.595],[-52.599,-0.585],[-52.586,-0.579],[-52.576,-0.576],[-52.535,-0.574],[-52.528,-0.58],[-52.523,-0.589],[-52.517,-0.613],[-52.513,-0.62],[-52.51,-0.651],[-52.513,-0.665],[-52.51,-0.679],[-52.502,-0.693],[-52.497,-0.711],[-52.498,-0.731],[-52.502,-0.747],[-52.518,-0.775],[-52.523,-0.796],[-52.517,-0.809],[-52.525,-0.819],[-52.542,-0.837],[-52.544,-0.852],[-52.538,-0.858],[-52.524,-0.859],[-52.511,-0.857],[-52.497,-0.85],[-52.484,-0.847],[-52.463,-0.839],[-52.456,-0.83],[-52.444,-0.834],[-52.432,-0.848],[-52.42,-0.855],[-52.412,-0.863],[-52.401,-0.882],[-52.405,-0.913],[-52.408,-0.917],[-52.427,-0.919],[-52.438,-0.929],[-52.439,-0.944],[-52.436,-0.95],[-52.425,-0.96],[-52.419,-0.972],[-52.418,-0.999],[-52.414,-1.009],[-52.417,-1.026],[-52.428,-1.038],[-52.428,-1.048],[-52.42,-1.053],[-52.407,-1.045],[-52.4,-1.044],[-52.383,-1.054],[-52.358,-1.063],[-52.352,-1.07],[-52.339,-1.106],[-52.333,-1.116],[-52.313,-1.114],[-52.296,-1.117],[-52.285,-1.125],[-52.273,-1.129],[-52.259,-1.128],[-52.251,-1.126],[-52.239,-1.126],[-52.229,-1.132],[-52.215,-1.135],[-52.188,-1.133],[-52.179,-1.13],[-52.162,-1.134],[-52.147,-1.149],[-52.12,-1.146],[-52.117,-1.15],[-52.107,-1.183],[-52.109,-1.195],[-52.111,-1.215],[-52.108,-1.221],[-52.099,-1.228],[-52.071,-1.236],[-52.06,-1.236],[-52.051,-1.231],[-52.048,-1.214],[-52.063,-1.193],[-52.064,-1.186],[-52.055,-1.177],[-52.041,-1.17],[-52.017,-1.168],[-51.991,-1.172],[-51.987,-1.165],[-51.989,-1.149],[-51.994,-1.135],[-51.993,-1.129],[-51.985,-1.121],[-51.975,-1.121],[-51.966,-1.126],[-51.962,-1.134],[-51.966,-1.153],[-51.965,-1.163],[-51.959,-1.169],[-51.949,-1.169],[-51.945,-1.163],[-51.939,-1.148],[-51.931,-1.134],[-51.923,-1.133],[-51.908,-1.151],[-51.897,-1.162],[-51.882,-1.166],[-51.844,-1.16],[-51.809,-1.157],[-51.788,-1.148],[-51.778,-1.14],[-51.755,-1.114],[-51.709,-1.073],[-51.7,-1.063],[-51.688,-1.039],[-51.686,-1.013],[-51.69,-0.998],[-51.69,-0.98],[-51.696,-0.925],[-51.694,-0.908],[-51.691,-0.892],[-51.692,-0.867],[-51.689,-0.845],[-51.688,-0.823],[-51.686,-0.819],[-51.684,-0.795],[-51.679,-0.785],[-51.671,-0.776],[-51.662,-0.758],[-51.634,-0.711],[-51.62,-0.691],[-51.612,-0.676],[-51.596,-0.65],[-51.572,-0.623],[-51.539,-0.593],[-51.526,-0.58],[-51.515,-0.566],[-51.501,-0.554],[-51.487,-0.546],[-51.478,-0.534],[-51.458,-0.513],[-51.432,-0.473],[-51.428,-0.462],[-51.424,-0.437],[-51.417,-0.424],[-51.404,-0.415],[-51.396,-0.405],[-51.379,-0.388],[-51.362,-0.368],[-51.362,-0.359],[-51.355,-0.319],[-51.348,-0.3],[-51.332,-0.274],[-51.323,-0.264],[-51.303,-0.253],[-51.29,-0.228],[-51.26,-0.187],[-51.257,-0.181],[-51.241,-0.156],[-51.235,-0.144],[-51.216,-0.119],[-51.208,-0.117],[-51.172,-0.104],[-51.151,-0.103],[-51.118,-0.098],[-51.092,-0.089],[-51.081,-0.086],[-51.069,-0.079],[-51.04,-0.043],[-51.017,-0.011],[-51.008,-0.0],[-50.997,0.004],[-50.985,0.029],[-50.975,0.042],[-50.946,0.063],[-50.921,0.076],[-50.872,0.089],[-50.849,0.094],[-50.785,0.112],[-50.762,0.121],[-50.743,0.131],[-50.719,0.147],[-50.701,0.162],[-50.668,0.185],[-50.645,0.209],[-50.624,0.232],[-50.607,0.246],[-50.6,0.249],[-50.596,0.25],[-50.58,0.27],[-50.553,0.312],[-50.539,0.346],[-50.524,0.372],[-50.519,0.394],[-50.508,0.418],[-50.504,0.435],[-50.489,0.453],[-50.476,0.481],[-50.471,0.5],[-50.471,0.513],[-50.467,0.531],[-50.452,0.571],[-50.437,0.6],[-50.425,0.612],[-50.41,0.623],[-50.398,0.633],[-50.359,0.66],[-50.347,0.667],[-50.329,0.674],[-50.294,0.683],[-50.259,0.691],[-50.226,0.696],[-50.231,0.73],[-50.22,0.743],[-50.212,0.746],[-50.196,0.748],[-50.166,0.754],[-50.153,0.75],[-50.112,0.76],[-50.097,0.767],[-50.072,0.796],[-50.037,0.833],[-50.025,0.848],[-50.02,0.859],[-50.011,0.864],[-49.995,0.87],[-49.988,0.875],[-49.986,0.883],[-49.992,0.896],[-50.002,0.906],[-49.989,0.94],[-49.967,0.944],[-49.944,0.959],[-49.934,0.971],[-49.927,0.985],[-49.909,0.999],[-49.89,1.014],[-49.885,1.047],[-49.886,1.066],[-49.884,1.078],[-49.886,1.088],[-49.886,1.111],[-49.883,1.169],[-49.895,1.182],[-49.898,1.192],[-49.897,1.206],[-49.9,1.213],[-49.902,1.24],[-49.904,1.296],[-49.894,1.318],[-49.89,1.324],[-49.884,1.34],[-49.881,1.364],[-49.883,1.385],[-49.879,1.39],[-49.878,1.407],[-49.876,1.423],[-49.878,1.465],[-49.881,1.48],[-49.882,1.5],[-49.898,1.557],[-49.902,1.577],[-49.9,1.602],[-49.909,1.637],[-49.913,1.661],[-49.919,1.667],[-49.921,1.688],[-49.929,1.699],[-49.943,1.71],[-49.958,1.72],[-49.996,1.739],[-50.019,1.753],[-50.032,1.76],[-50.081,1.779],[-50.092,1.782],[-50.132,1.796],[-50.159,1.811],[-50.166,1.813],[-50.187,1.813],[-50.197,1.81],[-50.234,1.809],[-50.264,1.812],[-50.29,1.808],[-50.325,1.815],[-50.331,1.815],[-50.358,1.805],[-50.373,1.801],[-50.401,1.8],[-50.424,1.804],[-50.431,1.811],[-50.445,1.815],[-50.467,1.831],[-50.475,1.839],[-50.505,1.881],[-50.508,1.888],[-50.526,1.93],[-50.533,1.94],[-50.551,1.949],[-50.558,1.956],[-50.583,1.99],[-50.589,2.004],[-50.6,2.041],[-50.598,2.064],[-50.604,2.073],[-50.613,2.083],[-50.618,2.091],[-50.634,2.102],[-50.642,2.113],[-50.671,2.129],[-50.682,2.133],[-50.684,2.144]]],[[[-50.509,2.185],[-50.523,2.182],[-50.529,2.173],[-50.544,2.162],[-50.55,2.152],[-50.534,2.143],[-50.527,2.134],[-50.514,2.108],[-50.508,2.1],[-50.495,2.096],[-50.486,2.104],[-50.475,2.102],[-50.469,2.104],[-50.458,2.115],[-50.449,2.113],[-50.443,2.116],[-50.423,2.119],[-50.419,2.131],[-50.424,2.147],[-50.43,2.15],[-50.432,2.158],[-50.438,2.16],[-50.441,2.167],[-50.451,2.167],[-50.459,2.173],[-50.463,2.182],[-50.484,2.184],[-50.492,2.182],[-50.509,2.185]]],[[[-50.45,2.109],[-50.457,2.113],[-50.468,2.1],[-50.484,2.101],[-50.494,2.093],[-50.504,2.094],[-50.51,2.083],[-50.512,2.046],[-50.517,2.035],[-50.521,2.005],[-50.517,1.999],[-50.506,1.999],[-50.499,1.994],[-50.491,1.98],[-50.491,1.965],[-50.479,1.95],[-50.466,1.923],[-50.455,1.889],[-50.449,1.88],[-50.437,1.871],[-50.425,1.867],[-50.404,1.872],[-50.386,1.878],[-50.367,1.889],[-50.353,1.902],[-50.332,1.926],[-50.317,1.948],[-50.319,1.965],[-50.322,1.975],[-50.339,1.996],[-50.346,1.997],[-50.351,2.013],[-50.362,2.022],[-50.361,2.029],[-50.363,2.042],[-50.361,2.057],[-50.372,2.07],[-50.383,2.071],[-50.384,2.08],[-50.389,2.088],[-50.395,2.092],[-50.399,2.105],[-50.405,2.111],[-50.421,2.11],[-50.437,2.112],[-50.45,2.109]]]]},"properties":{"uf":"AP","code":16}},{"type":"Feature","geometry":{"type":"Polygon","coordinates":[[[-47.43,-6.423],[-47.42,-6.402],[-47.41,-6.366],[-47.412,-6.346],[-47.409,-6.328],[-47.396,-6.308],[-47.379,-6.273],[-47.377,-6.267],[-47.381,-6.25],[-47.385,-6.23],[-47.401,-6.209],[-47.417,-6.178],[-47.423,-6.16],[-47.43,-6.131],[-47.434,-6.093],[-47.43,-6.068],[-47.428,-6.039],[-47.431,-6.03],[-47.439,-6.012],[-47.448,-5.996],[-47.448,-5.99],[-47.431,-5.938],[-47.429,-5.92],[-47.433,-5.894],[-47.431,-5.881],[-47.432,-5.866],[-47.438,-5.857],[-47.442,-5.831],[-47.447,-5.82],[-47.453,-5.813],[-47.457,-5.8],[-47.467,-5.778],[-47.472,-5.77],[-47.483,-5.759],[-47.493,-5.731],[-47.493,-5.71],[-47.484,-5.684],[-47.474,-5.662],[-47.477,-5.637],[-47.48,-5.622],[-47.484,-5.596],[-47.485,-5.579],[-47.483,-5.565],[-47.488,-5.55],[-47.5,-5.526],[-47.517,-5.511],[-47.528,-5.493],[-47.548,-5.471],[-47.56,-5.463],[-47.581,-5.47],[-47.606,-5.465],[-47.619,-5.46],[-47.643,-5.44],[-47.667,-5.422],[-47.68,-5.415],[-47.721,-5.394],[-47.732,-5.386],[-47.744,-5.38],[-47.758,-5.378],[-47.772,-5.379],[-47.786,-5.383],[-47.806,-5.386],[-47.828,-5.387],[-47.844,-5.376],[-47.861,-5.355],[-47.868,-5.343],[-47.868,-5.328],[-47.866,-5.317],[-47.867,-5.305],[-47.87,-5.28],[-47.873,-5.272],[-47.886,-5.261],[-47.928,-5.241],[-47.937,-5.24],[-47.953,-5.24],[-47.984,-5.236],[-48.001,-5.234],[-48.015,-5.238],[-48.031,-5.25],[-48.041,-5.261],[-48.052,-5.268],[-48.069,-5.271],[-48.077,-5.273],[-48.112,-5.266],[-48.152,-5.264],[-48.177,-5.26],[-48.185,-5.257],[-48.19,-5.253],[-48.206,-5.249],[-48.225,-5.236],[-48.235,-5.228],[-48.248,-5.223],[-48.273,-5.216],[-48.293,-5.204],[-48.314,-5.203],[-48.329,-5.197],[-48.353,-5.174],[-48.364,-5.168],[-48.388,-5.174],[-48.42,-5.177],[-48.442,-5.183],[-48.457,-5.184],[-48.473,-5.187],[-48.487,-5.194],[-48.52,-5.192],[-48.53,-5.197],[-48.549,-5.214],[-48.561,-5.23],[-48.562,-5.247],[-48.569,-5.263],[-48.569,-5.283],[-48.584,-5.311],[-48.606,-5.337],[-48.612,-5.338],[-48.63,-5.333],[-48.639,-5.32],[-48.658,-5.308],[-48.679,-5.306],[-48.692,-5.312],[-48.699,-5.32],[-48.702,-5.329],[-48.705,-5.345],[-48.712,-5.353],[-48.73,-5.348],[-48.741,-5.353],[-48.755,-5.349],[-48.755,-5.36],[-48.749,-5.367],[-48.737,-5.374],[-48.717,-5.377],[-48.705,-5.376],[-48.681,-5.379],[-48.651,-5.385],[-48.644,-5.39],[-48.629,-5.41],[-48.612,-5.419],[-48.597,-5.423],[-48.576,-5.421],[-48.557,-5.417],[-48.514,-5.43],[-48.492,-5.426],[-48.465,-5.412],[-48.441,-5.408],[-48.417,-5.402],[-48.401,-5.403],[-48.394,-5.394],[-48.385,-5.394],[-48.373,-5.403],[-48.368,-5.415],[-48.358,-5.421],[-48.347,-5.435],[-48.342,-5.45],[-48.341,-5.467],[-48.327,-5.487],[-48.328,-5.497],[-48.325,-5.494],[-48.312,-5.508],[-48.301,-5.523],[-48.279,-5.54],[-48.261,-5.548],[-48.238,-5.553],[-48.226,-5.551],[-48.213,-5.554],[-48.195,-5.563],[-48.19,-5.571],[-48.177,-5.575],[-48.154,-5.591],[-48.138,-5.603],[-48.132,-5.618],[-48.135,-5.635],[-48.141,-5.654],[-48.163,-5.695],[-48.172,-5.709],[-48.176,-5.712],[-48.201,-5.723],[-48.22,-5.728],[-48.231,-5.729],[-48.253,-5.728],[-48.264,-5.725],[-48.276,-5.726],[-48.283,-5.733],[-48.29,-5.744],[-48.298,-5.765],[-48.3,-5.796],[-48.292,-5.837],[-48.285,-5.852],[-48.27,-5.871],[-48.259,-5.881],[-48.246,-5.896],[-48.236,-5.911],[-48.23,-5.923],[-48.229,-5.93],[-48.233,-5.948],[-48.237,-5.953],[-48.252,-5.96],[-48.261,-5.963],[-48.297,-5.97],[-48.314,-5.979],[-48.322,-5.986],[-48.335,-6.004],[-48.338,-6.016],[-48.338,-6.028],[-48.33,-6.04],[-48.31,-6.044],[-48.298,-6.05],[-48.287,-6.066],[-48.283,-6.082],[-48.288,-6.098],[-48.297,-6.111],[-48.306,-6.119],[-48.325,-6.133],[-48.347,-6.142],[-48.365,-6.147],[-48.378,-6.149],[-48.391,-6.147],[-48.408,-6.153],[-48.42,-6.163],[-48.432,-6.177],[-48.436,-6.188],[-48.436,-6.201],[-48.43,-6.216],[-48.422,-6.248],[-48.419,-6.268],[-48.413,-6.281],[-48.417,-6.29],[-48.417,-6.299],[-48.412,-6.306],[-48.389,-6.322],[-48.378,-6.334],[-48.376,-6.345],[-48.376,-6.356],[-48.383,-6.38],[-48.399,-6.374],[-48.422,-6.359],[-48.448,-6.351],[-48.464,-6.35],[-48.5,-6.351],[-48.511,-6.357],[-48.514,-6.364],[-48.524,-6.373],[-48.531,-6.39],[-48.541,-6.401],[-48.552,-6.41],[-48.565,-6.415],[-48.573,-6.423],[-48.593,-6.439],[-48.607,-6.448],[-48.62,-6.462],[-48.626,-6.479],[-48.634,-6.491],[-48.646,-6.509],[-48.647,-6.524],[-48.658,-6.539],[-48.663,-6.558],[-48.664,-6.568],[-48.661,-6.583],[-48.654,-6.601],[-48.652,-6.612],[-48.652,-6.64],[-48.655,-6.651],[-48.666,-6.664],[-48.683,-6.678],[-48.698,-6.684],[-48.729,-6.689],[-48.737,-6.693],[-48.748,-6.703],[-48.755,-6.715],[-48.769,-6.731],[-48.793,-6.744],[-48.814,-6.752],[-48.826,-6.755],[-48.842,-6.75],[-48.853,-6.749],[-48.901,-6.757],[-48.914,-6.757],[-48.924,-6.763],[-48.94,-6.767],[-48.964,-6.779],[-48.977,-6.782],[-49.019,-6.784],[-49.038,-6.809],[-49.044,-6.816],[-49.067,-6.833],[-49.083,-6.843],[-49.103,-6.857],[-49.115,-6.87],[-49.151,-6.889],[-49.172,-6.893],[-49.179,-6.898],[-49.184,-6.908],[-49.199,-6.916],[-49.209,-6.925],[-49.215,-6.938],[-49.217,-6.962],[-49.215,-6.976],[-49.209,-6.983],[-49.195,-7.026],[-49.194,-7.041],[-49.191,-7.056],[-49.191,-7.075],[-49.193,-7.095],[-49.194,-7.13],[-49.186,-7.197],[-49.183,-7.215],[-49.185,-7.235],[-49.19,-7.246],[-49.207,-7.271],[-49.213,-7.291],[-49.226,-7.316],[-49.234,-7.329],[-49.254,-7.349],[-49.264,-7.364],[-49.274,-7.378],[-49.287,-7.391],[-49.301,-7.411],[-49.315,-7.427],[-49.347,-7.462],[-49.363,-7.481],[-49.378,-7.496],[-49.378,-7.5],[-49.384,-7.543],[-49.382,-7.569],[-49.374,-7.588],[-49.361,-7.615],[-49.351,-7.632],[-49.342,-7.656],[-49.335,-7.669],[-49.323,-7.682],[-49.297,-7.696],[-49.268,-7.721],[-49.24,-7.741],[-49.221,-7.762],[-49.203,-7.774],[-49.186,-7.784],[-49.17,-7.787],[-49.161,-7.791],[-49.151,-7.802],[-49.15,-7.812],[-49.165,-7.833],[-49.167,-7.856],[-49.166,-7.863],[-49.166,-7.88],[-49.163,-7.901],[-49.163,-7.921],[-49.167,-7.944],[-49.17,-7.955],[-49.182,-7.977],[-49.182,-7.985],[-49.176,-8.009],[-49.173,-8.021],[-49.176,-8.044],[-49.177,-8.062],[-49.183,-8.071],[-49.193,-8.076],[-49.199,-8.088],[-49.2,-8.102],[-49.206,-8.117],[-49.207,-8.127],[-49.204,-8.14],[-49.21,-8.175],[-49.216,-8.194],[-49.221,-8.204],[-49.231,-8.218],[-49.236,-8.232],[-49.249,-8.255],[-49.254,-8.271],[-49.255,-8.285],[-49.262,-8.304],[-49.267,-8.334],[-49.276,-8.364],[-49.283,-8.38],[-49.299,-8.395],[-49.313,-8.403],[-49.338,-8.411],[-49.349,-8.418],[-49.377,-8.455],[-49.385,-8.479],[-49.392,-8.49],[-49.399,-8.533],[-49.4,-8.545],[-49.401,-8.559],[-49.41,-8.58],[-49.435,-8.598],[-49.452,-8.613],[-49.456,-8.619],[-49.46,-8.632],[-49.471,-8.648],[-49.482,-8.674],[-49.49,-8.692],[-49.5,-8.703],[-49.514,-8.724],[-49.543,-8.761],[-49.55,-8.777],[-49.565,-8.801],[-49.581,-8.819],[-49.592,-8.839],[-49.613,-8.846],[-49.626,-8.848],[-49.642,-8.847],[-49.684,-8.857],[-49.7,-8.872],[-49.733,-8.903],[-49.745,-8.906],[-49.755,-8.922],[-49.768,-8.934],[-49.782,-8.962],[-49.794,-8.979],[-49.809,-8.992],[-49.836,-9.019],[-49.843,-9.027],[-49.85,-9.047],[-49.851,-9.064],[-49.855,-9.072],[-49.863,-9.082],[-49.862,-9.086],[-49.871,-9.104],[-49.886,-9.124],[-49.897,-9.144],[-49.91,-9.153],[-49.905,-9.17],[-49.912,-9.179],[-49.946,-9.204],[-49.954,-9.217],[-49.967,-9.231],[-49.987,-9.231],[-49.997,-9.238],[-50.003,-9.259],[-50.003,-9.265],[-50.013,-9.277],[-50.038,-9.289],[-50.043,-9.302],[-50.051,-9.313],[-50.056,-9.335],[-50.053,-9.351],[-50.053,-9.373],[-50.066,-9.401],[-50.082,-9.418],[-50.09,-9.432],[-50.097,-9.455],[-50.105,-9.475],[-50.105,-9.49],[-50.101,-9.5],[-50.108,-9.509],[-50.094,-9.526],[-50.091,-9.533],[-50.09,-9.546],[-50.093,-9.552],[-50.103,-9.563],[-50.107,-9.572],[-50.107,-9.594],[-50.123,-9.61],[-50.127,-9.621],[-50.138,-9.625],[-50.14,-9.636],[-50.139,-9.649],[-50.143,-9.663],[-50.15,-9.675],[-50.15,-9.693],[-50.159,-9.699],[-50.161,-9.713],[-50.182,-9.736],[-50.19,-9.751],[-50.199,-9.762],[-50.204,-9.791],[-50.208,-9.803],[-50.214,-9.813],[-50.218,-9.835],[-50.225,-9.841],[-50.225,-9.854],[-50.244,-9.871],[-50.256,-9.889],[-50.266,-9.913],[-50.267,-9.935],[-50.279,-9.955],[-50.278,-9.971],[-50.292,-9.995],[-50.294,-10.016],[-50.303,-10.035],[-50.314,-10.047],[-50.328,-10.053],[-50.34,-10.061],[-50.355,-10.077],[-50.357,-10.09],[-50.367,-10.103],[-50.378,-10.111],[-50.392,-10.134],[-50.398,-10.155],[-50.397,-10.171],[-50.389,-10.175],[-50.382,-10.212],[-50.382,-10.219],[-50.386,-10.233],[-50.398,-10.254],[-50.403,-10.279],[-50.415,-10.312],[-50.423,-10.327],[-50.424,-10.342],[-50.418,-10.355],[-50.429,-10.368],[-50.441,-10.376],[-50.448,-10.392],[-50.474,-10.405],[-50.477,-10.416],[-50.479,-10.435],[-50.487,-10.462],[-50.487,-10.477],[-50.483,-10.49],[-50.488,-10.495],[-50.504,-10.496],[-50.517,-10.505],[-50.515,-10.523],[-50.523,-10.539],[-50.52,-10.562],[-50.525,-10.574],[-50.536,-10.589],[-50.535,-10.602],[-50.541,-10.609],[-50.563,-10.611],[-50.572,-10.62],[-50.581,-10.636],[-50.583,-10.644],[-50.603,-10.66],[-50.603,-10.661],[-50.603,-10.674],[-50.591,-10.681],[-50.586,-10.692],[-50.584,-10.709],[-50.579,-10.714],[-50.576,-10.725],[-50.578,-10.733],[-50.571,-10.752],[-50.58,-10.772],[-50.591,-10.789],[-50.591,-10.798],[-50.597,-10.805],[-50.607,-10.805],[-50.612,-10.81],[-50.612,-10.822],[-50.622,-10.839],[-50.619,-10.864],[-50.605,-10.873],[-50.6,-10.882],[-50.601,-10.901],[-50.618,-10.914],[-50.633,-10.932],[-50.629,-10.952],[-50.62,-10.969],[-50.625,-10.984],[-50.618,-11.002],[-50.618,-11.025],[-50.616,-11.038],[-50.611,-11.043],[-50.609,-11.067],[-50.615,-11.081],[-50.62,-11.088],[-50.635,-11.097],[-50.64,-11.108],[-50.644,-11.123],[-50.658,-11.128],[-50.661,-11.135],[-50.664,-11.152],[-50.665,-11.166],[-50.66,-11.187],[-50.662,-11.2],[-50.655,-11.215],[-50.656,-11.24],[-50.659,-11.255],[-50.666,-11.266],[-50.668,-11.278],[-50.671,-11.287],[-50.679,-11.295],[-50.697,-11.305],[-50.7,-11.313],[-50.707,-11.328],[-50.706,-11.341],[-50.712,-11.36],[-50.728,-11.383],[-50.73,-11.392],[-50.727,-11.411],[-50.728,-11.417],[-50.739,-11.435],[-50.742,-11.46],[-50.739,-11.473],[-50.739,-11.499],[-50.735,-11.512],[-50.736,-11.521],[-50.74,-11.532],[-50.739,-11.544],[-50.728,-11.557],[-50.724,-11.567],[-50.716,-11.579],[-50.709,-11.582],[-50.688,-11.581],[-50.681,-11.584],[-50.67,-11.582],[-50.657,-11.593],[-50.659,-11.62],[-50.665,-11.627],[-50.662,-11.636],[-50.664,-11.661],[-50.664,-11.678],[-50.674,-11.693],[-50.687,-11.697],[-50.702,-11.711],[-50.717,-11.727],[-50.722,-11.74],[-50.718,-11.752],[-50.708,-11.768],[-50.701,-11.803],[-50.691,-11.817],[-50.686,-11.839],[-50.686,-11.859],[-50.683,-11.863],[-50.665,-11.864],[-50.654,-11.873],[-50.645,-11.878],[-50.639,-11.885],[-50.641,-11.903],[-50.659,-11.914],[-50.668,-11.93],[-50.655,-11.948],[-50.657,-11.967],[-50.663,-11.976],[-50.682,-11.991],[-50.684,-12.011],[-50.678,-12.02],[-50.687,-12.036],[-50.687,-12.045],[-50.681,-12.053],[-50.668,-12.065],[-50.667,-12.082],[-50.67,-12.088],[-50.672,-12.106],[-50.676,-12.124],[-50.67,-12.138],[-50.679,-12.155],[-50.679,-12.188],[-50.687,-12.201],[-50.681,-12.217],[-50.666,-12.22],[-50.655,-12.218],[-50.644,-12.223],[-50.644,-12.23],[-50.651,-12.245],[-50.646,-12.256],[-50.632,-12.269],[-50.631,-12.285],[-50.642,-12.29],[-50.649,-12.299],[-50.644,-12.319],[-50.638,-12.325],[-50.645,-12.346],[-50.64,-12.359],[-50.632,-12.367],[-50.627,-12.384],[-50.628,-12.396],[-50.634,-12.414],[-50.618,-12.429],[-50.624,-12.455],[-50.627,-12.458],[-50.642,-12.453],[-50.653,-12.46],[-50.647,-12.474],[-50.647,-12.486],[-50.655,-12.495],[-50.66,-12.506],[-50.662,-12.532],[-50.666,-12.54],[-50.675,-12.549],[-50.687,-12.569],[-50.685,-12.573],[-50.672,-12.578],[-50.667,-12.584],[-50.668,-12.596],[-50.674,-12.6],[-50.69,-12.593],[-50.7,-12.595],[-50.706,-12.61],[-50.701,-12.624],[-50.701,-12.643],[-50.696,-12.65],[-50.684,-12.648],[-50.656,-12.646],[-50.647,-12.651],[-50.646,-12.664],[-50.655,-12.674],[-50.655,-12.679],[-50.648,-12.692],[-50.645,-12.702],[-50.634,-12.701],[-50.63,-12.707],[-50.637,-12.715],[-50.635,-12.725],[-50.627,-12.728],[-50.623,-12.735],[-50.627,-12.761],[-50.636,-12.771],[-50.63,-12.776],[-50.617,-12.772],[-50.612,-12.776],[-50.617,-12.789],[-50.625,-12.8],[-50.627,-12.812],[-50.623,-12.82],[-50.612,-12.817],[-50.603,-12.8],[-50.582,-12.799],[-50.58,-12.805],[-50.588,-12.812],[-50.599,-12.818],[-50.6,-12.824],[-50.592,-12.831],[-50.567,-12.843],[-50.544,-12.842],[-50.532,-12.844],[-50.523,-12.837],[-50.513,-12.845],[-50.511,-12.861],[-50.506,-12.85],[-50.497,-12.846],[-50.49,-12.828],[-50.494,-12.819],[-50.484,-12.809],[-50.493,-12.797],[-50.493,-12.784],[-50.487,-12.776],[-50.475,-12.771],[-50.477,-12.753],[-50.484,-12.751],[-50.487,-12.745],[-50.478,-12.737],[-50.471,-12.737],[-50.465,-12.731],[-50.467,-12.722],[-50.479,-12.713],[-50.475,-12.706],[-50.463,-12.702],[-50.46,-12.693],[-50.447,-12.698],[-50.437,-12.696],[-50.432,-12.688],[-50.436,-12.676],[-50.432,-12.67],[-50.435,-12.658],[-50.427,-12.653],[-50.422,-12.644],[-50.412,-12.644],[-50.417,-12.635],[-50.417,-12.623],[-50.406,-12.613],[-50.392,-12.612],[-50.391,-12.606],[-50.398,-12.6],[-50.386,-12.59],[-50.385,-12.582],[-50.38,-12.576],[-50.367,-12.574],[-50.365,-12.567],[-50.37,-12.558],[-50.359,-12.55],[-50.366,-12.547],[-50.359,-12.54],[-50.346,-12.542],[-50.346,-12.533],[-50.331,-12.536],[-50.329,-12.531],[-50.334,-12.52],[-50.325,-12.514],[-50.316,-12.522],[-50.312,-12.516],[-50.321,-12.504],[-50.306,-12.492],[-50.289,-12.486],[-50.282,-12.479],[-50.278,-12.481],[-50.262,-12.477],[-50.256,-12.47],[-50.254,-12.462],[-50.227,-12.453],[-50.224,-12.446],[-50.216,-12.449],[-50.206,-12.445],[-50.211,-12.435],[-50.195,-12.431],[-50.186,-12.433],[-50.183,-12.424],[-50.172,-12.421],[-50.172,-12.406],[-50.161,-12.405],[-50.158,-12.4],[-50.142,-12.395],[-50.15,-12.399],[-50.159,-12.414],[-50.159,-12.431],[-50.166,-12.437],[-50.179,-12.438],[-50.184,-12.455],[-50.196,-12.457],[-50.203,-12.465],[-50.204,-12.476],[-50.215,-12.482],[-50.218,-12.491],[-50.218,-12.513],[-50.229,-12.532],[-50.222,-12.543],[-50.214,-12.547],[-50.212,-12.56],[-50.198,-12.553],[-50.193,-12.564],[-50.204,-12.564],[-50.207,-12.572],[-50.214,-12.575],[-50.223,-12.585],[-50.229,-12.586],[-50.238,-12.579],[-50.245,-12.598],[-50.242,-12.61],[-50.237,-12.624],[-50.248,-12.63],[-50.255,-12.625],[-50.258,-12.644],[-50.268,-12.652],[-50.264,-12.666],[-50.27,-12.678],[-50.284,-12.683],[-50.292,-12.677],[-50.299,-12.68],[-50.296,-12.694],[-50.296,-12.711],[-50.283,-12.718],[-50.288,-12.733],[-50.298,-12.741],[-50.301,-12.748],[-50.299,-12.756],[-50.306,-12.764],[-50.306,-12.775],[-50.303,-12.78],[-50.311,-12.792],[-50.31,-12.802],[-50.306,-12.804],[-50.308,-12.817],[-50.298,-12.825],[-50.293,-12.834],[-50.286,-12.84],[-50.274,-12.844],[-50.264,-12.842],[-50.255,-12.849],[-50.243,-12.852],[-50.236,-12.857],[-50.225,-12.86],[-50.224,-12.873],[-50.216,-12.875],[-50.206,-12.885],[-50.185,-12.894],[-50.179,-12.891],[-50.169,-12.894],[-50.157,-12.893],[-50.147,-12.903],[-50.117,-12.906],[-50.109,-12.911],[-50.104,-12.907],[-50.09,-12.908],[-50.08,-12.905],[-50.072,-12.917],[-50.064,-12.921],[-50.056,-12.92],[-50.046,-12.926],[-50.045,-12.933],[-50.038,-12.936],[-50.023,-12.928],[-50.002,-12.934],[-49.991,-12.945],[-49.978,-12.941],[-49.965,-12.952],[-49.95,-12.959],[-49.941,-12.956],[-49.922,-12.961],[-49.909,-12.968],[-49.909,-12.975],[-49.707,-13.086],[-49.538,-13.179],[-49.368,-13.272],[-49.355,-13.261],[-49.339,-13.253],[-49.337,-13.247],[-49.34,-13.23],[-49.349,-13.217],[-49.344,-13.197],[-49.348,-13.191],[-49.346,-13.18],[-49.347,-13.168],[-49.356,-13.156],[-49.354,-13.143],[-49.344,-13.133],[-49.342,-13.124],[-49.355,-13.107],[-49.352,-13.094],[-49.345,-13.084],[-49.336,-13.063],[-49.325,-13.054],[-49.312,-13.037],[-49.303,-13.029],[-49.297,-13.011],[-49.292,-13.008],[-49.288,-12.998],[-49.28,-12.989],[-49.276,-12.98],[-49.281,-12.97],[-49.269,-12.947],[-49.251,-12.93],[-49.246,-12.908],[-49.249,-12.904],[-49.241,-12.895],[-49.235,-12.894],[-49.238,-12.884],[-49.224,-12.877],[-49.211,-12.878],[-49.209,-12.873],[-49.196,-12.866],[-49.189,-12.851],[-49.164,-12.836],[-49.155,-12.827],[-49.152,-12.819],[-49.145,-12.818],[-49.138,-12.801],[-49.13,-12.798],[-49.127,-12.792],[-49.118,-12.79],[-49.105,-12.835],[-49.097,-12.835],[-49.08,-12.847],[-49.067,-12.845],[-49.073,-12.855],[-49.073,-12.87],[-49.085,-12.878],[-49.088,-12.891],[-49.074,-12.903],[-49.061,-12.908],[-49.05,-12.909],[-49.049,-12.913],[-49.032,-12.902],[-49.022,-12.906],[-49.021,-12.911],[-49.009,-12.916],[-49.003,-12.934],[-48.993,-12.938],[-48.981,-12.946],[-48.976,-12.957],[-48.88,-12.817],[-48.87,-12.803],[-48.863,-12.809],[-48.857,-12.805],[-48.847,-12.809],[-48.845,-12.825],[-48.84,-12.843],[-48.821,-12.844],[-48.811,-12.859],[-48.814,-12.864],[-48.794,-12.876],[-48.786,-12.884],[-48.775,-12.887],[-48.768,-12.898],[-48.75,-12.914],[-48.736,-12.921],[-48.734,-12.936],[-48.737,-12.942],[-48.736,-12.952],[-48.73,-12.962],[-48.733,-12.971],[-48.732,-12.985],[-48.717,-13.002],[-48.706,-13.003],[-48.702,-12.998],[-48.684,-12.993],[-48.67,-12.996],[-48.666,-13.002],[-48.658,-13.004],[-48.656,-13.012],[-48.645,-13.011],[-48.638,-13.017],[-48.636,-13.037],[-48.631,-13.039],[-48.628,-13.051],[-48.62,-13.052],[-48.615,-13.057],[-48.6,-13.059],[-48.598,-13.083],[-48.591,-13.091],[-48.594,-13.102],[-48.583,-13.106],[-48.576,-13.124],[-48.581,-13.127],[-48.581,-13.14],[-48.589,-13.144],[-48.593,-13.158],[-48.585,-13.158],[-48.586,-13.167],[-48.579,-13.17],[-48.58,-13.191],[-48.578,-13.194],[-48.584,-13.227],[-48.591,-13.229],[-48.599,-13.24],[-48.597,-13.247],[-48.589,-13.255],[-48.592,-13.275],[-48.6,-13.288],[-48.598,-13.301],[-48.59,-13.307],[-48.584,-13.318],[-48.58,-13.313],[-48.578,-13.308],[-48.568,-13.302],[-48.564,-13.306],[-48.554,-13.303],[-48.554,-13.28],[-48.558,-13.272],[-48.554,-13.264],[-48.555,-13.242],[-48.55,-13.23],[-48.554,-13.227],[-48.554,-13.204],[-48.546,-13.196],[-48.53,-13.192],[-48.524,-13.176],[-48.516,-13.139],[-48.503,-13.142],[-48.495,-13.137],[-48.486,-13.141],[-48.479,-13.151],[-48.47,-13.146],[-48.469,-13.159],[-48.477,-13.178],[-48.475,-13.185],[-48.478,-13.194],[-48.474,-13.2],[-48.472,-13.223],[-48.475,-13.229],[-48.468,-13.244],[-48.457,-13.248],[-48.462,-13.262],[-48.459,-13.271],[-48.462,-13.275],[-48.456,-13.283],[-48.437,-13.284],[-48.431,-13.279],[-48.43,-13.271],[-48.403,-13.271],[-48.385,-13.264],[-48.375,-13.257],[-48.37,-13.249],[-48.362,-13.243],[-48.35,-13.243],[-48.342,-13.232],[-48.334,-13.229],[-48.33,-13.233],[-48.321,-13.231],[-48.314,-13.235],[-48.309,-13.228],[-48.292,-13.22],[-48.288,-13.205],[-48.278,-13.207],[-48.268,-13.203],[-48.263,-13.198],[-48.25,-13.197],[-48.245,-13.193],[-48.245,-13.186],[-48.235,-13.176],[-48.216,-13.17],[-48.196,-13.173],[-48.196,-13.165],[-48.187,-13.159],[-48.18,-13.152],[-48.172,-13.152],[-48.165,-13.158],[-48.144,-13.152],[-48.153,-13.162],[-48.156,-13.178],[-48.163,-13.181],[-48.166,-13.189],[-48.161,-13.209],[-48.153,-13.219],[-48.167,-13.233],[-48.167,-13.244],[-48.157,-13.25],[-48.156,-13.268],[-48.153,-13.28],[-48.166,-13.293],[-48.17,-13.3],[-48.156,-13.308],[-48.143,-13.306],[-48.141,-13.303],[-48.12,-13.297],[-48.105,-13.288],[-48.099,-13.293],[-48.079,-13.285],[-48.077,-13.267],[-48.072,-13.268],[-48.076,-13.246],[-48.062,-13.236],[-48.053,-13.245],[-48.055,-13.252],[-48.05,-13.257],[-48.037,-13.254],[-48.031,-13.257],[-48.033,-13.274],[-48.017,-13.278],[-48.005,-13.278],[-47.998,-13.274],[-47.989,-13.276],[-47.981,-13.284],[-47.978,-13.296],[-47.971,-13.301],[-47.971,-13.312],[-47.966,-13.313],[-47.944,-13.305],[-47.937,-13.291],[-47.93,-13.295],[-47.923,-13.292],[-47.919,-13.299],[-47.909,-13.298],[-47.904,-13.302],[-47.902,-13.312],[-47.893,-13.308],[-47.886,-13.32],[-47.874,-13.32],[-47.861,-13.314],[-47.844,-13.318],[-47.824,-13.312],[-47.81,-13.32],[-47.808,-13.325],[-47.798,-13.329],[-47.68,-13.468],[-47.677,-13.466],[-47.676,-13.452],[-47.671,-13.441],[-47.656,-13.429],[-47.655,-13.418],[-47.648,-13.407],[-47.643,-13.405],[-47.638,-13.39],[-47.627,-13.386],[-47.624,-13.376],[-47.629,-13.366],[-47.636,-13.366],[-47.65,-13.349],[-47.649,-13.344],[-47.656,-13.323],[-47.654,-13.312],[-47.658,-13.306],[-47.658,-13.295],[-47.655,-13.286],[-47.655,-13.276],[-47.648,-13.275],[-47.64,-13.264],[-47.648,-13.25],[-47.646,-13.242],[-47.656,-13.232],[-47.653,-13.23],[-47.654,-13.219],[-47.661,-13.219],[-47.667,-13.208],[-47.661,-13.206],[-47.664,-13.197],[-47.654,-13.186],[-47.654,-13.179],[-47.668,-13.166],[-47.655,-13.155],[-47.645,-13.15],[-47.646,-13.12],[-47.617,-13.104],[-47.6,-13.11],[-47.593,-13.116],[-47.586,-13.114],[-47.569,-13.117],[-47.561,-13.125],[-47.569,-13.144],[-47.566,-13.158],[-47.565,-13.18],[-47.558,-13.187],[-47.541,-13.192],[-47.534,-13.185],[-47.521,-13.182],[-47.509,-13.19],[-47.485,-13.183],[-47.477,-13.187],[-47.488,-13.212],[-47.483,-13.223],[-47.465,-13.227],[-47.45,-13.223],[-47.44,-13.223],[-47.432,-13.233],[-47.433,-13.238],[-47.451,-13.242],[-47.454,-13.252],[-47.436,-13.267],[-47.438,-13.279],[-47.433,-13.289],[-47.422,-13.286],[-47.417,-13.271],[-47.4,-13.262],[-47.393,-13.262],[-47.395,-13.246],[-47.39,-13.241],[-47.382,-13.24],[-47.38,-13.231],[-47.371,-13.229],[-47.37,-13.236],[-47.355,-13.243],[-47.354,-13.249],[-47.339,-13.246],[-47.327,-13.252],[-47.324,-13.258],[-47.315,-13.252],[-47.296,-13.249],[-47.288,-13.264],[-47.281,-13.265],[-47.276,-13.251],[-47.267,-13.246],[-47.268,-13.238],[-47.253,-13.233],[-47.251,-13.225],[-47.252,-13.213],[-47.242,-13.206],[-47.234,-13.205],[-47.225,-13.194],[-47.216,-13.196],[-47.213,-13.192],[-47.197,-13.194],[-47.184,-13.187],[-47.175,-13.195],[-47.184,-13.205],[-47.166,-13.21],[-47.162,-13.205],[-47.155,-13.21],[-47.134,-13.201],[-47.133,-13.178],[-47.114,-13.175],[-47.104,-13.176],[-47.099,-13.171],[-47.092,-13.173],[-47.09,-13.181],[-47.081,-13.176],[-47.085,-13.171],[-47.08,-13.162],[-47.071,-13.159],[-47.064,-13.161],[-47.048,-13.157],[-47.043,-13.149],[-47.03,-13.149],[-47.023,-13.142],[-47.011,-13.141],[-47.005,-13.132],[-47.001,-13.121],[-46.979,-13.131],[-46.978,-13.121],[-46.97,-13.115],[-46.953,-13.111],[-46.946,-13.099],[-46.928,-13.092],[-46.929,-13.085],[-46.911,-13.069],[-46.902,-13.067],[-46.894,-13.054],[-46.884,-13.051],[-46.881,-13.059],[-46.866,-13.069],[-46.855,-13.068],[-46.854,-13.055],[-46.842,-13.036],[-46.832,-13.028],[-46.829,-13.017],[-46.82,-13.015],[-46.823,-13.007],[-46.814,-13.001],[-46.751,-12.969],[-46.635,-12.97],[-46.455,-12.971],[-46.446,-12.936],[-46.438,-12.935],[-46.433,-12.929],[-46.418,-12.822],[-46.412,-12.837],[-46.398,-12.851],[-46.391,-12.848],[-46.382,-12.849],[-46.374,-12.86],[-46.366,-12.864],[-46.369,-12.878],[-46.361,-12.89],[-46.365,-12.897],[-46.364,-12.913],[-46.367,-12.925],[-46.365,-12.935],[-46.372,-12.945],[-46.37,-12.95],[-46.374,-12.963],[-46.37,-12.974],[-46.371,-12.988],[-46.362,-12.989],[-46.336,-12.983],[-46.305,-12.979],[-46.296,-12.974],[-46.277,-12.971],[-46.265,-12.966],[-46.255,-12.965],[-46.243,-12.96],[-46.237,-12.962],[-46.229,-12.958],[-46.198,-12.957],[-46.186,-12.949],[-46.178,-12.94],[-46.158,-12.934],[-46.151,-12.938],[-46.135,-12.93],[-46.123,-12.927],[-46.113,-12.918],[-46.127,-12.912],[-46.135,-12.923],[-46.144,-12.931],[-46.159,-12.931],[-46.167,-12.928],[-46.183,-12.934],[-46.19,-12.941],[-46.2,-12.947],[-46.221,-12.95],[-46.241,-12.948],[-46.245,-12.942],[-46.254,-12.939],[-46.265,-12.94],[-46.275,-12.947],[-46.282,-12.947],[-46.288,-12.952],[-46.32,-12.956],[-46.308,-12.942],[-46.312,-12.933],[-46.306,-12.927],[-46.312,-12.918],[-46.312,-12.91],[-46.291,-12.9],[-46.287,-12.892],[-46.294,-12.889],[-46.296,-12.869],[-46.302,-12.866],[-46.3,-12.857],[-46.288,-12.854],[-46.275,-12.84],[-46.274,-12.816],[-46.283,-12.812],[-46.3,-12.799],[-46.31,-12.796],[-46.309,-12.785],[-46.303,-12.786],[-46.295,-12.773],[-46.287,-12.774],[-46.282,-12.764],[-46.293,-12.762],[-46.293,-12.75],[-46.285,-12.75],[-46.284,-12.739],[-46.275,-12.74],[-46.271,-12.732],[-46.271,-12.722],[-46.268,-12.716],[-46.277,-12.709],[-46.292,-12.708],[-46.293,-12.699],[-46.304,-12.696],[-46.303,-12.685],[-46.292,-12.684],[-46.292,-12.677],[-46.277,-12.672],[-46.268,-12.666],[-46.268,-12.651],[-46.274,-12.644],[-46.29,-12.638],[-46.307,-12.637],[-46.291,-12.615],[-46.286,-12.612],[-46.283,-12.602],[-46.276,-12.594],[-46.286,-12.588],[-46.297,-12.576],[-46.286,-12.576],[-46.272,-12.57],[-46.272,-12.559],[-46.27,-12.551],[-46.263,-12.545],[-46.253,-12.541],[-46.249,-12.536],[-46.24,-12.537],[-46.238,-12.532],[-46.225,-12.528],[-46.21,-12.517],[-46.206,-12.508],[-46.198,-12.504],[-46.198,-12.504],[-46.212,-12.5],[-46.233,-12.504],[-46.245,-12.504],[-46.26,-12.512],[-46.272,-12.513],[-46.266,-12.499],[-46.266,-12.483],[-46.261,-12.474],[-46.269,-12.457],[-46.28,-12.454],[-46.277,-12.448],[-46.281,-12.441],[-46.273,-12.439],[-46.27,-12.432],[-46.28,-12.422],[-46.283,-12.429],[-46.29,-12.417],[-46.304,-12.425],[-46.309,-12.431],[-46.303,-12.44],[-46.313,-12.448],[-46.317,-12.464],[-46.324,-12.465],[-46.34,-12.452],[-46.331,-12.441],[-46.331,-12.425],[-46.323,-12.406],[-46.316,-12.406],[-46.308,-12.401],[-46.297,-12.381],[-46.29,-12.377],[-46.298,-12.371],[-46.3,-12.364],[-46.307,-12.364],[-46.314,-12.357],[-46.328,-12.357],[-46.345,-12.366],[-46.359,-12.352],[-46.37,-12.348],[-46.368,-12.339],[-46.363,-12.338],[-46.358,-12.324],[-46.352,-12.32],[-46.349,-12.299],[-46.368,-12.298],[-46.385,-12.294],[-46.385,-12.28],[-46.379,-12.28],[-46.371,-12.271],[-46.376,-12.266],[-46.375,-12.26],[-46.386,-12.255],[-46.388,-12.249],[-46.37,-12.232],[-46.373,-12.226],[-46.366,-12.215],[-46.378,-12.213],[-46.377,-12.197],[-46.391,-12.194],[-46.397,-12.19],[-46.381,-12.181],[-46.392,-12.171],[-46.397,-12.171],[-46.4,-12.157],[-46.389,-12.156],[-46.382,-12.145],[-46.383,-12.134],[-46.376,-12.132],[-46.372,-12.123],[-46.37,-12.111],[-46.371,-12.1],[-46.38,-12.094],[-46.385,-12.095],[-46.398,-12.09],[-46.384,-12.084],[-46.388,-12.076],[-46.385,-12.054],[-46.389,-12.049],[-46.414,-12.048],[-46.422,-12.05],[-46.451,-12.054],[-46.453,-12.05],[-46.465,-12.046],[-46.478,-12.049],[-46.478,-12.043],[-46.471,-12.037],[-46.461,-12.036],[-46.456,-12.03],[-46.445,-12.026],[-46.438,-12.031],[-46.422,-12.029],[-46.422,-12.018],[-46.408,-12.015],[-46.402,-12.017],[-46.389,-12.011],[-46.388,-12.004],[-46.375,-11.999],[-46.37,-11.992],[-46.364,-11.991],[-46.365,-11.981],[-46.353,-11.978],[-46.347,-11.966],[-46.342,-11.966],[-46.336,-11.954],[-46.321,-11.949],[-46.316,-11.942],[-46.308,-11.943],[-46.297,-11.938],[-46.28,-11.939],[-46.276,-11.936],[-46.261,-11.935],[-46.244,-11.939],[-46.233,-11.936],[-46.208,-11.922],[-46.193,-11.921],[-46.192,-11.917],[-46.18,-11.907],[-46.19,-11.903],[-46.204,-11.908],[-46.214,-11.908],[-46.23,-11.916],[-46.248,-11.919],[-46.258,-11.912],[-46.264,-11.916],[-46.278,-11.915],[-46.282,-11.918],[-46.289,-11.91],[-46.297,-11.914],[-46.307,-11.914],[-46.322,-11.908],[-46.331,-11.898],[-46.336,-11.898],[-46.349,-11.887],[-46.359,-11.883],[-46.368,-11.889],[-46.38,-11.867],[-46.376,-11.847],[-46.381,-11.84],[-46.373,-11.832],[-46.367,-11.833],[-46.358,-11.841],[-46.35,-11.835],[-46.355,-11.821],[-46.347,-11.811],[-46.341,-11.816],[-46.338,-11.813],[-46.338,-11.794],[-46.347,-11.795],[-46.344,-11.787],[-46.329,-11.773],[-46.336,-11.769],[-46.345,-11.775],[-46.356,-11.774],[-46.343,-11.762],[-46.354,-11.758],[-46.356,-11.762],[-46.374,-11.768],[-46.378,-11.755],[-46.377,-11.749],[-46.365,-11.742],[-46.357,-11.745],[-46.342,-11.738],[-46.328,-11.72],[-46.323,-11.717],[-46.325,-11.71],[-46.318,-11.697],[-46.308,-11.687],[-46.313,-11.678],[-46.32,-11.675],[-46.328,-11.676],[-46.338,-11.668],[-46.343,-11.655],[-46.338,-11.642],[-46.36,-11.632],[-46.385,-11.646],[-46.388,-11.639],[-46.385,-11.627],[-46.373,-11.618],[-46.367,-11.62],[-46.36,-11.615],[-46.355,-11.62],[-46.346,-11.619],[-46.341,-11.61],[-46.335,-11.613],[-46.328,-11.609],[-46.307,-11.607],[-46.287,-11.616],[-46.281,-11.614],[-46.275,-11.607],[-46.244,-11.605],[-46.236,-11.611],[-46.239,-11.622],[-46.227,-11.636],[-46.215,-11.643],[-46.206,-11.639],[-46.199,-11.648],[-46.176,-11.647],[-46.155,-11.65],[-46.147,-11.645],[-46.145,-11.624],[-46.142,-11.626],[-46.125,-11.621],[-46.107,-11.626],[-46.09,-11.623],[-46.081,-11.624],[-46.086,-11.617],[-46.104,-11.608],[-46.113,-11.606],[-46.209,-11.585],[-46.251,-11.537],[-46.324,-11.514],[-46.35,-11.506],[-46.439,-11.521],[-46.524,-11.464],[-46.528,-11.404],[-46.532,-11.377],[-46.537,-11.372],[-46.56,-11.372],[-46.569,-11.371],[-46.577,-11.361],[-46.577,-11.342],[-46.553,-11.265],[-46.552,-11.263],[-46.51,-11.2],[-46.466,-11.134],[-46.342,-10.939],[-46.267,-10.935],[-46.261,-10.812],[-46.247,-10.802],[-46.238,-10.79],[-46.226,-10.783],[-46.206,-10.798],[-46.193,-10.743],[-46.165,-10.723],[-46.15,-10.692],[-46.152,-10.672],[-46.161,-10.659],[-46.15,-10.636],[-46.128,-10.621],[-46.115,-10.62],[-46.107,-10.614],[-46.08,-10.607],[-46.061,-10.6],[-45.975,-10.552],[-45.929,-10.522],[-45.871,-10.503],[-45.821,-10.458],[-45.82,-10.456],[-45.798,-10.323],[-45.727,-10.312],[-45.699,-10.259],[-45.702,-10.179],[-45.724,-10.155],[-45.73,-10.162],[-45.735,-10.172],[-45.735,-10.18],[-45.727,-10.203],[-45.728,-10.213],[-45.734,-10.229],[-45.744,-10.24],[-45.761,-10.251],[-45.794,-10.268],[-45.825,-10.263],[-45.845,-10.258],[-45.867,-10.254],[-45.871,-10.25],[-45.883,-10.255],[-45.897,-10.264],[-45.909,-10.293],[-45.915,-10.302],[-45.916,-10.313],[-45.91,-10.321],[-45.887,-10.341],[-45.889,-10.344],[-45.907,-10.36],[-45.911,-10.371],[-45.933,-10.37],[-45.945,-10.363],[-45.96,-10.364],[-45.971,-10.359],[-45.982,-10.345],[-45.978,-10.338],[-45.982,-10.326],[-45.989,-10.325],[-45.997,-10.317],[-46.001,-10.302],[-46.0,-10.297],[-46.023,-10.286],[-46.028,-10.277],[-46.022,-10.268],[-46.02,-10.256],[-46.012,-10.251],[-46.018,-10.24],[-46.018,-10.219],[-46.023,-10.19],[-46.023,-10.183],[-46.028,-10.177],[-46.039,-10.177],[-46.058,-10.186],[-46.093,-10.21],[-46.107,-10.213],[-46.13,-10.207],[-46.14,-10.207],[-46.148,-10.21],[-46.163,-10.214],[-46.169,-10.211],[-46.183,-10.193],[-46.195,-10.183],[-46.202,-10.174],[-46.211,-10.17],[-46.233,-10.172],[-46.241,-10.172],[-46.268,-10.181],[-46.306,-10.177],[-46.313,-10.173],[-46.325,-10.183],[-46.335,-10.181],[-46.348,-10.173],[-46.368,-10.169],[-46.379,-10.13],[-46.384,-10.12],[-46.4,-10.106],[-46.414,-10.087],[-46.421,-10.081],[-46.445,-10.077],[-46.448,-10.065],[-46.457,-10.046],[-46.457,-10.018],[-46.477,-9.99],[-46.472,-9.976],[-46.477,-9.957],[-46.475,-9.949],[-46.466,-9.937],[-46.479,-9.92],[-46.475,-9.905],[-46.471,-9.898],[-46.473,-9.877],[-46.485,-9.874],[-46.492,-9.87],[-46.49,-9.861],[-46.484,-9.852],[-46.493,-9.849],[-46.497,-9.844],[-46.495,-9.826],[-46.502,-9.82],[-46.509,-9.809],[-46.513,-9.797],[-46.536,-9.809],[-46.542,-9.81],[-46.562,-9.811],[-46.577,-9.805],[-46.58,-9.796],[-46.571,-9.781],[-46.569,-9.77],[-46.577,-9.757],[-46.596,-9.747],[-46.624,-9.75],[-46.632,-9.749],[-46.644,-9.74],[-46.647,-9.73],[-46.645,-9.72],[-46.653,-9.693],[-46.613,-9.666],[-46.609,-9.658],[-46.606,-9.646],[-46.606,-9.63],[-46.596,-9.614],[-46.59,-9.598],[-46.592,-9.587],[-46.583,-9.586],[-46.562,-9.573],[-46.539,-9.56],[-46.541,-9.55],[-46.557,-9.541],[-46.558,-9.534],[-46.575,-9.521],[-46.574,-9.506],[-46.56,-9.494],[-46.561,-9.484],[-46.573,-9.478],[-46.583,-9.479],[-46.593,-9.483],[-46.6,-9.47],[-46.614,-9.465],[-46.625,-9.466],[-46.64,-9.458],[-46.648,-9.447],[-46.65,-9.441],[-46.648,-9.427],[-46.642,-9.418],[-46.633,-9.412],[-46.644,-9.41],[-46.652,-9.406],[-46.666,-9.392],[-46.675,-9.391],[-46.694,-9.398],[-46.723,-9.396],[-46.738,-9.405],[-46.741,-9.412],[-46.754,-9.414],[-46.763,-9.409],[-46.766,-9.402],[-46.759,-9.386],[-46.759,-9.381],[-46.766,-9.368],[-46.78,-9.358],[-46.784,-9.351],[-46.799,-9.339],[-46.811,-9.313],[-46.81,-9.309],[-46.819,-9.303],[-46.835,-9.308],[-46.842,-9.304],[-46.847,-9.292],[-46.845,-9.284],[-46.834,-9.281],[-46.832,-9.269],[-46.823,-9.266],[-46.819,-9.257],[-46.829,-9.24],[-46.826,-9.221],[-46.82,-9.212],[-46.823,-9.199],[-46.828,-9.194],[-46.839,-9.198],[-46.851,-9.192],[-46.852,-9.186],[-46.848,-9.168],[-46.852,-9.154],[-46.861,-9.146],[-46.871,-9.147],[-46.877,-9.144],[-46.889,-9.142],[-46.892,-9.138],[-46.889,-9.129],[-46.896,-9.123],[-46.9,-9.128],[-46.913,-9.134],[-46.926,-9.135],[-46.932,-9.128],[-46.931,-9.121],[-46.926,-9.115],[-46.93,-9.106],[-46.924,-9.098],[-46.931,-9.086],[-46.919,-9.087],[-46.912,-9.083],[-46.922,-9.067],[-46.94,-9.064],[-46.954,-9.069],[-46.966,-9.079],[-46.976,-9.082],[-46.987,-9.075],[-46.999,-9.076],[-47.007,-9.082],[-47.019,-9.076],[-47.024,-9.076],[-47.034,-9.069],[-47.048,-9.071],[-47.056,-9.066],[-47.069,-9.064],[-47.068,-9.056],[-47.058,-9.053],[-47.052,-9.039],[-47.054,-9.034],[-47.045,-9.028],[-47.044,-9.023],[-47.051,-9.015],[-47.064,-9.017],[-47.062,-9.008],[-47.044,-9.007],[-47.038,-9.001],[-47.036,-8.99],[-47.021,-8.988],[-47.022,-8.98],[-47.015,-8.975],[-47.014,-8.964],[-47.018,-8.958],[-47.011,-8.947],[-47.0,-8.947],[-46.994,-8.944],[-46.998,-8.936],[-46.995,-8.931],[-46.984,-8.932],[-46.982,-8.922],[-46.97,-8.915],[-46.976,-8.903],[-46.983,-8.903],[-46.986,-8.888],[-46.993,-8.879],[-46.983,-8.874],[-46.978,-8.868],[-46.966,-8.868],[-46.961,-8.874],[-46.95,-8.87],[-46.942,-8.86],[-46.918,-8.857],[-46.913,-8.848],[-46.918,-8.84],[-46.907,-8.828],[-46.914,-8.823],[-46.903,-8.815],[-46.906,-8.795],[-46.905,-8.775],[-46.917,-8.762],[-46.918,-8.751],[-46.925,-8.744],[-46.926,-8.735],[-46.916,-8.723],[-46.914,-8.709],[-46.904,-8.701],[-46.902,-8.696],[-46.891,-8.691],[-46.887,-8.687],[-46.889,-8.67],[-46.897,-8.664],[-46.902,-8.654],[-46.916,-8.648],[-46.912,-8.64],[-46.917,-8.633],[-46.907,-8.62],[-46.898,-8.601],[-46.906,-8.596],[-46.902,-8.586],[-46.889,-8.577],[-46.879,-8.567],[-46.876,-8.555],[-46.862,-8.555],[-46.86,-8.545],[-46.852,-8.543],[-46.846,-8.534],[-46.851,-8.526],[-46.852,-8.516],[-46.847,-8.511],[-46.847,-8.493],[-46.852,-8.481],[-46.849,-8.475],[-46.831,-8.47],[-46.824,-8.475],[-46.817,-8.47],[-46.8,-8.454],[-46.802,-8.444],[-46.796,-8.429],[-46.798,-8.418],[-46.803,-8.406],[-46.795,-8.405],[-46.786,-8.395],[-46.792,-8.388],[-46.787,-8.382],[-46.786,-8.374],[-46.777,-8.368],[-46.769,-8.376],[-46.76,-8.378],[-46.75,-8.374],[-46.736,-8.379],[-46.734,-8.385],[-46.727,-8.383],[-46.724,-8.37],[-46.713,-8.362],[-46.712,-8.355],[-46.703,-8.348],[-46.688,-8.345],[-46.674,-8.335],[-46.662,-8.335],[-46.645,-8.323],[-46.633,-8.318],[-46.617,-8.326],[-46.594,-8.327],[-46.58,-8.322],[-46.558,-8.322],[-46.544,-8.317],[-46.532,-8.298],[-46.519,-8.291],[-46.508,-8.27],[-46.507,-8.247],[-46.51,-8.243],[-46.504,-8.222],[-46.489,-8.207],[-46.488,-8.199],[-46.492,-8.193],[-46.511,-8.181],[-46.515,-8.171],[-46.514,-8.165],[-46.507,-8.157],[-46.507,-8.148],[-46.501,-8.134],[-46.491,-8.118],[-46.488,-8.1],[-46.483,-8.091],[-46.468,-8.084],[-46.471,-8.077],[-46.466,-8.073],[-46.47,-8.062],[-46.475,-8.056],[-46.48,-8.043],[-46.476,-8.015],[-46.486,-8.005],[-46.485,-7.997],[-46.498,-7.98],[-46.501,-7.973],[-46.51,-7.966],[-46.534,-7.953],[-46.55,-7.951],[-46.553,-7.944],[-46.561,-7.938],[-46.577,-7.916],[-46.581,-7.908],[-46.605,-7.897],[-46.614,-7.897],[-46.632,-7.9],[-46.651,-7.91],[-46.66,-7.901],[-46.667,-7.904],[-46.668,-7.913],[-46.681,-7.915],[-46.684,-7.913],[-46.694,-7.917],[-46.708,-7.91],[-46.72,-7.915],[-46.723,-7.922],[-46.746,-7.927],[-46.756,-7.923],[-46.764,-7.939],[-46.788,-7.947],[-46.792,-7.954],[-46.807,-7.951],[-46.815,-7.952],[-46.829,-7.962],[-46.838,-7.959],[-46.86,-7.96],[-46.867,-7.968],[-46.872,-7.962],[-46.883,-7.964],[-46.891,-7.979],[-46.899,-7.987],[-46.913,-7.981],[-46.922,-7.985],[-46.924,-7.992],[-46.941,-7.998],[-46.946,-8.006],[-46.957,-8.017],[-46.954,-8.025],[-46.966,-8.033],[-46.964,-8.039],[-46.982,-8.05],[-46.987,-8.048],[-46.994,-8.053],[-46.997,-8.066],[-47.015,-8.059],[-47.023,-8.06],[-47.046,-8.053],[-47.046,-8.046],[-47.054,-8.042],[-47.051,-8.036],[-47.06,-8.028],[-47.059,-8.02],[-47.063,-8.004],[-47.068,-7.998],[-47.084,-7.988],[-47.087,-7.99],[-47.1,-7.985],[-47.099,-7.979],[-47.107,-7.971],[-47.103,-7.967],[-47.106,-7.952],[-47.112,-7.956],[-47.117,-7.952],[-47.114,-7.943],[-47.126,-7.924],[-47.133,-7.922],[-47.14,-7.926],[-47.146,-7.914],[-47.144,-7.905],[-47.147,-7.897],[-47.158,-7.893],[-47.165,-7.879],[-47.172,-7.877],[-47.181,-7.859],[-47.19,-7.851],[-47.199,-7.849],[-47.199,-7.843],[-47.208,-7.833],[-47.215,-7.836],[-47.225,-7.826],[-47.24,-7.814],[-47.248,-7.801],[-47.241,-7.795],[-47.248,-7.786],[-47.246,-7.781],[-47.255,-7.768],[-47.255,-7.762],[-47.264,-7.753],[-47.261,-7.744],[-47.274,-7.742],[-47.275,-7.73],[-47.283,-7.735],[-47.289,-7.729],[-47.306,-7.735],[-47.313,-7.731],[-47.316,-7.718],[-47.308,-7.71],[-47.317,-7.704],[-47.311,-7.698],[-47.303,-7.702],[-47.304,-7.689],[-47.318,-7.689],[-47.332,-7.685],[-47.332,-7.673],[-47.337,-7.664],[-47.315,-7.662],[-47.326,-7.653],[-47.337,-7.636],[-47.349,-7.632],[-47.352,-7.622],[-47.358,-7.616],[-47.374,-7.622],[-47.371,-7.63],[-47.366,-7.636],[-47.353,-7.642],[-47.354,-7.649],[-47.366,-7.655],[-47.382,-7.655],[-47.387,-7.645],[-47.388,-7.631],[-47.383,-7.62],[-47.383,-7.6],[-47.389,-7.595],[-47.403,-7.588],[-47.4,-7.577],[-47.4,-7.568],[-47.41,-7.562],[-47.42,-7.563],[-47.438,-7.558],[-47.44,-7.555],[-47.43,-7.547],[-47.425,-7.538],[-47.424,-7.53],[-47.429,-7.525],[-47.439,-7.521],[-47.462,-7.519],[-47.466,-7.528],[-47.475,-7.534],[-47.48,-7.526],[-47.48,-7.494],[-47.484,-7.488],[-47.496,-7.481],[-47.499,-7.472],[-47.499,-7.453],[-47.503,-7.439],[-47.528,-7.433],[-47.553,-7.442],[-47.561,-7.45],[-47.585,-7.445],[-47.592,-7.44],[-47.584,-7.424],[-47.58,-7.419],[-47.559,-7.404],[-47.542,-7.401],[-47.518,-7.39],[-47.493,-7.376],[-47.483,-7.365],[-47.479,-7.346],[-47.478,-7.337],[-47.483,-7.322],[-47.5,-7.294],[-47.511,-7.285],[-47.524,-7.278],[-47.532,-7.269],[-47.543,-7.265],[-47.569,-7.266],[-47.592,-7.264],[-47.607,-7.272],[-47.627,-7.301],[-47.634,-7.305],[-47.645,-7.305],[-47.651,-7.302],[-47.66,-7.289],[-47.672,-7.267],[-47.679,-7.251],[-47.684,-7.245],[-47.691,-7.238],[-47.708,-7.229],[-47.726,-7.223],[-47.737,-7.217],[-47.75,-7.195],[-47.749,-7.173],[-47.745,-7.162],[-47.727,-7.147],[-47.711,-7.138],[-47.694,-7.137],[-47.675,-7.148],[-47.66,-7.151],[-47.645,-7.144],[-47.627,-7.122],[-47.618,-7.091],[-47.606,-7.079],[-47.597,-7.063],[-47.575,-7.05],[-47.558,-7.031],[-47.547,-7.017],[-47.54,-7.002],[-47.535,-6.987],[-47.53,-6.98],[-47.528,-6.971],[-47.53,-6.946],[-47.523,-6.929],[-47.508,-6.907],[-47.505,-6.885],[-47.507,-6.872],[-47.52,-6.84],[-47.529,-6.836],[-47.529,-6.828],[-47.517,-6.79],[-47.498,-6.764],[-47.494,-6.751],[-47.497,-6.726],[-47.496,-6.697],[-47.493,-6.69],[-47.499,-6.671],[-47.496,-6.664],[-47.484,-6.647],[-47.474,-6.628],[-47.469,-6.621],[-47.462,-6.602],[-47.465,-6.582],[-47.459,-6.557],[-47.456,-6.538],[-47.434,-6.504],[-47.425,-6.497],[-47.416,-6.484],[-47.421,-6.465],[-47.433,-6.44],[-47.434,-6.431],[-47.43,-6.423]]]},"properties":{"uf":"TO","code":17}},{"type":"Feature","geometry":{"type":"MultiPolygon","coordinates":[[[[-48.025,-4.778],[-48.058,-4.804],[-48.195,-4.911],[-48.212,-4.925],[-48.374,-5.052],[-48.386,-5.061],[-48.4,-5.074],[-48.419,-5.086],[-48.427,-5.075],[-48.437,-5.079],[-48.437,-5.09],[-48.433,-5.098],[-48.439,-5.101],[-48.452,-5.112],[-48.492,-5.144],[-48.603,-5.23],[-48.755,-5.349],[-48.741,-5.353],[-48.73,-5.348],[-48.712,-5.353],[-48.705,-5.345],[-48.702,-5.329],[-48.699,-5.32],[-48.692,-5.312],[-48.679,-5.306],[-48.658,-5.308],[-48.639,-5.32],[-48.63,-5.333],[-48.612,-5.338],[-48.606,-5.337],[-48.584,-5.311],[-48.569,-5.283],[-48.569,-5.263],[-48.562,-5.247],[-48.561,-5.23],[-48.549,-5.214],[-48.53,-5.197],[-48.52,-5.192],[-48.487,-5.194],[-48.473,-5.187],[-48.457,-5.184],[-48.442,-5.183],[-48.42,-5.177],[-48.388,-5.174],[-48.364,-5.168],[-48.353,-5.174],[-48.329,-5.197],[-48.314,-5.203],[-48.293,-5.204],[-48.273,-5.216],[-48.248,-5.223],[-48.235,-5.228],[-48.225,-5.236],[-48.206,-5.249],[-48.19,-5.253],[-48.185,-5.257],[-48.177,-5.26],[-48.152,-5.264],[-48.112,-5.266],[-48.077,-5.273],[-48.069,-5.271],[-48.052,-5.268],[-48.041,-5.261],[-48.031,-5.25],[-48.015,-5.238],[-48.001,-5.234],[-47.984,-5.236],[-47.953,-5.24],[-47.937,-5.24],[-47.928,-5.241],[-47.886,-5.261],[-47.873,-5.272],[-47.87,-5.28],[-47.867,-5.305],[-47.866,-5.317],[-47.868,-5.328],[-47.868,-5.343],[-47.861,-5.355],[-47.844,-5.376],[-47.828,-5.387],[-47.806,-5.386],[-47.786,-5.383],[-47.772,-5.379],[-47.758,-5.378],[-47.744,-5.38],[-47.732,-5.386],[-47.721,-5.394],[-47.68,-5.415],[-47.667,-5.422],[-47.643,-5.44],[-47.619,-5.46],[-47.606,-5.465],[-47.581,-5.47],[-47.56,-5.463],[-47.548,-5.471],[-47.528,-5.493],[-47.517,-5.511],[-47.5,-5.526],[-47.488,-5.55],[-47.483,-5.565],[-47.485,-5.579],[-47.484,-5.596],[-47.48,-5.622],[-47.477,-5.637],[-47.474,-5.662],[-47.484,-5.684],[-47.493,-5.71],[-47.493,-5.731],[-47.483,-5.759],[-47.472,-5.77],[-47.467,-5.778],[-47.457,-5.8],[-47.453,-5.813],[-47.447,-5.82],[-47.442,-5.831],[-47.438,-5.857],[-47.432,-5.866],[-47.431,-5.881],[-47.433,-5.894],[-47.429,-5.92],[-47.431,-5.938],[-47.448,-5.99],[-47.448,-5.996],[-47.439,-6.012],[-47.431,-6.03],[-47.428,-6.039],[-47.43,-6.068],[-47.434,-6.093],[-47.43,-6.131],[-47.423,-6.16],[-47.417,-6.178],[-47.401,-6.209],[-47.385,-6.23],[-47.381,-6.25],[-47.377,-6.267],[-47.379,-6.273],[-47.396,-6.308],[-47.409,-6.328],[-47.412,-6.346],[-47.41,-6.366],[-47.42,-6.402],[-47.43,-6.423],[-47.434,-6.431],[-47.433,-6.44],[-47.421,-6.465],[-47.416,-6.484],[-47.425,-6.497],[-47.434,-6.504],[-47.456,-6.538],[-47.459,-6.557],[-47.465,-6.582],[-47.462,-6.602],[-47.469,-6.621],[-47.474,-6.628],[-47.484,-6.647],[-47.496,-6.664],[-47.499,-6.671],[-47.493,-6.69],[-47.496,-6.697],[-47.497,-6.726],[-47.494,-6.751],[-47.498,-6.764],[-47.517,-6.79],[-47.529,-6.828],[-47.529,-6.836],[-47.52,-6.84],[-47.507,-6.872],[-47.505,-6.885],[-47.508,-6.907],[-47.523,-6.929],[-47.53,-6.946],[-47.528,-6.971],[-47.53,-6.98],[-47.535,-6.987],[-47.54,-7.002],[-47.547,-7.017],[-47.558,-7.031],[-47.575,-7.05],[-47.597,-7.063],[-47.606,-7.079],[-47.618,-7.091],[-47.627,-7.122],[-47.645,-7.144],[-47.66,-7.151],[-47.675,-7.148],[-47.694,-7.137],[-47.711,-7.138],[-47.727,-7.147],[-47.745,-7.162],[-47.749,-7.173],[-47.75,-7.195],[-47.737,-7.217],[-47.726,-7.223],[-47.708,-7.229],[-47.691,-7.238],[-47.684,-7.245],[-47.679,-7.251],[-47.672,-7.267],[-47.66,-7.289],[-47.651,-7.302],[-47.645,-7.305],[-47.634,-7.305],[-47.627,-7.301],[-47.607,-7.272],[-47.592,-7.264],[-47.569,-7.266],[-47.543,-7.265],[-47.532,-7.269],[-47.524,-7.278],[-47.511,-7.285],[-47.5,-7.294],[-47.483,-7.322],[-47.478,-7.337],[-47.479,-7.346],[-47.483,-7.365],[-47.493,-7.376],[-47.518,-7.39],[-47.542,-7.401],[-47.559,-7.404],[-47.58,-7.419],[-47.584,-7.424],[-47.592,-7.44],[-47.585,-7.445],[-47.561,-7.45],[-47.553,-7.442],[-47.528,-7.433],[-47.503,-7.439],[-47.499,-7.453],[-47.499,-7.472],[-47.496,-7.481],[-47.484,-7.488],[-47.48,-7.494],[-47.48,-7.526],[-47.475,-7.534],[-47.466,-7.528],[-47.462,-7.519],[-47.439,-7.521],[-47.429,-7.525],[-47.424,-7.53],[-47.425,-7.538],[-47.43,-7.547],[-47.44,-7.555],[-47.438,-7.558],[-47.42,-7.563],[-47.41,-7.562],[-47.4,-7.568],[-47.4,-7.577],[-47.403,-7.588],[-47.389,-7.595],[-47.383,-7.6],[-47.383,-7.62],[-47.388,-7.631],[-47.387,-7.645],[-47.382,-7.655],[-47.366,-7.655],[-47.354,-7.649],[-47.353,-7.642],[-47.366,-7.636],[-47.371,-7.63],[-47.374,-7.622],[-47.358,-7.616],[-47.352,-7.622],[-47.349,-7.632],[-47.337,-7.636],[-47.326,-7.653],[-47.315,-7.662],[-47.337,-7.664],[-47.332,-7.673],[-47.332,-7.685],[-47.318,-7.689],[-47.304,-7.689],[-47.303,-7.702],[-47.311,-7.698],[-47.317,-7.704],[-47.308,-7.71],[-47.316,-7.718],[-47.313,-7.731],[-47.306,-7.735],[-47.289,-7.729],[-47.283,-7.735],[-47.275,-7.73],[-47.274,-7.742],[-47.261,-7.744],[-47.264,-7.753],[-47.255,-7.762],[-47.255,-7.768],[-47.246,-7.781],[-47.248,-7.786],[-47.241,-7.795],[-47.248,-7.801],[-47.24,-7.814],[-47.225,-7.826],[-47.215,-7.836],[-47.208,-7.833],[-47.199,-7.843],[-47.199,-7.849],[-47.19,-7.851],[-47.181,-7.859],[-47.172,-7.877],[-47.165,-7.879],[-47.158,-7.893],[-47.147,-7.897],[-47.144,-7.905],[-47.146,-7.914],[-47.14,-7.926],[-47.133,-7.922],[-47.126,-7.924],[-47.114,-7.943],[-47.117,-7.952],[-47.112,-7.956],[-47.106,-7.952],[-47.103,-7.967],[-47.107,-7.971],[-47.099,-7.979],[-47.1,-7.985],[-47.087,-7.99],[-47.084,-7.988],[-47.068,-7.998],[-47.063,-8.004],[-47.059,-8.02],[-47.06,-8.028],[-47.051,-8.036],[-47.054,-8.042],[-47.046,-8.046],[-47.046,-8.053],[-47.023,-8.06],[-47.015,-8.059],[-46.997,-8.066],[-46.994,-8.053],[-46.987,-8.048],[-46.982,-8.05],[-46.964,-8.039],[-46.966,-8.033],[-46.954,-8.025],[-46.957,-8.017],[-46.946,-8.006],[-46.941,-7.998],[-46.924,-7.992],[-46.922,-7.985],[-46.913,-7.981],[-46.899,-7.987],[-46.891,-7.979],[-46.883,-7.964],[-46.872,-7.962],[-46.867,-7.968],[-46.86,-7.96],[-46.838,-7.959],[-46.829,-7.962],[-46.815,-7.952],[-46.807,-7.951],[-46.792,-7.954],[-46.788,-7.947],[-46.764,-7.939],[-46.756,-7.923],[-46.746,-7.927],[-46.723,-7.922],[-46.72,-7.915],[-46.708,-7.91],[-46.694,-7.917],[-46.684,-7.913],[-46.681,-7.915],[-46.668,-7.913],[-46.667,-7.904],[-46.66,-7.901],[-46.651,-7.91],[-46.632,-7.9],[-46.614,-7.897],[-46.605,-7.897],[-46.581,-7.908],[-46.577,-7.916],[-46.561,-7.938],[-46.553,-7.944],[-46.55,-7.951],[-46.534,-7.953],[-46.51,-7.966],[-46.501,-7.973],[-46.498,-7.98],[-46.485,-7.997],[-46.486,-8.005],[-46.476,-8.015],[-46.48,-8.043],[-46.475,-8.056],[-46.47,-8.062],[-46.466,-8.073],[-46.471,-8.077],[-46.468,-8.084],[-46.483,-8.091],[-46.488,-8.1],[-46.491,-8.118],[-46.501,-8.134],[-46.507,-8.148],[-46.507,-8.157],[-46.514,-8.165],[-46.515,-8.171],[-46.511,-8.181],[-46.492,-8.193],[-46.488,-8.199],[-46.489,-8.207],[-46.504,-8.222],[-46.51,-8.243],[-46.507,-8.247],[-46.508,-8.27],[-46.519,-8.291],[-46.532,-8.298],[-46.544,-8.317],[-46.558,-8.322],[-46.58,-8.322],[-46.594,-8.327],[-46.617,-8.326],[-46.633,-8.318],[-46.645,-8.323],[-46.662,-8.335],[-46.674,-8.335],[-46.688,-8.345],[-46.703,-8.348],[-46.712,-8.355],[-46.713,-8.362],[-46.724,-8.37],[-46.727,-8.383],[-46.734,-8.385],[-46.736,-8.379],[-46.75,-8.374],[-46.76,-8.378],[-46.769,-8.376],[-46.777,-8.368],[-46.786,-8.374],[-46.787,-8.382],[-46.792,-8.388],[-46.786,-8.395],[-46.795,-8.405],[-46.803,-8.406],[-46.798,-8.418],[-46.796,-8.429],[-46.802,-8.444],[-46.8,-8.454],[-46.817,-8.47],[-46.824,-8.475],[-46.831,-8.47],[-46.849,-8.475],[-46.852,-8.481],[-46.847,-8.493],[-46.847,-8.511],[-46.852,-8.516],[-46.851,-8.526],[-46.846,-8.534],[-46.852,-8.543],[-46.86,-8.545],[-46.862,-8.555],[-46.876,-8.555],[-46.879,-8.567],[-46.889,-8.577],[-46.902,-8.586],[-46.906,-8.596],[-46.898,-8.601],[-46.907,-8.62],[-46.917,-8.633],[-46.912,-8.64],[-46.916,-8.648],[-46.902,-8.654],[-46.897,-8.664],[-46.889,-8.67],[-46.887,-8.687],[-46.891,-8.691],[-46.902,-8.696],[-46.904,-8.701],[-46.914,-8.709],[-46.916,-8.723],[-46.926,-8.735],[-46.925,-8.744],[-46.918,-8.751],[-46.917,-8.762],[-46.905,-8.775],[-46.906,-8.795],[-46.903,-8.815],[-46.914,-8.823],[-46.907,-8.828],[-46.918,-8.84],[-46.913,-8.848],[-46.918,-8.857],[-46.942,-8.86],[-46.95,-8.87],[-46.961,-8.874],[-46.966,-8.868],[-46.978,-8.868],[-46.983,-8.874],[-46.993,-8.879],[-46.986,-8.888],[-46.983,-8.903],[-46.976,-8.903],[-46.97,-8.915],[-46.982,-8.922],[-46.984,-8.932],[-46.995,-8.931],[-46.998,-8.936],[-46.994,-8.944],[-47.0,-8.947],[-47.011,-8.947],[-47.018,-8.958],[-47.014,-8.964],[-47.015,-8.975],[-47.022,-8.98],[-47.021,-8.988],[-47.036,-8.99],[-47.038,-9.001],[-47.044,-9.007],[-47.062,-9.008],[-47.064,-9.017],[-47.051,-9.015],[-47.044,-9.023],[-47.045,-9.028],[-47.054,-9.034],[-47.052,-9.039],[-47.058,-9.053],[-47.068,-9.056],[-47.069,-9.064],[-47.056,-9.066],[-47.048,-9.071],[-47.034,-9.069],[-47.024,-9.076],[-47.019,-9.076],[-47.007,-9.082],[-46.999,-9.076],[-46.987,-9.075],[-46.976,-9.082],[-46.966,-9.079],[-46.954,-9.069],[-46.94,-9.064],[-46.922,-9.067],[-46.912,-9.083],[-46.919,-9.087],[-46.931,-9.086],[-46.924,-9.098],[-46.93,-9.106],[-46.926,-9.115],[-46.931,-9.121],[-46.932,-9.128],[-46.926,-9.135],[-46.913,-9.134],[-46.9,-9.128],[-46.896,-9.123],[-46.889,-9.129],[-46.892,-9.138],[-46.889,-9.142],[-46.877,-9.144],[-46.871,-9.147],[-46.861,-9.146],[-46.852,-9.154],[-46.848,-9.168],[-46.852,-9.186],[-46.851,-9.192],[-46.839,-9.198],[-46.828,-9.194],[-46.823,-9.199],[-46.82,-9.212],[-46.826,-9.221],[-46.829,-9.24],[-46.819,-9.257],[-46.823,-9.266],[-46.832,-9.269],[-46.834,-9.281],[-46.845,-9.284],[-46.847,-9.292],[-46.842,-9.304],[-46.835,-9.308],[-46.819,-9.303],[-46.81,-9.309],[-46.811,-9.313],[-46.799,-9.339],[-46.784,-9.351],[-46.78,-9.358],[-46.766,-9.368],[-46.759,-9.381],[-46.759,-9.386],[-46.766,-9.402],[-46.763,-9.409],[-46.754,-9.414],[-46.741,-9.412],[-46.738,-9.405],[-46.723,-9.396],[-46.694,-9.398],[-46.675,-9.391],[-46.666,-9.392],[-46.652,-9.406],[-46.644,-9.41],[-46.633,-9.412],[-46.642,-9.418],[-46.648,-9.427],[-46.65,-9.441],[-46.648,-9.447],[-46.64,-9.458],[-46.625,-9.466],[-46.614,-9.465],[-46.6,-9.47],[-46.593,-9.483],[-46.583,-9.479],[-46.573,-9.478],[-46.561,-9.484],[-46.56,-9.494],[-46.574,-9.506],[-46.575,-9.521],[-46.558,-9.534],[-46.557,-9.541],[-46.541,-9.55],[-46.539,-9.56],[-46.562,-9.573],[-46.583,-9.586],[-46.592,-9.587],[-46.59,-9.598],[-46.596,-9.614],[-46.606,-9.63],[-46.606,-9.646],[-46.609,-9.658],[-46.613,-9.666],[-46.653,-9.693],[-46.645,-9.72],[-46.647,-9.73],[-46.644,-9.74],[-46.632,-9.749],[-46.624,-9.75],[-46.596,-9.747],[-46.577,-9.757],[-46.569,-9.77],[-46.571,-9.781],[-46.58,-9.796],[-46.577,-9.805],[-46.562,-9.811],[-46.542,-9.81],[-46.536,-9.809],[-46.513,-9.797],[-46.509,-9.809],[-46.502,-9.82],[-46.495,-9.826],[-46.497,-9.844],[-46.493,-9.849],[-46.484,-9.852],[-46.49,-9.861],[-46.492,-9.87],[-46.485,-9.874],[-46.473,-9.877],[-46.471,-9.898],[-46.475,-9.905],[-46.479,-9.92],[-46.466,-9.937],[-46.475,-9.949],[-46.477,-9.957],[-46.472,-9.976],[-46.477,-9.99],[-46.457,-10.018],[-46.457,-10.046],[-46.448,-10.065],[-46.445,-10.077],[-46.421,-10.081],[-46.414,-10.087],[-46.4,-10.106],[-46.384,-10.12],[-46.379,-10.13],[-46.368,-10.169],[-46.348,-10.173],[-46.335,-10.181],[-46.325,-10.183],[-46.313,-10.173],[-46.306,-10.177],[-46.268,-10.181],[-46.241,-10.172],[-46.233,-10.172],[-46.211,-10.17],[-46.202,-10.174],[-46.195,-10.183],[-46.183,-10.193],[-46.169,-10.211],[-46.163,-10.214],[-46.148,-10.21],[-46.14,-10.207],[-46.13,-10.207],[-46.107,-10.213],[-46.093,-10.21],[-46.058,-10.186],[-46.039,-10.177],[-46.028,-10.177],[-46.023,-10.183],[-46.023,-10.19],[-46.018,-10.219],[-46.018,-10.24],[-46.012,-10.251],[-46.006,-10.26],[-45.999,-10.258],[-45.996,-10.25],[-45.974,-10.248],[-45.946,-10.258],[-45.95,-10.234],[-45.956,-10.221],[-45.946,-10.207],[-45.946,-10.196],[-45.941,-10.193],[-45.931,-10.191],[-45.924,-10.171],[-45.915,-10.164],[-45.913,-10.158],[-45.9,-10.153],[-45.898,-10.137],[-45.892,-10.129],[-45.886,-10.114],[-45.879,-10.11],[-45.877,-10.098],[-45.871,-10.08],[-45.87,-10.069],[-45.88,-10.061],[-45.871,-10.026],[-45.863,-10.005],[-45.855,-9.996],[-45.856,-9.984],[-45.852,-9.98],[-45.847,-9.96],[-45.849,-9.956],[-45.843,-9.94],[-45.846,-9.926],[-45.853,-9.92],[-45.858,-9.908],[-45.862,-9.874],[-45.866,-9.872],[-45.864,-9.861],[-45.851,-9.833],[-45.849,-9.818],[-45.839,-9.797],[-45.828,-9.792],[-45.821,-9.773],[-45.823,-9.763],[-45.821,-9.756],[-45.828,-9.746],[-45.821,-9.739],[-45.829,-9.725],[-45.826,-9.719],[-45.833,-9.712],[-45.829,-9.704],[-45.839,-9.696],[-45.83,-9.68],[-45.833,-9.667],[-45.831,-9.659],[-45.834,-9.652],[-45.826,-9.637],[-45.825,-9.625],[-45.82,-9.618],[-45.838,-9.595],[-45.837,-9.585],[-45.843,-9.576],[-45.842,-9.563],[-45.832,-9.553],[-45.828,-9.543],[-45.831,-9.539],[-45.824,-9.522],[-45.812,-9.504],[-45.799,-9.495],[-45.798,-9.487],[-45.791,-9.483],[-45.783,-9.48],[-45.79,-9.47],[-45.789,-9.465],[-45.794,-9.445],[-45.802,-9.436],[-45.803,-9.425],[-45.799,-9.417],[-45.806,-9.41],[-45.809,-9.4],[-45.819,-9.389],[-45.825,-9.374],[-45.829,-9.374],[-45.848,-9.356],[-45.864,-9.359],[-45.876,-9.354],[-45.88,-9.346],[-45.887,-9.349],[-45.894,-9.343],[-45.891,-9.332],[-45.897,-9.325],[-45.898,-9.318],[-45.908,-9.298],[-45.907,-9.292],[-45.897,-9.29],[-45.897,-9.278],[-45.904,-9.265],[-45.898,-9.259],[-45.902,-9.251],[-45.898,-9.245],[-45.897,-9.233],[-45.904,-9.231],[-45.899,-9.208],[-45.906,-9.193],[-45.898,-9.185],[-45.901,-9.179],[-45.909,-9.173],[-45.918,-9.159],[-45.921,-9.147],[-45.928,-9.14],[-45.929,-9.128],[-45.923,-9.099],[-45.923,-9.09],[-45.933,-9.086],[-45.928,-9.079],[-45.931,-9.068],[-45.938,-9.064],[-45.941,-9.055],[-45.936,-9.038],[-45.942,-9.033],[-45.946,-9.024],[-45.944,-9.016],[-45.958,-9.002],[-45.968,-8.977],[-45.981,-8.967],[-45.991,-8.949],[-45.995,-8.927],[-45.985,-8.917],[-45.986,-8.91],[-45.98,-8.904],[-45.984,-8.89],[-45.979,-8.882],[-45.967,-8.876],[-45.974,-8.868],[-45.972,-8.862],[-45.96,-8.852],[-45.959,-8.842],[-45.949,-8.845],[-45.945,-8.836],[-45.947,-8.83],[-45.959,-8.825],[-45.96,-8.816],[-45.953,-8.806],[-45.94,-8.797],[-45.938,-8.787],[-45.937,-8.78],[-45.928,-8.777],[-45.925,-8.771],[-45.906,-8.758],[-45.891,-8.759],[-45.89,-8.741],[-45.883,-8.735],[-45.864,-8.73],[-45.864,-8.716],[-45.848,-8.71],[-45.841,-8.716],[-45.833,-8.697],[-45.83,-8.685],[-45.82,-8.664],[-45.814,-8.658],[-45.822,-8.648],[-45.816,-8.633],[-45.806,-8.623],[-45.789,-8.617],[-45.776,-8.617],[-45.768,-8.607],[-45.795,-8.592],[-45.792,-8.582],[-45.785,-8.581],[-45.772,-8.575],[-45.761,-8.56],[-45.762,-8.551],[-45.754,-8.542],[-45.757,-8.527],[-45.753,-8.518],[-45.739,-8.501],[-45.747,-8.497],[-45.747,-8.489],[-45.743,-8.475],[-45.745,-8.453],[-45.731,-8.428],[-45.735,-8.419],[-45.73,-8.409],[-45.723,-8.405],[-45.725,-8.395],[-45.713,-8.388],[-45.706,-8.388],[-45.703,-8.381],[-45.706,-8.369],[-45.693,-8.361],[-45.69,-8.354],[-45.69,-8.336],[-45.68,-8.321],[-45.679,-8.305],[-45.667,-8.289],[-45.664,-8.267],[-45.664,-8.251],[-45.647,-8.243],[-45.635,-8.225],[-45.622,-8.217],[-45.609,-8.205],[-45.615,-8.191],[-45.602,-8.175],[-45.595,-8.175],[-45.584,-8.157],[-45.589,-8.137],[-45.588,-8.129],[-45.577,-8.114],[-45.586,-8.103],[-45.586,-8.095],[-45.576,-8.084],[-45.569,-8.07],[-45.569,-8.052],[-45.563,-8.044],[-45.577,-8.03],[-45.566,-8.016],[-45.552,-8.015],[-45.553,-8.007],[-45.566,-7.999],[-45.568,-7.995],[-45.556,-7.971],[-45.547,-7.968],[-45.546,-7.957],[-45.556,-7.954],[-45.548,-7.947],[-45.539,-7.918],[-45.532,-7.923],[-45.525,-7.914],[-45.524,-7.907],[-45.542,-7.899],[-45.538,-7.891],[-45.523,-7.888],[-45.52,-7.885],[-45.536,-7.873],[-45.538,-7.862],[-45.526,-7.857],[-45.526,-7.838],[-45.517,-7.835],[-45.511,-7.824],[-45.51,-7.8],[-45.499,-7.797],[-45.501,-7.787],[-45.49,-7.787],[-45.492,-7.774],[-45.486,-7.766],[-45.495,-7.754],[-45.496,-7.747],[-45.482,-7.748],[-45.487,-7.729],[-45.483,-7.716],[-45.469,-7.714],[-45.47,-7.69],[-45.451,-7.688],[-45.46,-7.674],[-45.456,-7.67],[-45.438,-7.678],[-45.438,-7.669],[-45.432,-7.662],[-45.416,-7.657],[-45.416,-7.646],[-45.404,-7.644],[-45.398,-7.639],[-45.398,-7.623],[-45.395,-7.614],[-45.383,-7.612],[-45.372,-7.618],[-45.349,-7.598],[-45.342,-7.593],[-45.341,-7.582],[-45.335,-7.578],[-45.316,-7.574],[-45.299,-7.575],[-45.289,-7.572],[-45.285,-7.566],[-45.276,-7.567],[-45.262,-7.571],[-45.252,-7.559],[-45.233,-7.549],[-45.215,-7.567],[-45.204,-7.552],[-45.19,-7.548],[-45.181,-7.542],[-45.175,-7.53],[-45.155,-7.513],[-45.148,-7.521],[-45.139,-7.522],[-45.127,-7.514],[-45.096,-7.505],[-45.086,-7.502],[-45.068,-7.504],[-45.056,-7.508],[-45.05,-7.513],[-45.021,-7.498],[-45.011,-7.495],[-45.003,-7.496],[-44.989,-7.482],[-44.985,-7.481],[-44.966,-7.483],[-44.956,-7.475],[-44.948,-7.475],[-44.938,-7.47],[-44.928,-7.472],[-44.923,-7.467],[-44.918,-7.45],[-44.908,-7.442],[-44.899,-7.425],[-44.881,-7.428],[-44.868,-7.422],[-44.866,-7.415],[-44.852,-7.403],[-44.854,-7.396],[-44.847,-7.386],[-44.833,-7.383],[-44.821,-7.376],[-44.817,-7.362],[-44.786,-7.372],[-44.78,-7.378],[-44.773,-7.374],[-44.762,-7.372],[-44.751,-7.364],[-44.742,-7.362],[-44.736,-7.382],[-44.73,-7.39],[-44.711,-7.398],[-44.702,-7.395],[-44.69,-7.396],[-44.684,-7.387],[-44.678,-7.359],[-44.671,-7.353],[-44.665,-7.335],[-44.66,-7.329],[-44.643,-7.325],[-44.641,-7.316],[-44.628,-7.309],[-44.616,-7.309],[-44.609,-7.294],[-44.595,-7.277],[-44.594,-7.267],[-44.578,-7.256],[-44.572,-7.248],[-44.565,-7.229],[-44.547,-7.226],[-44.535,-7.227],[-44.522,-7.219],[-44.512,-7.194],[-44.505,-7.187],[-44.49,-7.182],[-44.473,-7.166],[-44.462,-7.16],[-44.45,-7.16],[-44.431,-7.152],[-44.417,-7.139],[-44.404,-7.13],[-44.386,-7.121],[-44.379,-7.119],[-44.365,-7.122],[-44.354,-7.116],[-44.327,-7.11],[-44.313,-7.119],[-44.303,-7.114],[-44.298,-7.101],[-44.276,-7.074],[-44.274,-7.065],[-44.276,-7.058],[-44.28,-7.045],[-44.278,-7.038],[-44.264,-7.019],[-44.263,-7.004],[-44.261,-7.0],[-44.249,-7.0],[-44.236,-6.999],[-44.215,-6.975],[-44.208,-6.97],[-44.203,-6.957],[-44.201,-6.933],[-44.19,-6.926],[-44.179,-6.927],[-44.174,-6.92],[-44.176,-6.904],[-44.176,-6.896],[-44.171,-6.885],[-44.163,-6.875],[-44.153,-6.868],[-44.141,-6.865],[-44.131,-6.845],[-44.125,-6.836],[-44.115,-6.838],[-44.114,-6.853],[-44.104,-6.856],[-44.099,-6.846],[-44.099,-6.84],[-44.105,-6.83],[-44.113,-6.823],[-44.116,-6.815],[-44.116,-6.806],[-44.107,-6.802],[-44.089,-6.803],[-44.083,-6.81],[-44.077,-6.821],[-44.07,-6.821],[-44.059,-6.808],[-44.061,-6.791],[-44.057,-6.774],[-44.053,-6.768],[-44.043,-6.769],[-44.033,-6.76],[-44.018,-6.758],[-44.005,-6.759],[-43.988,-6.757],[-43.981,-6.755],[-43.971,-6.744],[-43.957,-6.743],[-43.949,-6.752],[-43.942,-6.768],[-43.931,-6.771],[-43.928,-6.77],[-43.919,-6.756],[-43.914,-6.753],[-43.898,-6.755],[-43.884,-6.759],[-43.878,-6.757],[-43.854,-6.736],[-43.842,-6.734],[-43.82,-6.727],[-43.808,-6.72],[-43.8,-6.705],[-43.791,-6.702],[-43.783,-6.711],[-43.775,-6.715],[-43.761,-6.702],[-43.754,-6.704],[-43.729,-6.705],[-43.715,-6.699],[-43.704,-6.701],[-43.697,-6.71],[-43.673,-6.706],[-43.652,-6.713],[-43.638,-6.72],[-43.622,-6.735],[-43.599,-6.744],[-43.584,-6.758],[-43.573,-6.755],[-43.571,-6.748],[-43.562,-6.748],[-43.549,-6.763],[-43.546,-6.782],[-43.542,-6.789],[-43.508,-6.799],[-43.492,-6.814],[-43.489,-6.822],[-43.483,-6.833],[-43.473,-6.839],[-43.465,-6.84],[-43.455,-6.846],[-43.446,-6.839],[-43.437,-6.839],[-43.419,-6.844],[-43.409,-6.841],[-43.403,-6.835],[-43.391,-6.834],[-43.39,-6.824],[-43.384,-6.816],[-43.367,-6.82],[-43.359,-6.814],[-43.354,-6.802],[-43.344,-6.798],[-43.316,-6.801],[-43.296,-6.8],[-43.271,-6.793],[-43.257,-6.779],[-43.248,-6.768],[-43.219,-6.764],[-43.178,-6.767],[-43.164,-6.774],[-43.148,-6.784],[-43.132,-6.781],[-43.101,-6.768],[-43.087,-6.751],[-43.076,-6.749],[-43.065,-6.75],[-43.057,-6.758],[-43.048,-6.762],[-43.031,-6.763],[-43.011,-6.76],[-42.993,-6.749],[-42.984,-6.726],[-42.977,-6.718],[-42.957,-6.708],[-42.947,-6.702],[-42.93,-6.679],[-42.919,-6.669],[-42.915,-6.648],[-42.917,-6.641],[-42.912,-6.626],[-42.908,-6.606],[-42.901,-6.594],[-42.887,-6.578],[-42.884,-6.565],[-42.889,-6.545],[-42.887,-6.534],[-42.874,-6.519],[-42.873,-6.51],[-42.885,-6.51],[-42.886,-6.505],[-42.879,-6.493],[-42.869,-6.49],[-42.865,-6.482],[-42.87,-6.469],[-42.869,-6.457],[-42.877,-6.429],[-42.877,-6.417],[-42.862,-6.396],[-42.855,-6.383],[-42.857,-6.373],[-42.852,-6.359],[-42.833,-6.346],[-42.829,-6.341],[-42.831,-6.329],[-42.836,-6.325],[-42.85,-6.332],[-42.86,-6.33],[-42.858,-6.322],[-42.849,-6.308],[-42.847,-6.278],[-42.856,-6.262],[-42.855,-6.25],[-42.861,-6.239],[-42.876,-6.226],[-42.889,-6.226],[-42.899,-6.223],[-42.914,-6.215],[-42.922,-6.208],[-42.933,-6.193],[-42.956,-6.186],[-42.97,-6.177],[-42.977,-6.159],[-42.978,-6.138],[-42.982,-6.128],[-42.992,-6.118],[-43.011,-6.112],[-43.034,-6.111],[-43.045,-6.106],[-43.049,-6.102],[-43.057,-6.08],[-43.064,-6.068],[-43.075,-6.057],[-43.076,-6.043],[-43.072,-6.037],[-43.062,-6.031],[-43.049,-6.014],[-43.048,-5.997],[-43.051,-5.99],[-43.06,-5.982],[-43.071,-5.978],[-43.084,-5.957],[-43.087,-5.941],[-43.087,-5.919],[-43.096,-5.91],[-43.099,-5.902],[-43.091,-5.888],[-43.081,-5.879],[-43.075,-5.865],[-43.085,-5.847],[-43.094,-5.835],[-43.096,-5.825],[-43.09,-5.808],[-43.098,-5.79],[-43.099,-5.775],[-43.101,-5.759],[-43.094,-5.742],[-43.08,-5.742],[-43.076,-5.736],[-43.077,-5.726],[-43.082,-5.709],[-43.089,-5.672],[-43.08,-5.649],[-43.085,-5.634],[-43.098,-5.627],[-43.095,-5.615],[-43.088,-5.604],[-43.082,-5.599],[-43.062,-5.598],[-43.047,-5.592],[-43.033,-5.592],[-43.026,-5.577],[-43.024,-5.562],[-43.021,-5.557],[-43.004,-5.543],[-43.001,-5.532],[-43.0,-5.519],[-42.995,-5.508],[-42.986,-5.497],[-42.974,-5.484],[-42.968,-5.454],[-42.958,-5.445],[-42.94,-5.442],[-42.931,-5.439],[-42.924,-5.431],[-42.911,-5.396],[-42.899,-5.39],[-42.887,-5.392],[-42.881,-5.39],[-42.871,-5.381],[-42.865,-5.369],[-42.835,-5.355],[-42.825,-5.346],[-42.816,-5.318],[-42.812,-5.29],[-42.812,-5.282],[-42.826,-5.257],[-42.83,-5.239],[-42.824,-5.229],[-42.809,-5.213],[-42.801,-5.201],[-42.799,-5.19],[-42.805,-5.149],[-42.812,-5.138],[-42.816,-5.126],[-42.817,-5.102],[-42.824,-5.088],[-42.835,-5.074],[-42.841,-5.056],[-42.843,-5.034],[-42.845,-5.024],[-42.857,-4.992],[-42.863,-4.968],[-42.856,-4.948],[-42.854,-4.937],[-42.869,-4.927],[-42.873,-4.915],[-42.885,-4.906],[-42.89,-4.895],[-42.893,-4.888],[-42.895,-4.883],[-42.893,-4.863],[-42.897,-4.843],[-42.903,-4.836],[-42.93,-4.818],[-42.939,-4.809],[-42.948,-4.789],[-42.95,-4.769],[-42.942,-4.759],[-42.926,-4.751],[-42.922,-4.742],[-42.921,-4.732],[-42.923,-4.721],[-42.927,-4.717],[-42.944,-4.706],[-42.949,-4.699],[-42.953,-4.687],[-42.952,-4.68],[-42.945,-4.672],[-42.924,-4.658],[-42.916,-4.651],[-42.901,-4.628],[-42.894,-4.613],[-42.873,-4.582],[-42.867,-4.566],[-42.867,-4.559],[-42.875,-4.539],[-42.873,-4.531],[-42.854,-4.509],[-42.85,-4.498],[-42.85,-4.484],[-42.854,-4.474],[-42.876,-4.463],[-42.878,-4.458],[-42.872,-4.428],[-42.88,-4.416],[-42.897,-4.402],[-42.927,-4.385],[-42.936,-4.382],[-42.949,-4.386],[-42.956,-4.384],[-42.963,-4.376],[-42.964,-4.361],[-42.963,-4.337],[-42.965,-4.322],[-42.977,-4.309],[-42.981,-4.3],[-42.985,-4.284],[-42.986,-4.248],[-42.987,-4.239],[-42.986,-4.221],[-42.983,-4.213],[-42.971,-4.201],[-42.955,-4.186],[-42.943,-4.167],[-42.933,-4.157],[-42.924,-4.153],[-42.897,-4.156],[-42.89,-4.155],[-42.888,-4.146],[-42.898,-4.133],[-42.902,-4.123],[-42.901,-4.117],[-42.878,-4.11],[-42.87,-4.104],[-42.856,-4.079],[-42.849,-4.059],[-42.845,-4.037],[-42.835,-4.019],[-42.817,-3.993],[-42.81,-3.992],[-42.796,-3.994],[-42.791,-3.979],[-42.788,-3.963],[-42.781,-3.955],[-42.763,-3.942],[-42.739,-3.927],[-42.731,-3.919],[-42.725,-3.908],[-42.722,-3.884],[-42.715,-3.863],[-42.703,-3.842],[-42.698,-3.83],[-42.691,-3.819],[-42.684,-3.803],[-42.672,-3.792],[-42.672,-3.786],[-42.679,-3.779],[-42.684,-3.765],[-42.682,-3.757],[-42.671,-3.744],[-42.67,-3.728],[-42.682,-3.705],[-42.684,-3.695],[-42.675,-3.673],[-42.67,-3.666],[-42.656,-3.653],[-42.643,-3.638],[-42.633,-3.632],[-42.623,-3.627],[-42.619,-3.621],[-42.617,-3.611],[-42.616,-3.592],[-42.61,-3.586],[-42.583,-3.575],[-42.568,-3.571],[-42.563,-3.559],[-42.554,-3.538],[-42.53,-3.511],[-42.529,-3.507],[-42.532,-3.496],[-42.527,-3.486],[-42.515,-3.482],[-42.508,-3.473],[-42.503,-3.451],[-42.496,-3.446],[-42.486,-3.446],[-42.483,-3.452],[-42.489,-3.473],[-42.486,-3.478],[-42.47,-3.484],[-42.461,-3.485],[-42.448,-3.478],[-42.434,-3.46],[-42.425,-3.453],[-42.418,-3.454],[-42.412,-3.461],[-42.412,-3.473],[-42.4,-3.475],[-42.393,-3.465],[-42.389,-3.449],[-42.385,-3.447],[-42.37,-3.453],[-42.356,-3.451],[-42.344,-3.444],[-42.334,-3.434],[-42.324,-3.433],[-42.315,-3.436],[-42.302,-3.452],[-42.292,-3.453],[-42.273,-3.445],[-42.247,-3.433],[-42.225,-3.427],[-42.208,-3.432],[-42.202,-3.431],[-42.195,-3.399],[-42.185,-3.394],[-42.167,-3.396],[-42.156,-3.392],[-42.151,-3.387],[-42.146,-3.373],[-42.146,-3.356],[-42.141,-3.348],[-42.126,-3.346],[-42.122,-3.341],[-42.122,-3.33],[-42.127,-3.321],[-42.127,-3.315],[-42.12,-3.311],[-42.108,-3.317],[-42.099,-3.315],[-42.096,-3.3],[-42.101,-3.292],[-42.123,-3.29],[-42.13,-3.282],[-42.129,-3.273],[-42.124,-3.267],[-42.11,-3.262],[-42.098,-3.261],[-42.069,-3.264],[-42.062,-3.261],[-42.055,-3.253],[-42.041,-3.247],[-42.019,-3.249],[-42.013,-3.248],[-41.998,-3.239],[-41.986,-3.223],[-41.98,-3.216],[-41.972,-3.204],[-41.972,-3.193],[-41.947,-3.174],[-41.939,-3.183],[-41.935,-3.18],[-41.941,-3.163],[-41.937,-3.152],[-41.925,-3.138],[-41.925,-3.113],[-41.915,-3.1],[-41.896,-3.094],[-41.876,-3.072],[-41.869,-3.06],[-41.864,-3.052],[-41.849,-3.042],[-41.837,-3.028],[-41.823,-3.018],[-41.817,-3.006],[-41.81,-2.98],[-41.797,-2.961],[-41.798,-2.95],[-41.806,-2.938],[-41.825,-2.922],[-41.834,-2.916],[-41.85,-2.891],[-41.863,-2.878],[-41.866,-2.87],[-41.861,-2.859],[-41.845,-2.814],[-41.849,-2.784],[-41.847,-2.776],[-41.841,-2.768],[-41.826,-2.757],[-41.83,-2.754],[-41.817,-2.741],[-41.803,-2.735],[-41.807,-2.73],[-41.834,-2.724],[-41.857,-2.722],[-41.91,-2.719],[-41.961,-2.719],[-41.984,-2.723],[-41.998,-2.72],[-42.009,-2.714],[-42.019,-2.714],[-42.02,-2.721],[-42.017,-2.738],[-42.031,-2.74],[-42.043,-2.73],[-42.055,-2.708],[-42.057,-2.699],[-42.071,-2.687],[-42.095,-2.693],[-42.112,-2.695],[-42.138,-2.695],[-42.172,-2.691],[-42.193,-2.688],[-42.213,-2.687],[-42.223,-2.692],[-42.23,-2.696],[-42.238,-2.685],[-42.255,-2.676],[-42.255,-2.683],[-42.26,-2.69],[-42.258,-2.701],[-42.263,-2.728],[-42.253,-2.738],[-42.264,-2.758],[-42.274,-2.754],[-42.308,-2.754],[-42.339,-2.749],[-42.351,-2.741],[-42.361,-2.73],[-42.365,-2.715],[-42.383,-2.716],[-42.397,-2.712],[-42.409,-2.714],[-42.422,-2.714],[-42.45,-2.709],[-42.465,-2.705],[-42.475,-2.7],[-42.488,-2.703],[-42.494,-2.705],[-42.499,-2.685],[-42.504,-2.678],[-42.525,-2.682],[-42.563,-2.678],[-42.587,-2.669],[-42.621,-2.645],[-42.642,-2.625],[-42.696,-2.574],[-42.709,-2.564],[-42.727,-2.555],[-42.737,-2.554],[-42.749,-2.561],[-42.761,-2.546],[-42.773,-2.548],[-42.812,-2.548],[-42.829,-2.543],[-42.851,-2.531],[-42.868,-2.523],[-42.888,-2.512],[-42.896,-2.51],[-42.919,-2.497],[-42.965,-2.475],[-42.971,-2.475],[-42.998,-2.462],[-43.015,-2.457],[-43.06,-2.438],[-43.092,-2.422],[-43.111,-2.413],[-43.122,-2.411],[-43.154,-2.397],[-43.175,-2.385],[-43.201,-2.373],[-43.229,-2.363],[-43.237,-2.359],[-43.275,-2.349],[-43.292,-2.343],[-43.312,-2.339],[-43.331,-2.337],[-43.341,-2.34],[-43.374,-2.339],[-43.378,-2.342],[-43.385,-2.346],[-43.391,-2.338],[-43.405,-2.336],[-43.416,-2.341],[-43.428,-2.343],[-43.439,-2.342],[-43.446,-2.346],[-43.461,-2.35],[-43.462,-2.357],[-43.478,-2.367],[-43.483,-2.373],[-43.483,-2.385],[-43.468,-2.413],[-43.461,-2.429],[-43.452,-2.444],[-43.456,-2.448],[-43.454,-2.473],[-43.457,-2.483],[-43.462,-2.486],[-43.47,-2.488],[-43.485,-2.485],[-43.489,-2.481],[-43.507,-2.478],[-43.521,-2.455],[-43.512,-2.438],[-43.516,-2.424],[-43.524,-2.419],[-43.537,-2.422],[-43.543,-2.432],[-43.555,-2.447],[-43.554,-2.461],[-43.558,-2.48],[-43.567,-2.493],[-43.574,-2.496],[-43.579,-2.506],[-43.597,-2.505],[-43.599,-2.499],[-43.592,-2.49],[-43.574,-2.48],[-43.57,-2.47],[-43.577,-2.46],[-43.587,-2.465],[-43.593,-2.48],[-43.602,-2.487],[-43.606,-2.498],[-43.612,-2.506],[-43.624,-2.51],[-43.634,-2.503],[-43.65,-2.493],[-43.647,-2.489],[-43.654,-2.482],[-43.664,-2.488],[-43.67,-2.495],[-43.68,-2.512],[-43.693,-2.521],[-43.697,-2.515],[-43.702,-2.505],[-43.696,-2.484],[-43.7,-2.482],[-43.711,-2.486],[-43.717,-2.476],[-43.723,-2.475],[-43.735,-2.481],[-43.748,-2.494],[-43.768,-2.494],[-43.777,-2.483],[-43.775,-2.472],[-43.76,-2.466],[-43.755,-2.454],[-43.75,-2.45],[-43.741,-2.435],[-43.739,-2.43],[-43.728,-2.424],[-43.711,-2.427],[-43.703,-2.414],[-43.692,-2.409],[-43.686,-2.397],[-43.661,-2.403],[-43.645,-2.401],[-43.638,-2.39],[-43.629,-2.358],[-43.627,-2.333],[-43.63,-2.326],[-43.626,-2.318],[-43.625,-2.307],[-43.616,-2.295],[-43.597,-2.292],[-43.594,-2.283],[-43.602,-2.27],[-43.604,-2.258],[-43.614,-2.252],[-43.627,-2.251],[-43.637,-2.253],[-43.644,-2.258],[-43.67,-2.269],[-43.686,-2.273],[-43.701,-2.279],[-43.72,-2.291],[-43.724,-2.308],[-43.722,-2.322],[-43.727,-2.334],[-43.74,-2.35],[-43.728,-2.361],[-43.725,-2.368],[-43.727,-2.386],[-43.736,-2.394],[-43.745,-2.397],[-43.759,-2.409],[-43.762,-2.419],[-43.78,-2.428],[-43.798,-2.44],[-43.808,-2.438],[-43.81,-2.431],[-43.8,-2.416],[-43.801,-2.41],[-43.798,-2.4],[-43.792,-2.394],[-43.803,-2.391],[-43.814,-2.397],[-43.838,-2.417],[-43.838,-2.43],[-43.832,-2.442],[-43.841,-2.447],[-43.845,-2.476],[-43.847,-2.502],[-43.85,-2.51],[-43.864,-2.517],[-43.873,-2.516],[-43.879,-2.526],[-43.89,-2.534],[-43.892,-2.541],[-43.892,-2.555],[-43.9,-2.558],[-43.91,-2.555],[-43.919,-2.555],[-43.931,-2.562],[-43.933,-2.568],[-43.941,-2.578],[-43.954,-2.605],[-43.954,-2.618],[-43.956,-2.622],[-43.974,-2.626],[-43.989,-2.634],[-44.004,-2.638],[-44.01,-2.647],[-44.023,-2.653],[-44.028,-2.661],[-44.031,-2.673],[-44.038,-2.679],[-44.05,-2.697],[-44.053,-2.709],[-44.079,-2.744],[-44.095,-2.753],[-44.105,-2.748],[-44.116,-2.749],[-44.122,-2.758],[-44.13,-2.764],[-44.148,-2.768],[-44.159,-2.768],[-44.192,-2.765],[-44.211,-2.769],[-44.214,-2.772],[-44.227,-2.772],[-44.238,-2.78],[-44.257,-2.778],[-44.263,-2.772],[-44.266,-2.76],[-44.26,-2.744],[-44.251,-2.732],[-44.241,-2.726],[-44.215,-2.723],[-44.204,-2.717],[-44.2,-2.709],[-44.192,-2.704],[-44.176,-2.702],[-44.165,-2.7],[-44.159,-2.69],[-44.153,-2.684],[-44.138,-2.682],[-44.132,-2.656],[-44.124,-2.654],[-44.124,-2.647],[-44.116,-2.642],[-44.114,-2.634],[-44.106,-2.629],[-44.108,-2.615],[-44.102,-2.597],[-44.092,-2.588],[-44.093,-2.575],[-44.085,-2.571],[-44.081,-2.564],[-44.071,-2.559],[-44.062,-2.56],[-44.054,-2.565],[-44.053,-2.557],[-44.043,-2.554],[-44.036,-2.557],[-44.034,-2.55],[-44.033,-2.533],[-44.027,-2.529],[-44.028,-2.519],[-44.024,-2.512],[-44.027,-2.501],[-44.053,-2.47],[-44.052,-2.466],[-44.048,-2.456],[-44.038,-2.451],[-44.026,-2.451],[-44.023,-2.444],[-44.023,-2.431],[-44.032,-2.406],[-44.062,-2.404],[-44.083,-2.405],[-44.095,-2.407],[-44.137,-2.43],[-44.154,-2.436],[-44.159,-2.446],[-44.174,-2.458],[-44.184,-2.461],[-44.203,-2.465],[-44.206,-2.468],[-44.221,-2.474],[-44.226,-2.477],[-44.249,-2.481],[-44.263,-2.481],[-44.275,-2.487],[-44.305,-2.487],[-44.313,-2.505],[-44.308,-2.516],[-44.309,-2.538],[-44.318,-2.54],[-44.321,-2.527],[-44.345,-2.529],[-44.355,-2.532],[-44.357,-2.541],[-44.355,-2.549],[-44.365,-2.561],[-44.378,-2.566],[-44.371,-2.571],[-44.364,-2.581],[-44.354,-2.603],[-44.366,-2.64],[-44.372,-2.661],[-44.379,-2.667],[-44.379,-2.679],[-44.391,-2.721],[-44.386,-2.735],[-44.389,-2.754],[-44.403,-2.769],[-44.406,-2.787],[-44.41,-2.799],[-44.41,-2.811],[-44.407,-2.836],[-44.408,-2.858],[-44.406,-2.882],[-44.409,-2.901],[-44.412,-2.912],[-44.425,-2.944],[-44.449,-2.981],[-44.463,-2.997],[-44.495,-3.026],[-44.519,-3.039],[-44.532,-3.044],[-44.548,-3.045],[-44.574,-3.044],[-44.592,-3.041],[-44.604,-3.038],[-44.618,-3.029],[-44.642,-3.022],[-44.663,-3.013],[-44.672,-3.005],[-44.675,-2.997],[-44.679,-2.979],[-44.677,-2.962],[-44.681,-2.94],[-44.68,-2.919],[-44.672,-2.906],[-44.652,-2.893],[-44.648,-2.888],[-44.633,-2.857],[-44.633,-2.846],[-44.651,-2.808],[-44.65,-2.805],[-44.644,-2.779],[-44.636,-2.766],[-44.623,-2.737],[-44.623,-2.725],[-44.627,-2.703],[-44.618,-2.696],[-44.607,-2.69],[-44.604,-2.678],[-44.596,-2.664],[-44.586,-2.659],[-44.572,-2.623],[-44.558,-2.606],[-44.555,-2.596],[-44.551,-2.587],[-44.547,-2.571],[-44.537,-2.545],[-44.536,-2.53],[-44.531,-2.526],[-44.523,-2.526],[-44.511,-2.535],[-44.496,-2.522],[-44.487,-2.517],[-44.478,-2.488],[-44.472,-2.48],[-44.465,-2.476],[-44.46,-2.481],[-44.443,-2.458],[-44.446,-2.442],[-44.458,-2.434],[-44.473,-2.428],[-44.496,-2.435],[-44.5,-2.429],[-44.492,-2.42],[-44.478,-2.411],[-44.468,-2.413],[-44.461,-2.41],[-44.455,-2.413],[-44.442,-2.414],[-44.438,-2.408],[-44.424,-2.408],[-44.413,-2.413],[-44.402,-2.415],[-44.388,-2.409],[-44.372,-2.381],[-44.374,-2.367],[-44.38,-2.359],[-44.365,-2.347],[-44.358,-2.337],[-44.364,-2.312],[-44.378,-2.28],[-44.384,-2.277],[-44.385,-2.267],[-44.392,-2.243],[-44.398,-2.215],[-44.417,-2.192],[-44.421,-2.183],[-44.435,-2.166],[-44.462,-2.146],[-44.473,-2.152],[-44.485,-2.146],[-44.5,-2.149],[-44.504,-2.152],[-44.521,-2.155],[-44.53,-2.16],[-44.532,-2.175],[-44.541,-2.183],[-44.544,-2.196],[-44.558,-2.201],[-44.563,-2.211],[-44.587,-2.234],[-44.588,-2.241],[-44.596,-2.245],[-44.599,-2.251],[-44.609,-2.254],[-44.623,-2.267],[-44.628,-2.291],[-44.644,-2.296],[-44.654,-2.294],[-44.66,-2.287],[-44.672,-2.288],[-44.678,-2.28],[-44.685,-2.263],[-44.682,-2.255],[-44.661,-2.248],[-44.651,-2.237],[-44.634,-2.228],[-44.624,-2.215],[-44.618,-2.208],[-44.61,-2.195],[-44.602,-2.191],[-44.595,-2.182],[-44.587,-2.166],[-44.587,-2.151],[-44.58,-2.144],[-44.589,-2.137],[-44.581,-2.129],[-44.567,-2.126],[-44.566,-2.111],[-44.555,-2.098],[-44.554,-2.091],[-44.546,-2.092],[-44.529,-2.08],[-44.498,-2.049],[-44.488,-2.046],[-44.496,-2.033],[-44.497,-2.025],[-44.503,-2.024],[-44.519,-2.035],[-44.531,-2.035],[-44.54,-2.033],[-44.55,-2.026],[-44.566,-2.022],[-44.578,-2.029],[-44.571,-2.019],[-44.564,-2.015],[-44.536,-2.02],[-44.508,-2.009],[-44.501,-2.002],[-44.482,-1.988],[-44.496,-1.972],[-44.495,-1.964],[-44.489,-1.957],[-44.492,-1.945],[-44.513,-1.889],[-44.518,-1.882],[-44.528,-1.879],[-44.534,-1.881],[-44.538,-1.888],[-44.548,-1.891],[-44.552,-1.889],[-44.554,-1.882],[-44.545,-1.867],[-44.539,-1.85],[-44.542,-1.841],[-44.534,-1.822],[-44.544,-1.819],[-44.552,-1.839],[-44.555,-1.834],[-44.568,-1.825],[-44.568,-1.816],[-44.564,-1.804],[-44.572,-1.796],[-44.586,-1.79],[-44.588,-1.78],[-44.574,-1.775],[-44.603,-1.766],[-44.615,-1.763],[-44.617,-1.759],[-44.6,-1.748],[-44.601,-1.74],[-44.612,-1.732],[-44.638,-1.718],[-44.653,-1.715],[-44.658,-1.719],[-44.651,-1.729],[-44.649,-1.74],[-44.654,-1.742],[-44.651,-1.754],[-44.648,-1.759],[-44.654,-1.769],[-44.664,-1.766],[-44.687,-1.772],[-44.703,-1.769],[-44.713,-1.789],[-44.721,-1.787],[-44.719,-1.78],[-44.734,-1.782],[-44.752,-1.789],[-44.759,-1.783],[-44.736,-1.764],[-44.725,-1.758],[-44.724,-1.751],[-44.717,-1.75],[-44.709,-1.736],[-44.703,-1.74],[-44.7,-1.731],[-44.702,-1.725],[-44.712,-1.715],[-44.718,-1.714],[-44.723,-1.721],[-44.738,-1.722],[-44.754,-1.718],[-44.768,-1.704],[-44.778,-1.706],[-44.779,-1.712],[-44.785,-1.713],[-44.789,-1.707],[-44.796,-1.702],[-44.791,-1.695],[-44.78,-1.689],[-44.778,-1.68],[-44.759,-1.673],[-44.746,-1.657],[-44.739,-1.651],[-44.726,-1.648],[-44.709,-1.648],[-44.688,-1.641],[-44.681,-1.645],[-44.675,-1.641],[-44.671,-1.654],[-44.658,-1.66],[-44.645,-1.63],[-44.636,-1.617],[-44.657,-1.588],[-44.67,-1.578],[-44.677,-1.57],[-44.687,-1.566],[-44.695,-1.581],[-44.703,-1.583],[-44.71,-1.579],[-44.707,-1.571],[-44.705,-1.554],[-44.709,-1.552],[-44.723,-1.557],[-44.734,-1.571],[-44.743,-1.579],[-44.751,-1.583],[-44.758,-1.592],[-44.769,-1.591],[-44.767,-1.563],[-44.772,-1.562],[-44.777,-1.577],[-44.793,-1.581],[-44.803,-1.589],[-44.81,-1.587],[-44.823,-1.577],[-44.836,-1.574],[-44.838,-1.593],[-44.842,-1.603],[-44.854,-1.617],[-44.862,-1.618],[-44.872,-1.601],[-44.89,-1.604],[-44.903,-1.606],[-44.913,-1.594],[-44.911,-1.582],[-44.918,-1.565],[-44.912,-1.557],[-44.916,-1.547],[-44.912,-1.541],[-44.9,-1.535],[-44.884,-1.503],[-44.874,-1.49],[-44.874,-1.485],[-44.861,-1.487],[-44.855,-1.484],[-44.844,-1.489],[-44.843,-1.478],[-44.835,-1.44],[-44.831,-1.428],[-44.838,-1.421],[-44.853,-1.413],[-44.86,-1.411],[-44.885,-1.419],[-44.884,-1.433],[-44.887,-1.442],[-44.899,-1.446],[-44.913,-1.46],[-44.92,-1.462],[-44.923,-1.469],[-44.936,-1.48],[-44.937,-1.49],[-44.955,-1.491],[-44.956,-1.485],[-44.949,-1.482],[-44.959,-1.474],[-44.969,-1.478],[-44.974,-1.488],[-44.974,-1.5],[-44.967,-1.511],[-44.961,-1.513],[-44.953,-1.524],[-44.948,-1.538],[-44.949,-1.553],[-44.953,-1.56],[-44.964,-1.555],[-44.961,-1.543],[-44.964,-1.536],[-44.979,-1.525],[-44.996,-1.535],[-45.007,-1.532],[-45.008,-1.521],[-44.99,-1.513],[-44.993,-1.503],[-45.0,-1.498],[-45.008,-1.486],[-45.014,-1.485],[-45.028,-1.493],[-45.049,-1.49],[-45.057,-1.482],[-45.07,-1.48],[-45.072,-1.467],[-45.08,-1.46],[-45.097,-1.456],[-45.103,-1.473],[-45.122,-1.477],[-45.133,-1.485],[-45.143,-1.483],[-45.15,-1.472],[-45.159,-1.475],[-45.166,-1.489],[-45.177,-1.496],[-45.188,-1.494],[-45.196,-1.488],[-45.202,-1.497],[-45.205,-1.518],[-45.212,-1.531],[-45.222,-1.541],[-45.232,-1.547],[-45.236,-1.554],[-45.25,-1.587],[-45.255,-1.593],[-45.268,-1.599],[-45.29,-1.598],[-45.312,-1.599],[-45.324,-1.597],[-45.341,-1.591],[-45.343,-1.587],[-45.335,-1.566],[-45.32,-1.557],[-45.322,-1.546],[-45.316,-1.535],[-45.315,-1.518],[-45.309,-1.511],[-45.308,-1.497],[-45.316,-1.486],[-45.337,-1.477],[-45.346,-1.48],[-45.358,-1.472],[-45.371,-1.474],[-45.379,-1.478],[-45.386,-1.478],[-45.388,-1.471],[-45.383,-1.467],[-45.364,-1.458],[-45.346,-1.451],[-45.337,-1.45],[-45.31,-1.438],[-45.301,-1.439],[-45.299,-1.433],[-45.298,-1.413],[-45.303,-1.386],[-45.313,-1.381],[-45.314,-1.373],[-45.308,-1.367],[-45.306,-1.349],[-45.311,-1.342],[-45.305,-1.336],[-45.319,-1.325],[-45.339,-1.315],[-45.351,-1.313],[-45.362,-1.319],[-45.365,-1.329],[-45.356,-1.333],[-45.346,-1.345],[-45.357,-1.346],[-45.363,-1.361],[-45.375,-1.366],[-45.379,-1.389],[-45.372,-1.397],[-45.384,-1.404],[-45.39,-1.412],[-45.404,-1.421],[-45.417,-1.423],[-45.423,-1.419],[-45.432,-1.428],[-45.436,-1.428],[-45.449,-1.453],[-45.457,-1.455],[-45.458,-1.47],[-45.464,-1.477],[-45.475,-1.48],[-45.485,-1.477],[-45.489,-1.469],[-45.482,-1.461],[-45.481,-1.45],[-45.487,-1.443],[-45.482,-1.421],[-45.485,-1.414],[-45.478,-1.394],[-45.478,-1.385],[-45.475,-1.372],[-45.464,-1.366],[-45.453,-1.368],[-45.441,-1.362],[-45.435,-1.355],[-45.422,-1.353],[-45.416,-1.346],[-45.407,-1.325],[-45.41,-1.302],[-45.42,-1.295],[-45.447,-1.293],[-45.46,-1.3],[-45.461,-1.306],[-45.447,-1.309],[-45.449,-1.315],[-45.46,-1.317],[-45.476,-1.325],[-45.478,-1.337],[-45.495,-1.353],[-45.502,-1.367],[-45.505,-1.377],[-45.517,-1.377],[-45.524,-1.367],[-45.527,-1.359],[-45.519,-1.318],[-45.514,-1.308],[-45.523,-1.302],[-45.526,-1.308],[-45.535,-1.309],[-45.546,-1.3],[-45.548,-1.278],[-45.56,-1.285],[-45.573,-1.287],[-45.579,-1.293],[-45.592,-1.302],[-45.599,-1.3],[-45.587,-1.284],[-45.587,-1.27],[-45.598,-1.27],[-45.611,-1.275],[-45.626,-1.284],[-45.632,-1.283],[-45.64,-1.277],[-45.642,-1.27],[-45.635,-1.26],[-45.633,-1.25],[-45.637,-1.236],[-45.643,-1.232],[-45.638,-1.196],[-45.632,-1.187],[-45.62,-1.182],[-45.614,-1.168],[-45.614,-1.157],[-45.619,-1.135],[-45.626,-1.127],[-45.629,-1.139],[-45.635,-1.148],[-45.637,-1.168],[-45.643,-1.18],[-45.648,-1.215],[-45.646,-1.232],[-45.649,-1.24],[-45.655,-1.241],[-45.663,-1.254],[-45.69,-1.274],[-45.706,-1.27],[-45.717,-1.26],[-45.724,-1.25],[-45.727,-1.237],[-45.734,-1.235],[-45.737,-1.223],[-45.736,-1.207],[-45.723,-1.185],[-45.709,-1.17],[-45.7,-1.162],[-45.691,-1.149],[-45.696,-1.136],[-45.724,-1.11],[-45.727,-1.119],[-45.723,-1.128],[-45.729,-1.135],[-45.742,-1.141],[-45.744,-1.153],[-45.749,-1.164],[-45.756,-1.166],[-45.759,-1.175],[-45.759,-1.185],[-45.764,-1.196],[-45.769,-1.199],[-45.781,-1.193],[-45.789,-1.187],[-45.797,-1.183],[-45.802,-1.169],[-45.801,-1.161],[-45.819,-1.167],[-45.83,-1.179],[-45.831,-1.187],[-45.826,-1.198],[-45.83,-1.206],[-45.837,-1.201],[-45.847,-1.213],[-45.858,-1.214],[-45.864,-1.212],[-45.869,-1.202],[-45.865,-1.196],[-45.862,-1.183],[-45.871,-1.182],[-45.868,-1.174],[-45.882,-1.167],[-45.871,-1.154],[-45.876,-1.149],[-45.883,-1.149],[-45.906,-1.172],[-45.912,-1.166],[-45.9,-1.15],[-45.882,-1.141],[-45.879,-1.134],[-45.865,-1.131],[-45.868,-1.12],[-45.865,-1.108],[-45.85,-1.102],[-45.843,-1.083],[-45.845,-1.069],[-45.854,-1.053],[-45.865,-1.05],[-45.871,-1.052],[-45.876,-1.068],[-45.873,-1.077],[-45.883,-1.078],[-45.891,-1.089],[-45.896,-1.101],[-45.895,-1.113],[-45.903,-1.122],[-45.905,-1.13],[-45.93,-1.171],[-45.947,-1.196],[-45.954,-1.202],[-45.958,-1.195],[-45.958,-1.174],[-45.954,-1.161],[-45.959,-1.158],[-45.951,-1.143],[-45.962,-1.141],[-45.964,-1.135],[-45.961,-1.129],[-45.963,-1.11],[-45.969,-1.109],[-45.982,-1.115],[-45.982,-1.102],[-45.976,-1.093],[-45.968,-1.087],[-45.969,-1.079],[-45.976,-1.067],[-45.967,-1.063],[-45.965,-1.056],[-45.972,-1.051],[-45.986,-1.05],[-45.995,-1.053],[-45.997,-1.066],[-46.003,-1.076],[-46.009,-1.08],[-46.018,-1.081],[-46.024,-1.093],[-46.046,-1.121],[-46.042,-1.14],[-46.052,-1.14],[-46.053,-1.132],[-46.061,-1.135],[-46.068,-1.151],[-46.075,-1.161],[-46.077,-1.171],[-46.075,-1.187],[-46.077,-1.196],[-46.086,-1.197],[-46.093,-1.201],[-46.104,-1.202],[-46.133,-1.21],[-46.149,-1.226],[-46.151,-1.233],[-46.14,-1.248],[-46.143,-1.255],[-46.159,-1.275],[-46.162,-1.282],[-46.15,-1.306],[-46.147,-1.309],[-46.133,-1.31],[-46.129,-1.318],[-46.131,-1.327],[-46.125,-1.335],[-46.11,-1.333],[-46.104,-1.337],[-46.115,-1.352],[-46.116,-1.367],[-46.13,-1.377],[-46.135,-1.395],[-46.142,-1.412],[-46.152,-1.419],[-46.154,-1.426],[-46.14,-1.433],[-46.138,-1.437],[-46.144,-1.45],[-46.163,-1.463],[-46.176,-1.477],[-46.164,-1.487],[-46.165,-1.496],[-46.154,-1.506],[-46.144,-1.518],[-46.143,-1.54],[-46.136,-1.563],[-46.134,-1.582],[-46.145,-1.591],[-46.155,-1.594],[-46.154,-1.599],[-46.147,-1.606],[-46.149,-1.615],[-46.161,-1.623],[-46.166,-1.634],[-46.164,-1.654],[-46.157,-1.664],[-46.155,-1.675],[-46.159,-1.685],[-46.168,-1.692],[-46.174,-1.7],[-46.193,-1.708],[-46.203,-1.705],[-46.205,-1.718],[-46.211,-1.727],[-46.221,-1.731],[-46.231,-1.729],[-46.239,-1.723],[-46.248,-1.721],[-46.266,-1.733],[-46.295,-1.727],[-46.312,-1.733],[-46.315,-1.742],[-46.322,-1.759],[-46.325,-1.773],[-46.318,-1.796],[-46.31,-1.806],[-46.295,-1.794],[-46.285,-1.801],[-46.269,-1.796],[-46.259,-1.795],[-46.23,-1.803],[-46.217,-1.82],[-46.211,-1.831],[-46.215,-1.846],[-46.226,-1.857],[-46.237,-1.872],[-46.243,-1.879],[-46.24,-1.888],[-46.229,-1.889],[-46.223,-1.91],[-46.223,-1.915],[-46.234,-1.942],[-46.236,-1.966],[-46.252,-2.002],[-46.25,-2.018],[-46.26,-2.035],[-46.263,-2.049],[-46.275,-2.055],[-46.274,-2.066],[-46.278,-2.079],[-46.269,-2.091],[-46.269,-2.104],[-46.273,-2.12],[-46.284,-2.128],[-46.289,-2.135],[-46.301,-2.142],[-46.3,-2.146],[-46.283,-2.154],[-46.296,-2.165],[-46.304,-2.17],[-46.327,-2.186],[-46.336,-2.194],[-46.339,-2.204],[-46.344,-2.209],[-46.347,-2.222],[-46.355,-2.224],[-46.368,-2.231],[-46.377,-2.246],[-46.391,-2.25],[-46.406,-2.238],[-46.411,-2.229],[-46.431,-2.235],[-46.431,-2.244],[-46.418,-2.259],[-46.416,-2.274],[-46.423,-2.288],[-46.431,-2.294],[-46.433,-2.301],[-46.433,-2.317],[-46.431,-2.324],[-46.432,-2.335],[-46.436,-2.341],[-46.453,-2.357],[-46.463,-2.362],[-46.466,-2.368],[-46.466,-2.379],[-46.454,-2.386],[-46.446,-2.382],[-46.432,-2.365],[-46.413,-2.364],[-46.409,-2.371],[-46.413,-2.379],[-46.422,-2.385],[-46.428,-2.402],[-46.439,-2.413],[-46.442,-2.419],[-46.439,-2.441],[-46.441,-2.452],[-46.436,-2.471],[-46.44,-2.474],[-46.439,-2.485],[-46.43,-2.496],[-46.43,-2.501],[-46.437,-2.508],[-46.432,-2.521],[-46.42,-2.526],[-46.419,-2.532],[-46.43,-2.537],[-46.445,-2.538],[-46.458,-2.541],[-46.474,-2.547],[-46.491,-2.538],[-46.502,-2.547],[-46.497,-2.563],[-46.488,-2.569],[-46.487,-2.575],[-46.493,-2.584],[-46.502,-2.581],[-46.509,-2.591],[-46.507,-2.617],[-46.52,-2.619],[-46.529,-2.623],[-46.547,-2.626],[-46.558,-2.631],[-46.567,-2.627],[-46.579,-2.631],[-46.587,-2.64],[-46.59,-2.662],[-46.597,-2.664],[-46.606,-2.639],[-46.611,-2.644],[-46.622,-2.645],[-46.618,-2.656],[-46.619,-2.665],[-46.633,-2.673],[-46.632,-2.68],[-46.638,-2.687],[-46.663,-2.694],[-46.671,-2.706],[-46.672,-2.717],[-46.668,-2.722],[-46.67,-2.735],[-46.654,-2.729],[-46.653,-2.735],[-46.659,-2.741],[-46.653,-2.749],[-46.651,-2.759],[-46.637,-2.754],[-46.631,-2.771],[-46.637,-2.777],[-46.639,-2.791],[-46.626,-2.807],[-46.618,-2.805],[-46.61,-2.799],[-46.609,-2.791],[-46.602,-2.789],[-46.599,-2.796],[-46.601,-2.813],[-46.6,-2.818],[-46.591,-2.82],[-46.591,-2.832],[-46.582,-2.829],[-46.581,-2.835],[-46.59,-2.846],[-46.603,-2.834],[-46.615,-2.829],[-46.615,-2.837],[-46.611,-2.846],[-46.611,-2.853],[-46.621,-2.86],[-46.636,-2.853],[-46.641,-2.854],[-46.639,-2.884],[-46.649,-2.884],[-46.654,-2.878],[-46.668,-2.876],[-46.681,-2.883],[-46.681,-2.894],[-46.673,-2.893],[-46.655,-2.932],[-46.667,-2.936],[-46.673,-2.945],[-46.668,-2.955],[-46.655,-2.956],[-46.648,-2.961],[-46.647,-2.97],[-46.654,-2.978],[-46.649,-2.983],[-46.65,-2.996],[-46.661,-2.997],[-46.669,-2.993],[-46.674,-3.002],[-46.669,-3.006],[-46.672,-3.021],[-46.667,-3.028],[-46.677,-3.034],[-46.673,-3.067],[-46.682,-3.074],[-46.676,-3.094],[-46.689,-3.093],[-46.693,-3.097],[-46.707,-3.101],[-46.705,-3.116],[-46.706,-3.125],[-46.716,-3.124],[-46.713,-3.114],[-46.719,-3.109],[-46.724,-3.111],[-46.731,-3.124],[-46.736,-3.121],[-46.75,-3.124],[-46.745,-3.137],[-46.728,-3.13],[-46.73,-3.144],[-46.72,-3.151],[-46.723,-3.159],[-46.729,-3.162],[-46.739,-3.162],[-46.749,-3.167],[-46.744,-3.179],[-46.752,-3.189],[-46.769,-3.176],[-46.77,-3.182],[-46.761,-3.186],[-46.758,-3.193],[-46.77,-3.199],[-46.772,-3.204],[-46.757,-3.21],[-46.765,-3.215],[-46.779,-3.217],[-46.782,-3.223],[-46.778,-3.23],[-46.779,-3.241],[-46.785,-3.244],[-46.797,-3.24],[-46.807,-3.245],[-46.806,-3.257],[-46.802,-3.266],[-46.809,-3.272],[-46.819,-3.268],[-46.819,-3.277],[-46.809,-3.283],[-46.811,-3.291],[-46.821,-3.293],[-46.812,-3.302],[-46.815,-3.312],[-46.832,-3.313],[-46.841,-3.325],[-46.846,-3.319],[-46.852,-3.33],[-46.849,-3.337],[-46.859,-3.343],[-46.868,-3.341],[-46.877,-3.342],[-46.884,-3.337],[-46.895,-3.345],[-46.899,-3.35],[-46.904,-3.365],[-46.912,-3.362],[-46.927,-3.376],[-46.939,-3.376],[-46.936,-3.391],[-46.948,-3.402],[-46.947,-3.411],[-46.941,-3.414],[-46.948,-3.424],[-46.956,-3.426],[-46.942,-3.449],[-46.95,-3.454],[-46.956,-3.461],[-46.949,-3.466],[-46.949,-3.477],[-46.958,-3.473],[-46.97,-3.476],[-46.961,-3.489],[-46.969,-3.489],[-46.982,-3.496],[-46.97,-3.513],[-46.978,-3.518],[-46.976,-3.53],[-46.986,-3.53],[-46.994,-3.539],[-47.004,-3.534],[-47.004,-3.543],[-47.016,-3.554],[-47.019,-3.566],[-47.031,-3.56],[-47.038,-3.564],[-47.03,-3.581],[-47.038,-3.589],[-47.031,-3.595],[-47.031,-3.605],[-47.038,-3.606],[-47.045,-3.624],[-47.046,-3.638],[-47.041,-3.641],[-47.051,-3.653],[-47.045,-3.667],[-47.039,-3.673],[-47.053,-3.682],[-47.049,-3.689],[-47.051,-3.699],[-47.046,-3.705],[-47.049,-3.714],[-47.06,-3.727],[-47.053,-3.738],[-47.053,-3.747],[-47.065,-3.761],[-47.058,-3.766],[-47.058,-3.772],[-47.064,-3.78],[-47.059,-3.784],[-47.064,-3.791],[-47.068,-3.803],[-47.075,-3.804],[-47.078,-3.812],[-47.073,-3.818],[-47.086,-3.828],[-47.08,-3.836],[-47.084,-3.841],[-47.085,-3.857],[-47.089,-3.862],[-47.1,-3.861],[-47.104,-3.873],[-47.112,-3.878],[-47.127,-3.877],[-47.136,-3.885],[-47.131,-3.896],[-47.135,-3.902],[-47.144,-3.899],[-47.15,-3.901],[-47.148,-3.914],[-47.161,-3.918],[-47.163,-3.922],[-47.173,-3.924],[-47.174,-3.934],[-47.169,-3.941],[-47.184,-3.948],[-47.178,-3.961],[-47.182,-3.967],[-47.193,-3.969],[-47.193,-3.975],[-47.188,-3.98],[-47.195,-3.986],[-47.202,-3.981],[-47.206,-3.989],[-47.221,-3.99],[-47.223,-4.001],[-47.24,-4.0],[-47.248,-4.013],[-47.255,-4.019],[-47.267,-4.025],[-47.267,-4.034],[-47.281,-4.033],[-47.286,-4.045],[-47.294,-4.043],[-47.293,-4.052],[-47.309,-4.054],[-47.319,-4.048],[-47.326,-4.069],[-47.331,-4.069],[-47.334,-4.08],[-47.331,-4.091],[-47.343,-4.097],[-47.347,-4.109],[-47.35,-4.118],[-47.343,-4.126],[-47.344,-4.135],[-47.349,-4.139],[-47.343,-4.151],[-47.347,-4.157],[-47.34,-4.176],[-47.346,-4.183],[-47.357,-4.177],[-47.366,-4.181],[-47.361,-4.188],[-47.367,-4.193],[-47.365,-4.206],[-47.372,-4.212],[-47.376,-4.223],[-47.373,-4.245],[-47.379,-4.245],[-47.389,-4.25],[-47.392,-4.258],[-47.401,-4.268],[-47.411,-4.271],[-47.42,-4.279],[-47.429,-4.276],[-47.433,-4.284],[-47.442,-4.287],[-47.447,-4.296],[-47.459,-4.308],[-47.47,-4.311],[-47.472,-4.321],[-47.48,-4.329],[-47.476,-4.341],[-47.482,-4.35],[-47.476,-4.356],[-47.489,-4.369],[-47.489,-4.378],[-47.499,-4.388],[-47.501,-4.401],[-47.518,-4.427],[-47.537,-4.452],[-47.562,-4.472],[-47.566,-4.479],[-47.569,-4.492],[-47.578,-4.508],[-47.584,-4.523],[-47.597,-4.539],[-47.609,-4.55],[-47.615,-4.56],[-47.631,-4.568],[-47.65,-4.582],[-47.663,-4.597],[-47.68,-4.609],[-47.682,-4.606],[-47.706,-4.605],[-47.712,-4.603],[-47.725,-4.606],[-47.734,-4.604],[-47.742,-4.599],[-47.751,-4.601],[-47.754,-4.591],[-47.771,-4.593],[-47.786,-4.586],[-47.793,-4.586],[-47.799,-4.595],[-47.805,-4.597],[-47.816,-4.615],[-48.001,-4.759],[-48.025,-4.778]]],[[[-45.097,-1.386],[-45.093,-1.382],[-45.099,-1.372],[-45.109,-1.364],[-45.115,-1.363],[-45.123,-1.374],[-45.127,-1.385],[-45.117,-1.391],[-45.111,-1.413],[-45.106,-1.411],[-45.104,-1.399],[-45.097,-1.386]]],[[[-45.109,-1.469],[-45.103,-1.464],[-45.103,-1.455],[-45.11,-1.437],[-45.112,-1.422],[-45.124,-1.439],[-45.124,-1.446],[-45.127,-1.455],[-45.134,-1.46],[-45.129,-1.472],[-45.109,-1.469]]],[[[-45.089,-1.444],[-45.088,-1.422],[-45.094,-1.425],[-45.097,-1.435],[-45.093,-1.444],[-45.089,-1.444]]],[[[-45.092,-1.409],[-45.082,-1.391],[-45.075,-1.389],[-45.075,-1.372],[-45.081,-1.375],[-45.093,-1.404],[-45.102,-1.419],[-45.097,-1.42],[-45.092,-1.409]]],[[[-45.072,-1.444],[-45.075,-1.431],[-45.081,-1.429],[-45.085,-1.437],[-45.084,-1.447],[-45.075,-1.46],[-45.07,-1.448],[-45.072,-1.444]]],[[[-44.481,-2.727],[-44.489,-2.724],[-44.497,-2.728],[-44.506,-2.729],[-44.515,-2.742],[-44.532,-2.749],[-44.536,-2.754],[-44.541,-2.767],[-44.556,-2.778],[-44.586,-2.815],[-44.589,-2.821],[-44.586,-2.839],[-44.58,-2.856],[-44.583,-2.873],[-44.59,-2.895],[-44.593,-2.902],[-44.601,-2.905],[-44.607,-2.933],[-44.614,-2.951],[-44.628,-2.963],[-44.641,-2.969],[-44.638,-2.981],[-44.631,-2.988],[-44.623,-2.991],[-44.611,-2.999],[-44.607,-3.007],[-44.592,-3.015],[-44.581,-3.032],[-44.561,-3.022],[-44.522,-2.992],[-44.49,-2.971],[-44.479,-2.958],[-44.482,-2.947],[-44.481,-2.93],[-44.479,-2.914],[-44.476,-2.888],[-44.477,-2.864],[-44.482,-2.834],[-44.482,-2.808],[-44.477,-2.783],[-44.479,-2.758],[-44.476,-2.735],[-44.481,-2.727]]],[[[-44.662,-2.945],[-44.647,-2.929],[-44.64,-2.924],[-44.641,-2.915],[-44.65,-2.918],[-44.664,-2.928],[-44.665,-2.939],[-44.662,-2.945]]],[[[-44.629,-2.943],[-44.622,-2.934],[-44.628,-2.933],[-44.629,-2.943]]],[[[-45.536,-1.228],[-45.532,-1.223],[-45.539,-1.205],[-45.568,-1.192],[-45.58,-1.196],[-45.578,-1.206],[-45.58,-1.221],[-45.596,-1.24],[-45.594,-1.242],[-45.578,-1.231],[-45.561,-1.23],[-45.54,-1.231],[-45.536,-1.228]]],[[[-44.966,-1.271],[-44.981,-1.264],[-44.987,-1.266],[-44.993,-1.275],[-45.002,-1.292],[-44.996,-1.297],[-44.992,-1.306],[-44.982,-1.308],[-44.978,-1.317],[-44.987,-1.323],[-45.005,-1.325],[-45.029,-1.318],[-45.034,-1.338],[-45.026,-1.346],[-45.016,-1.347],[-45.015,-1.354],[-45.022,-1.373],[-45.021,-1.384],[-45.016,-1.391],[-45.005,-1.401],[-44.989,-1.402],[-44.983,-1.395],[-44.968,-1.391],[-44.957,-1.378],[-44.947,-1.379],[-44.943,-1.365],[-44.924,-1.353],[-44.916,-1.344],[-44.901,-1.337],[-44.895,-1.338],[-44.887,-1.346],[-44.878,-1.33],[-44.867,-1.329],[-44.869,-1.316],[-44.874,-1.305],[-44.87,-1.299],[-44.878,-1.286],[-44.9,-1.274],[-44.929,-1.267],[-44.946,-1.266],[-44.955,-1.27],[-44.966,-1.271]]],[[[-45.044,-1.398],[-45.039,-1.388],[-45.042,-1.373],[-45.047,-1.379],[-45.047,-1.394],[-45.044,-1.398]]],[[[-44.774,-1.487],[-44.781,-1.485],[-44.813,-1.506],[-44.808,-1.512],[-44.816,-1.526],[-44.834,-1.534],[-44.837,-1.543],[-44.829,-1.556],[-44.818,-1.561],[-44.809,-1.561],[-44.798,-1.552],[-44.794,-1.542],[-44.8,-1.525],[-44.788,-1.504],[-44.779,-1.496],[-44.774,-1.487]]],[[[-44.828,-1.567],[-44.824,-1.563],[-44.831,-1.557],[-44.836,-1.564],[-44.828,-1.567]]],[[[-44.752,-1.468],[-44.763,-1.458],[-44.78,-1.462],[-44.79,-1.466],[-44.776,-1.478],[-44.772,-1.486],[-44.775,-1.495],[-44.791,-1.514],[-44.793,-1.526],[-44.772,-1.518],[-44.751,-1.517],[-44.746,-1.512],[-44.746,-1.499],[-44.742,-1.493],[-44.745,-1.48],[-44.752,-1.468]]],[[[-44.732,-1.544],[-44.737,-1.537],[-44.749,-1.534],[-44.753,-1.537],[-44.755,-1.548],[-44.762,-1.556],[-44.763,-1.579],[-44.748,-1.569],[-44.734,-1.554],[-44.732,-1.544]]],[[[-44.732,-1.686],[-44.74,-1.679],[-44.758,-1.689],[-44.749,-1.697],[-44.742,-1.699],[-44.732,-1.686]]],[[[-44.726,-1.667],[-44.728,-1.659],[-44.742,-1.666],[-44.727,-1.673],[-44.726,-1.667]]],[[[-45.691,-1.265],[-45.685,-1.263],[-45.671,-1.252],[-45.668,-1.244],[-45.669,-1.222],[-45.674,-1.219],[-45.677,-1.203],[-45.674,-1.199],[-45.676,-1.191],[-45.688,-1.184],[-45.697,-1.195],[-45.709,-1.221],[-45.71,-1.243],[-45.691,-1.265]]],[[[-44.477,-2.079],[-44.468,-2.077],[-44.472,-2.069],[-44.477,-2.079]]],[[[-43.542,-2.361],[-43.558,-2.356],[-43.572,-2.361],[-43.598,-2.367],[-43.613,-2.378],[-43.609,-2.39],[-43.6,-2.406],[-43.601,-2.413],[-43.59,-2.416],[-43.581,-2.423],[-43.574,-2.425],[-43.562,-2.424],[-43.557,-2.409],[-43.549,-2.397],[-43.544,-2.387],[-43.54,-2.369],[-43.542,-2.361]]],[[[-43.506,-2.404],[-43.507,-2.384],[-43.522,-2.371],[-43.527,-2.371],[-43.53,-2.378],[-43.535,-2.407],[-43.527,-2.405],[-43.516,-2.407],[-43.506,-2.404]]],[[[-43.851,-2.423],[-43.85,-2.427],[-43.862,-2.433],[-43.869,-2.441],[-43.859,-2.444],[-43.849,-2.435],[-43.846,-2.427],[-43.851,-2.423]]],[[[-43.754,-2.377],[-43.76,-2.371],[-43.771,-2.369],[-43.787,-2.377],[-43.788,-2.381],[-43.781,-2.393],[-43.788,-2.404],[-43.788,-2.413],[-43.777,-2.409],[-43.769,-2.397],[-43.768,-2.387],[-43.761,-2.377],[-43.754,-2.377]]],[[[-45.809,-1.148],[-45.804,-1.143],[-45.808,-1.125],[-45.819,-1.123],[-45.828,-1.129],[-45.826,-1.152],[-45.821,-1.155],[-45.809,-1.148]]],[[[-45.411,-1.418],[-45.405,-1.409],[-45.409,-1.399],[-45.417,-1.403],[-45.419,-1.413],[-45.411,-1.418]]]]},"properties":{"uf":"MA","code":21}},{"type":"Feature","geometry":{"type":"Polygon","coordinates":[[[-40.764,-8.244],[-40.745,-8.24],[-40.737,-8.228],[-40.723,-8.223],[-40.711,-8.225],[-40.703,-8.217],[-40.701,-8.203],[-40.694,-8.201],[-40.684,-8.188],[-40.675,-8.185],[-40.668,-8.175],[-40.666,-8.162],[-40.658,-8.157],[-40.645,-8.158],[-40.643,-8.15],[-40.633,-8.139],[-40.624,-8.14],[-40.605,-8.15],[-40.598,-8.141],[-40.59,-8.138],[-40.591,-8.123],[-40.599,-8.116],[-40.604,-8.104],[-40.599,-8.081],[-40.576,-8.03],[-40.576,-8.03],[-40.561,-7.997],[-40.544,-7.965],[-40.544,-7.962],[-40.546,-7.937],[-40.541,-7.887],[-40.538,-7.874],[-40.538,-7.857],[-40.542,-7.838],[-40.547,-7.827],[-40.555,-7.818],[-40.568,-7.809],[-40.578,-7.805],[-40.629,-7.793],[-40.645,-7.787],[-40.664,-7.775],[-40.674,-7.762],[-40.676,-7.753],[-40.673,-7.739],[-40.667,-7.726],[-40.651,-7.714],[-40.636,-7.7],[-40.628,-7.685],[-40.622,-7.658],[-40.627,-7.632],[-40.637,-7.609],[-40.646,-7.595],[-40.663,-7.58],[-40.681,-7.558],[-40.694,-7.539],[-40.704,-7.519],[-40.715,-7.488],[-40.715,-7.481],[-40.713,-7.473],[-40.706,-7.46],[-40.701,-7.456],[-40.672,-7.453],[-40.663,-7.449],[-40.652,-7.433],[-40.548,-7.393],[-40.543,-7.36],[-40.54,-7.341],[-40.541,-7.332],[-40.524,-7.319],[-40.514,-7.308],[-40.512,-7.299],[-40.512,-7.285],[-40.516,-7.264],[-40.514,-7.24],[-40.506,-7.211],[-40.501,-7.189],[-40.495,-7.182],[-40.496,-7.17],[-40.484,-7.133],[-40.49,-7.119],[-40.485,-7.111],[-40.47,-7.094],[-40.469,-7.088],[-40.459,-7.079],[-40.444,-7.056],[-40.443,-7.048],[-40.428,-7.034],[-40.429,-7.018],[-40.407,-7.004],[-40.411,-6.999],[-40.429,-6.996],[-40.43,-6.976],[-40.427,-6.966],[-40.429,-6.949],[-40.425,-6.935],[-40.428,-6.916],[-40.433,-6.909],[-40.433,-6.893],[-40.429,-6.885],[-40.43,-6.868],[-40.428,-6.864],[-40.416,-6.859],[-40.408,-6.851],[-40.402,-6.84],[-40.387,-6.83],[-40.383,-6.821],[-40.371,-6.808],[-40.37,-6.803],[-40.389,-6.797],[-40.404,-6.803],[-40.417,-6.812],[-40.432,-6.813],[-40.439,-6.807],[-40.443,-6.79],[-40.452,-6.784],[-40.458,-6.758],[-40.462,-6.752],[-40.472,-6.745],[-40.477,-6.733],[-40.517,-6.731],[-40.534,-6.726],[-40.559,-6.721],[-40.602,-6.716],[-40.619,-6.709],[-40.632,-6.699],[-40.645,-6.683],[-40.651,-6.678],[-40.665,-6.679],[-40.71,-6.676],[-40.718,-6.671],[-40.731,-6.657],[-40.732,-6.654],[-40.722,-6.618],[-40.732,-6.609],[-40.736,-6.6],[-40.74,-6.577],[-40.746,-6.566],[-40.754,-6.555],[-40.778,-6.534],[-40.788,-6.524],[-40.792,-6.513],[-40.79,-6.501],[-40.797,-6.471],[-40.794,-6.46],[-40.796,-6.445],[-40.796,-6.428],[-40.805,-6.393],[-40.799,-6.38],[-40.792,-6.375],[-40.781,-6.352],[-40.779,-6.341],[-40.783,-6.313],[-40.787,-6.305],[-40.81,-6.287],[-40.82,-6.264],[-40.827,-6.253],[-40.852,-6.224],[-40.847,-6.203],[-40.853,-6.179],[-40.853,-6.16],[-40.846,-6.138],[-40.849,-6.123],[-40.858,-6.105],[-40.865,-6.088],[-40.873,-6.057],[-40.886,-6.047],[-40.902,-6.049],[-40.906,-6.046],[-40.908,-6.036],[-40.904,-6.021],[-40.89,-6.004],[-40.887,-5.989],[-40.878,-5.982],[-40.874,-5.973],[-40.876,-5.948],[-40.88,-5.936],[-40.88,-5.918],[-40.889,-5.913],[-40.898,-5.901],[-40.894,-5.886],[-40.895,-5.876],[-40.906,-5.849],[-40.909,-5.826],[-40.906,-5.801],[-40.91,-5.782],[-40.91,-5.766],[-40.911,-5.757],[-40.916,-5.751],[-40.918,-5.743],[-40.914,-5.725],[-40.928,-5.704],[-40.93,-5.686],[-40.939,-5.673],[-40.929,-5.663],[-40.915,-5.66],[-40.91,-5.654],[-40.908,-5.642],[-40.903,-5.633],[-40.901,-5.616],[-40.902,-5.608],[-40.912,-5.595],[-40.914,-5.57],[-40.916,-5.564],[-40.932,-5.549],[-40.932,-5.539],[-40.937,-5.526],[-40.929,-5.518],[-40.929,-5.507],[-40.933,-5.499],[-40.929,-5.493],[-40.929,-5.483],[-40.916,-5.468],[-40.923,-5.448],[-40.937,-5.439],[-40.944,-5.424],[-40.938,-5.416],[-40.921,-5.417],[-40.911,-5.407],[-40.917,-5.389],[-40.936,-5.366],[-40.934,-5.351],[-40.931,-5.346],[-40.919,-5.338],[-40.912,-5.314],[-40.913,-5.308],[-40.927,-5.297],[-40.922,-5.284],[-40.924,-5.275],[-40.912,-5.267],[-40.919,-5.262],[-40.923,-5.255],[-40.936,-5.243],[-40.934,-5.237],[-40.922,-5.226],[-40.925,-5.213],[-40.932,-5.201],[-40.925,-5.182],[-40.929,-5.172],[-40.938,-5.167],[-40.949,-5.167],[-40.962,-5.151],[-40.975,-5.149],[-40.984,-5.151],[-40.989,-5.139],[-41.012,-5.124],[-41.013,-5.109],[-41.016,-5.105],[-41.026,-5.11],[-41.033,-5.093],[-41.038,-5.09],[-41.05,-5.102],[-41.07,-5.096],[-41.082,-5.088],[-41.08,-5.079],[-41.087,-5.073],[-41.09,-5.063],[-41.096,-5.062],[-41.097,-5.054],[-41.107,-5.054],[-41.116,-5.05],[-41.132,-5.049],[-41.13,-5.04],[-41.121,-5.024],[-41.121,-5.013],[-41.124,-5.006],[-41.132,-5.003],[-41.137,-4.995],[-41.137,-4.986],[-41.151,-4.992],[-41.164,-4.973],[-41.167,-4.966],[-41.175,-4.959],[-41.18,-4.95],[-41.189,-4.941],[-41.199,-4.938],[-41.202,-4.949],[-41.21,-4.946],[-41.212,-4.938],[-41.22,-4.939],[-41.223,-4.926],[-41.234,-4.908],[-41.235,-4.902],[-41.228,-4.891],[-41.241,-4.88],[-41.25,-4.87],[-41.239,-4.854],[-41.243,-4.828],[-41.241,-4.821],[-41.233,-4.816],[-41.233,-4.81],[-41.233,-4.804],[-41.225,-4.798],[-41.224,-4.791],[-41.208,-4.78],[-41.213,-4.772],[-41.234,-4.769],[-41.248,-4.762],[-41.25,-4.757],[-41.235,-4.747],[-41.237,-4.739],[-41.226,-4.726],[-41.224,-4.721],[-41.203,-4.702],[-41.181,-4.673],[-41.175,-4.671],[-41.186,-4.662],[-41.203,-4.638],[-41.229,-4.62],[-41.233,-4.61],[-41.223,-4.59],[-41.222,-4.578],[-41.24,-4.574],[-41.235,-4.57],[-41.221,-4.567],[-41.214,-4.553],[-41.208,-4.549],[-41.204,-4.528],[-41.191,-4.516],[-41.188,-4.486],[-41.178,-4.468],[-41.178,-4.459],[-41.175,-4.449],[-41.177,-4.443],[-41.165,-4.423],[-41.16,-4.411],[-41.159,-4.392],[-41.162,-4.387],[-41.158,-4.379],[-41.149,-4.367],[-41.142,-4.359],[-41.133,-4.34],[-41.12,-4.331],[-41.119,-4.324],[-41.119,-4.306],[-41.136,-4.234],[-41.099,-4.182],[-41.098,-4.181],[-41.091,-4.17],[-41.106,-4.17],[-41.118,-4.165],[-41.127,-4.151],[-41.125,-4.145],[-41.134,-4.132],[-41.142,-4.126],[-41.139,-4.121],[-41.134,-4.105],[-41.129,-4.097],[-41.122,-4.072],[-41.127,-4.066],[-41.126,-4.06],[-41.113,-4.05],[-41.113,-4.042],[-41.12,-4.036],[-41.134,-4.035],[-41.143,-4.037],[-41.16,-4.032],[-41.169,-4.033],[-41.184,-4.024],[-41.183,-4.018],[-41.193,-4.021],[-41.2,-4.018],[-41.206,-4.024],[-41.214,-4.024],[-41.24,-4.031],[-41.25,-4.038],[-41.257,-4.035],[-41.239,-4.017],[-41.246,-4.007],[-41.249,-3.99],[-41.244,-3.986],[-41.238,-3.973],[-41.229,-3.968],[-41.22,-3.942],[-41.229,-3.912],[-41.246,-3.896],[-41.248,-3.882],[-41.267,-3.863],[-41.27,-3.852],[-41.268,-3.848],[-41.271,-3.838],[-41.288,-3.822],[-41.294,-3.829],[-41.299,-3.823],[-41.263,-3.789],[-41.254,-3.775],[-41.261,-3.763],[-41.261,-3.746],[-41.258,-3.733],[-41.253,-3.724],[-41.239,-3.721],[-41.239,-3.713],[-41.247,-3.71],[-41.255,-3.703],[-41.272,-3.703],[-41.279,-3.701],[-41.286,-3.692],[-41.308,-3.685],[-41.322,-3.688],[-41.334,-3.684],[-41.342,-3.681],[-41.337,-3.655],[-41.334,-3.648],[-41.331,-3.625],[-41.344,-3.591],[-41.357,-3.585],[-41.368,-3.579],[-41.371,-3.568],[-41.367,-3.562],[-41.365,-3.558],[-41.35,-3.554],[-41.337,-3.554],[-41.326,-3.534],[-41.327,-3.52],[-41.324,-3.503],[-41.321,-3.498],[-41.303,-3.492],[-41.32,-3.484],[-41.327,-3.446],[-41.325,-3.426],[-41.324,-3.386],[-41.344,-3.388],[-41.347,-3.385],[-41.362,-3.393],[-41.362,-3.397],[-41.375,-3.399],[-41.383,-3.404],[-41.386,-3.4],[-41.387,-3.39],[-41.392,-3.385],[-41.4,-3.385],[-41.399,-3.374],[-41.406,-3.363],[-41.422,-3.37],[-41.423,-3.364],[-41.414,-3.35],[-41.412,-3.341],[-41.398,-3.328],[-41.401,-3.32],[-41.395,-3.311],[-41.396,-3.304],[-41.322,-3.18],[-41.327,-3.161],[-41.319,-3.15],[-41.319,-3.145],[-41.311,-3.136],[-41.3,-3.129],[-41.292,-3.117],[-41.285,-3.113],[-41.284,-3.101],[-41.272,-3.1],[-41.268,-3.093],[-41.256,-3.088],[-41.256,-3.071],[-41.261,-3.067],[-41.261,-3.054],[-41.253,-3.035],[-41.253,-3.024],[-41.257,-3.015],[-41.258,-3.003],[-41.27,-2.981],[-41.272,-2.971],[-41.28,-2.968],[-41.303,-2.967],[-41.316,-2.962],[-41.322,-2.952],[-41.321,-2.94],[-41.323,-2.921],[-41.34,-2.927],[-41.361,-2.92],[-41.367,-2.917],[-41.374,-2.918],[-41.398,-2.904],[-41.416,-2.909],[-41.428,-2.909],[-41.436,-2.906],[-41.447,-2.907],[-41.457,-2.9],[-41.471,-2.9],[-41.478,-2.896],[-41.495,-2.902],[-41.51,-2.912],[-41.533,-2.91],[-41.556,-2.899],[-41.565,-2.903],[-41.572,-2.902],[-41.578,-2.907],[-41.594,-2.904],[-41.612,-2.897],[-41.636,-2.881],[-41.65,-2.864],[-41.651,-2.861],[-41.669,-2.855],[-41.681,-2.848],[-41.702,-2.829],[-41.73,-2.803],[-41.732,-2.808],[-41.741,-2.808],[-41.751,-2.801],[-41.771,-2.78],[-41.782,-2.758],[-41.794,-2.75],[-41.803,-2.75],[-41.822,-2.761],[-41.826,-2.757],[-41.841,-2.768],[-41.847,-2.776],[-41.849,-2.784],[-41.845,-2.814],[-41.861,-2.859],[-41.866,-2.87],[-41.863,-2.878],[-41.85,-2.891],[-41.834,-2.916],[-41.825,-2.922],[-41.806,-2.938],[-41.798,-2.95],[-41.797,-2.961],[-41.81,-2.98],[-41.817,-3.006],[-41.823,-3.018],[-41.837,-3.028],[-41.849,-3.042],[-41.864,-3.052],[-41.869,-3.06],[-41.876,-3.072],[-41.896,-3.094],[-41.915,-3.1],[-41.925,-3.113],[-41.925,-3.138],[-41.937,-3.152],[-41.941,-3.163],[-41.935,-3.18],[-41.939,-3.183],[-41.947,-3.174],[-41.972,-3.193],[-41.972,-3.204],[-41.98,-3.216],[-41.986,-3.223],[-41.998,-3.239],[-42.013,-3.248],[-42.019,-3.249],[-42.041,-3.247],[-42.055,-3.253],[-42.062,-3.261],[-42.069,-3.264],[-42.098,-3.261],[-42.11,-3.262],[-42.124,-3.267],[-42.129,-3.273],[-42.13,-3.282],[-42.123,-3.29],[-42.101,-3.292],[-42.096,-3.3],[-42.099,-3.315],[-42.108,-3.317],[-42.12,-3.311],[-42.127,-3.315],[-42.127,-3.321],[-42.122,-3.33],[-42.122,-3.341],[-42.126,-3.346],[-42.141,-3.348],[-42.146,-3.356],[-42.146,-3.373],[-42.151,-3.387],[-42.156,-3.392],[-42.167,-3.396],[-42.185,-3.394],[-42.195,-3.399],[-42.202,-3.431],[-42.208,-3.432],[-42.225,-3.427],[-42.247,-3.433],[-42.273,-3.445],[-42.292,-3.453],[-42.302,-3.452],[-42.315,-3.436],[-42.324,-3.433],[-42.334,-3.434],[-42.344,-3.444],[-42.356,-3.451],[-42.37,-3.453],[-42.385,-3.447],[-42.389,-3.449],[-42.393,-3.465],[-42.4,-3.475],[-42.412,-3.473],[-42.412,-3.461],[-42.418,-3.454],[-42.425,-3.453],[-42.434,-3.46],[-42.448,-3.478],[-42.461,-3.485],[-42.47,-3.484],[-42.486,-3.478],[-42.489,-3.473],[-42.483,-3.452],[-42.486,-3.446],[-42.496,-3.446],[-42.503,-3.451],[-42.508,-3.473],[-42.515,-3.482],[-42.527,-3.486],[-42.532,-3.496],[-42.529,-3.507],[-42.53,-3.511],[-42.554,-3.538],[-42.563,-3.559],[-42.568,-3.571],[-42.583,-3.575],[-42.61,-3.586],[-42.616,-3.592],[-42.617,-3.611],[-42.619,-3.621],[-42.623,-3.627],[-42.633,-3.632],[-42.643,-3.638],[-42.656,-3.653],[-42.67,-3.666],[-42.675,-3.673],[-42.684,-3.695],[-42.682,-3.705],[-42.67,-3.728],[-42.671,-3.744],[-42.682,-3.757],[-42.684,-3.765],[-42.679,-3.779],[-42.672,-3.786],[-42.672,-3.792],[-42.684,-3.803],[-42.691,-3.819],[-42.698,-3.83],[-42.703,-3.842],[-42.715,-3.863],[-42.722,-3.884],[-42.725,-3.908],[-42.731,-3.919],[-42.739,-3.927],[-42.763,-3.942],[-42.781,-3.955],[-42.788,-3.963],[-42.791,-3.979],[-42.796,-3.994],[-42.81,-3.992],[-42.817,-3.993],[-42.835,-4.019],[-42.845,-4.037],[-42.849,-4.059],[-42.856,-4.079],[-42.87,-4.104],[-42.878,-4.11],[-42.901,-4.117],[-42.902,-4.123],[-42.898,-4.133],[-42.888,-4.146],[-42.89,-4.155],[-42.897,-4.156],[-42.924,-4.153],[-42.933,-4.157],[-42.943,-4.167],[-42.955,-4.186],[-42.971,-4.201],[-42.983,-4.213],[-42.986,-4.221],[-42.987,-4.239],[-42.986,-4.248],[-42.985,-4.284],[-42.981,-4.3],[-42.977,-4.309],[-42.965,-4.322],[-42.963,-4.337],[-42.964,-4.361],[-42.963,-4.376],[-42.956,-4.384],[-42.949,-4.386],[-42.936,-4.382],[-42.927,-4.385],[-42.897,-4.402],[-42.88,-4.416],[-42.872,-4.428],[-42.878,-4.458],[-42.876,-4.463],[-42.854,-4.474],[-42.85,-4.484],[-42.85,-4.498],[-42.854,-4.509],[-42.873,-4.531],[-42.875,-4.539],[-42.867,-4.559],[-42.867,-4.566],[-42.873,-4.582],[-42.894,-4.613],[-42.901,-4.628],[-42.916,-4.651],[-42.924,-4.658],[-42.945,-4.672],[-42.952,-4.68],[-42.953,-4.687],[-42.949,-4.699],[-42.944,-4.706],[-42.927,-4.717],[-42.923,-4.721],[-42.921,-4.732],[-42.922,-4.742],[-42.926,-4.751],[-42.942,-4.759],[-42.95,-4.769],[-42.948,-4.789],[-42.939,-4.809],[-42.93,-4.818],[-42.903,-4.836],[-42.897,-4.843],[-42.893,-4.863],[-42.895,-4.883],[-42.893,-4.888],[-42.89,-4.895],[-42.885,-4.906],[-42.873,-4.915],[-42.869,-4.927],[-42.854,-4.937],[-42.856,-4.948],[-42.863,-4.968],[-42.857,-4.992],[-42.845,-5.024],[-42.843,-5.034],[-42.841,-5.056],[-42.835,-5.074],[-42.824,-5.088],[-42.817,-5.102],[-42.816,-5.126],[-42.812,-5.138],[-42.805,-5.149],[-42.799,-5.19],[-42.801,-5.201],[-42.809,-5.213],[-42.824,-5.229],[-42.83,-5.239],[-42.826,-5.257],[-42.812,-5.282],[-42.812,-5.29],[-42.816,-5.318],[-42.825,-5.346],[-42.835,-5.355],[-42.865,-5.369],[-42.871,-5.381],[-42.881,-5.39],[-42.887,-5.392],[-42.899,-5.39],[-42.911,-5.396],[-42.924,-5.431],[-42.931,-5.439],[-42.94,-5.442],[-42.958,-5.445],[-42.968,-5.454],[-42.974,-5.484],[-42.986,-5.497],[-42.995,-5.508],[-43.0,-5.519],[-43.001,-5.532],[-43.004,-5.543],[-43.021,-5.557],[-43.024,-5.562],[-43.026,-5.577],[-43.033,-5.592],[-43.047,-5.592],[-43.062,-5.598],[-43.082,-5.599],[-43.088,-5.604],[-43.095,-5.615],[-43.098,-5.627],[-43.085,-5.634],[-43.08,-5.649],[-43.089,-5.672],[-43.082,-5.709],[-43.077,-5.726],[-43.076,-5.736],[-43.08,-5.742],[-43.094,-5.742],[-43.101,-5.759],[-43.099,-5.775],[-43.098,-5.79],[-43.09,-5.808],[-43.096,-5.825],[-43.094,-5.835],[-43.085,-5.847],[-43.075,-5.865],[-43.081,-5.879],[-43.091,-5.888],[-43.099,-5.902],[-43.096,-5.91],[-43.087,-5.919],[-43.087,-5.941],[-43.084,-5.957],[-43.071,-5.978],[-43.06,-5.982],[-43.051,-5.99],[-43.048,-5.997],[-43.049,-6.014],[-43.062,-6.031],[-43.072,-6.037],[-43.076,-6.043],[-43.075,-6.057],[-43.064,-6.068],[-43.057,-6.08],[-43.049,-6.102],[-43.045,-6.106],[-43.034,-6.111],[-43.011,-6.112],[-42.992,-6.118],[-42.982,-6.128],[-42.978,-6.138],[-42.977,-6.159],[-42.97,-6.177],[-42.956,-6.186],[-42.933,-6.193],[-42.922,-6.208],[-42.914,-6.215],[-42.899,-6.223],[-42.889,-6.226],[-42.876,-6.226],[-42.861,-6.239],[-42.855,-6.25],[-42.856,-6.262],[-42.847,-6.278],[-42.849,-6.308],[-42.858,-6.322],[-42.86,-6.33],[-42.85,-6.332],[-42.836,-6.325],[-42.831,-6.329],[-42.829,-6.341],[-42.833,-6.346],[-42.852,-6.359],[-42.857,-6.373],[-42.855,-6.383],[-42.862,-6.396],[-42.877,-6.417],[-42.877,-6.429],[-42.869,-6.457],[-42.87,-6.469],[-42.865,-6.482],[-42.869,-6.49],[-42.879,-6.493],[-42.886,-6.505],[-42.885,-6.51],[-42.873,-6.51],[-42.874,-6.519],[-42.887,-6.534],[-42.889,-6.545],[-42.884,-6.565],[-42.887,-6.578],[-42.901,-6.594],[-42.908,-6.606],[-42.912,-6.626],[-42.917,-6.641],[-42.915,-6.648],[-42.919,-6.669],[-42.93,-6.679],[-42.947,-6.702],[-42.957,-6.708],[-42.977,-6.718],[-42.984,-6.726],[-42.993,-6.749],[-43.011,-6.76],[-43.031,-6.763],[-43.048,-6.762],[-43.057,-6.758],[-43.065,-6.75],[-43.076,-6.749],[-43.087,-6.751],[-43.101,-6.768],[-43.132,-6.781],[-43.148,-6.784],[-43.164,-6.774],[-43.178,-6.767],[-43.219,-6.764],[-43.248,-6.768],[-43.257,-6.779],[-43.271,-6.793],[-43.296,-6.8],[-43.316,-6.801],[-43.344,-6.798],[-43.354,-6.802],[-43.359,-6.814],[-43.367,-6.82],[-43.384,-6.816],[-43.39,-6.824],[-43.391,-6.834],[-43.403,-6.835],[-43.409,-6.841],[-43.419,-6.844],[-43.437,-6.839],[-43.446,-6.839],[-43.455,-6.846],[-43.465,-6.84],[-43.473,-6.839],[-43.483,-6.833],[-43.489,-6.822],[-43.492,-6.814],[-43.508,-6.799],[-43.542,-6.789],[-43.546,-6.782],[-43.549,-6.763],[-43.562,-6.748],[-43.571,-6.748],[-43.573,-6.755],[-43.584,-6.758],[-43.599,-6.744],[-43.622,-6.735],[-43.638,-6.72],[-43.652,-6.713],[-43.673,-6.706],[-43.697,-6.71],[-43.704,-6.701],[-43.715,-6.699],[-43.729,-6.705],[-43.754,-6.704],[-43.761,-6.702],[-43.775,-6.715],[-43.783,-6.711],[-43.791,-6.702],[-43.8,-6.705],[-43.808,-6.72],[-43.82,-6.727],[-43.842,-6.734],[-43.854,-6.736],[-43.878,-6.757],[-43.884,-6.759],[-43.898,-6.755],[-43.914,-6.753],[-43.919,-6.756],[-43.928,-6.77],[-43.931,-6.771],[-43.942,-6.768],[-43.949,-6.752],[-43.957,-6.743],[-43.971,-6.744],[-43.981,-6.755],[-43.988,-6.757],[-44.005,-6.759],[-44.018,-6.758],[-44.033,-6.76],[-44.043,-6.769],[-44.053,-6.768],[-44.057,-6.774],[-44.061,-6.791],[-44.059,-6.808],[-44.07,-6.821],[-44.077,-6.821],[-44.083,-6.81],[-44.089,-6.803],[-44.107,-6.802],[-44.116,-6.806],[-44.116,-6.815],[-44.113,-6.823],[-44.105,-6.83],[-44.099,-6.84],[-44.099,-6.846],[-44.104,-6.856],[-44.114,-6.853],[-44.115,-6.838],[-44.125,-6.836],[-44.131,-6.845],[-44.141,-6.865],[-44.153,-6.868],[-44.163,-6.875],[-44.171,-6.885],[-44.176,-6.896],[-44.176,-6.904],[-44.174,-6.92],[-44.179,-6.927],[-44.19,-6.926],[-44.201,-6.933],[-44.203,-6.957],[-44.208,-6.97],[-44.215,-6.975],[-44.236,-6.999],[-44.249,-7.0],[-44.261,-7.0],[-44.263,-7.004],[-44.264,-7.019],[-44.278,-7.038],[-44.28,-7.045],[-44.276,-7.058],[-44.274,-7.065],[-44.276,-7.074],[-44.298,-7.101],[-44.303,-7.114],[-44.313,-7.119],[-44.327,-7.11],[-44.354,-7.116],[-44.365,-7.122],[-44.379,-7.119],[-44.386,-7.121],[-44.404,-7.13],[-44.417,-7.139],[-44.431,-7.152],[-44.45,-7.16],[-44.462,-7.16],[-44.473,-7.166],[-44.49,-7.182],[-44.505,-7.187],[-44.512,-7.194],[-44.522,-7.219],[-44.535,-7.227],[-44.547,-7.226],[-44.565,-7.229],[-44.572,-7.248],[-44.578,-7.256],[-44.594,-7.267],[-44.595,-7.277],[-44.609,-7.294],[-44.616,-7.309],[-44.628,-7.309],[-44.641,-7.316],[-44.643,-7.325],[-44.66,-7.329],[-44.665,-7.335],[-44.671,-7.353],[-44.678,-7.359],[-44.684,-7.387],[-44.69,-7.396],[-44.702,-7.395],[-44.711,-7.398],[-44.73,-7.39],[-44.736,-7.382],[-44.742,-7.362],[-44.751,-7.364],[-44.762,-7.372],[-44.773,-7.374],[-44.78,-7.378],[-44.786,-7.372],[-44.817,-7.362],[-44.821,-7.376],[-44.833,-7.383],[-44.847,-7.386],[-44.854,-7.396],[-44.852,-7.403],[-44.866,-7.415],[-44.868,-7.422],[-44.881,-7.428],[-44.899,-7.425],[-44.908,-7.442],[-44.918,-7.45],[-44.923,-7.467],[-44.928,-7.472],[-44.938,-7.47],[-44.948,-7.475],[-44.956,-7.475],[-44.966,-7.483],[-44.985,-7.481],[-44.989,-7.482],[-45.003,-7.496],[-45.011,-7.495],[-45.021,-7.498],[-45.05,-7.513],[-45.056,-7.508],[-45.068,-7.504],[-45.086,-7.502],[-45.096,-7.505],[-45.127,-7.514],[-45.139,-7.522],[-45.148,-7.521],[-45.155,-7.513],[-45.175,-7.53],[-45.181,-7.542],[-45.19,-7.548],[-45.204,-7.552],[-45.215,-7.567],[-45.233,-7.549],[-45.252,-7.559],[-45.262,-7.571],[-45.276,-7.567],[-45.285,-7.566],[-45.289,-7.572],[-45.299,-7.575],[-45.316,-7.574],[-45.335,-7.578],[-45.341,-7.582],[-45.342,-7.593],[-45.349,-7.598],[-45.372,-7.618],[-45.383,-7.612],[-45.395,-7.614],[-45.398,-7.623],[-45.398,-7.639],[-45.404,-7.644],[-45.416,-7.646],[-45.416,-7.657],[-45.432,-7.662],[-45.438,-7.669],[-45.438,-7.678],[-45.456,-7.67],[-45.46,-7.674],[-45.451,-7.688],[-45.47,-7.69],[-45.469,-7.714],[-45.483,-7.716],[-45.487,-7.729],[-45.482,-7.748],[-45.496,-7.747],[-45.495,-7.754],[-45.486,-7.766],[-45.492,-7.774],[-45.49,-7.787],[-45.501,-7.787],[-45.499,-7.797],[-45.51,-7.8],[-45.511,-7.824],[-45.517,-7.835],[-45.526,-7.838],[-45.526,-7.857],[-45.538,-7.862],[-45.536,-7.873],[-45.52,-7.885],[-45.523,-7.888],[-45.538,-7.891],[-45.542,-7.899],[-45.524,-7.907],[-45.525,-7.914],[-45.532,-7.923],[-45.539,-7.918],[-45.548,-7.947],[-45.556,-7.954],[-45.546,-7.957],[-45.547,-7.968],[-45.556,-7.971],[-45.568,-7.995],[-45.566,-7.999],[-45.553,-8.007],[-45.552,-8.015],[-45.566,-8.016],[-45.577,-8.03],[-45.563,-8.044],[-45.569,-8.052],[-45.569,-8.07],[-45.576,-8.084],[-45.586,-8.095],[-45.586,-8.103],[-45.577,-8.114],[-45.588,-8.129],[-45.589,-8.137],[-45.584,-8.157],[-45.595,-8.175],[-45.602,-8.175],[-45.615,-8.191],[-45.609,-8.205],[-45.622,-8.217],[-45.635,-8.225],[-45.647,-8.243],[-45.664,-8.251],[-45.664,-8.267],[-45.667,-8.289],[-45.679,-8.305],[-45.68,-8.321],[-45.69,-8.336],[-45.69,-8.354],[-45.693,-8.361],[-45.706,-8.369],[-45.703,-8.381],[-45.706,-8.388],[-45.713,-8.388],[-45.725,-8.395],[-45.723,-8.405],[-45.73,-8.409],[-45.735,-8.419],[-45.731,-8.428],[-45.745,-8.453],[-45.743,-8.475],[-45.747,-8.489],[-45.747,-8.497],[-45.739,-8.501],[-45.753,-8.518],[-45.757,-8.527],[-45.754,-8.542],[-45.762,-8.551],[-45.761,-8.56],[-45.772,-8.575],[-45.785,-8.581],[-45.792,-8.582],[-45.795,-8.592],[-45.768,-8.607],[-45.776,-8.617],[-45.789,-8.617],[-45.806,-8.623],[-45.816,-8.633],[-45.822,-8.648],[-45.814,-8.658],[-45.82,-8.664],[-45.83,-8.685],[-45.833,-8.697],[-45.841,-8.716],[-45.848,-8.71],[-45.864,-8.716],[-45.864,-8.73],[-45.883,-8.735],[-45.89,-8.741],[-45.891,-8.759],[-45.906,-8.758],[-45.925,-8.771],[-45.928,-8.777],[-45.937,-8.78],[-45.938,-8.787],[-45.94,-8.797],[-45.953,-8.806],[-45.96,-8.816],[-45.959,-8.825],[-45.947,-8.83],[-45.945,-8.836],[-45.949,-8.845],[-45.959,-8.842],[-45.96,-8.852],[-45.972,-8.862],[-45.974,-8.868],[-45.967,-8.876],[-45.979,-8.882],[-45.984,-8.89],[-45.98,-8.904],[-45.986,-8.91],[-45.985,-8.917],[-45.995,-8.927],[-45.991,-8.949],[-45.981,-8.967],[-45.968,-8.977],[-45.958,-9.002],[-45.944,-9.016],[-45.946,-9.024],[-45.942,-9.033],[-45.936,-9.038],[-45.941,-9.055],[-45.938,-9.064],[-45.931,-9.068],[-45.928,-9.079],[-45.933,-9.086],[-45.923,-9.09],[-45.923,-9.099],[-45.929,-9.128],[-45.928,-9.14],[-45.921,-9.147],[-45.918,-9.159],[-45.909,-9.173],[-45.901,-9.179],[-45.898,-9.185],[-45.906,-9.193],[-45.899,-9.208],[-45.904,-9.231],[-45.897,-9.233],[-45.898,-9.245],[-45.902,-9.251],[-45.898,-9.259],[-45.904,-9.265],[-45.897,-9.278],[-45.897,-9.29],[-45.907,-9.292],[-45.908,-9.298],[-45.898,-9.318],[-45.897,-9.325],[-45.891,-9.332],[-45.894,-9.343],[-45.887,-9.349],[-45.88,-9.346],[-45.876,-9.354],[-45.864,-9.359],[-45.848,-9.356],[-45.829,-9.374],[-45.825,-9.374],[-45.819,-9.389],[-45.809,-9.4],[-45.806,-9.41],[-45.799,-9.417],[-45.803,-9.425],[-45.802,-9.436],[-45.794,-9.445],[-45.789,-9.465],[-45.79,-9.47],[-45.783,-9.48],[-45.791,-9.483],[-45.798,-9.487],[-45.799,-9.495],[-45.812,-9.504],[-45.824,-9.522],[-45.831,-9.539],[-45.828,-9.543],[-45.832,-9.553],[-45.842,-9.563],[-45.843,-9.576],[-45.837,-9.585],[-45.838,-9.595],[-45.82,-9.618],[-45.825,-9.625],[-45.826,-9.637],[-45.834,-9.652],[-45.831,-9.659],[-45.833,-9.667],[-45.83,-9.68],[-45.839,-9.696],[-45.829,-9.704],[-45.833,-9.712],[-45.826,-9.719],[-45.829,-9.725],[-45.821,-9.739],[-45.828,-9.746],[-45.821,-9.756],[-45.823,-9.763],[-45.821,-9.773],[-45.828,-9.792],[-45.839,-9.797],[-45.849,-9.818],[-45.851,-9.833],[-45.864,-9.861],[-45.866,-9.872],[-45.862,-9.874],[-45.858,-9.908],[-45.853,-9.92],[-45.846,-9.926],[-45.843,-9.94],[-45.849,-9.956],[-45.847,-9.96],[-45.852,-9.98],[-45.856,-9.984],[-45.855,-9.996],[-45.863,-10.005],[-45.871,-10.026],[-45.88,-10.061],[-45.87,-10.069],[-45.871,-10.08],[-45.877,-10.098],[-45.879,-10.11],[-45.886,-10.114],[-45.892,-10.129],[-45.898,-10.137],[-45.9,-10.153],[-45.913,-10.158],[-45.915,-10.164],[-45.924,-10.171],[-45.931,-10.191],[-45.941,-10.193],[-45.946,-10.196],[-45.946,-10.207],[-45.956,-10.221],[-45.95,-10.234],[-45.946,-10.258],[-45.974,-10.248],[-45.996,-10.25],[-45.999,-10.258],[-46.006,-10.26],[-46.012,-10.251],[-46.02,-10.256],[-46.022,-10.268],[-46.028,-10.277],[-46.023,-10.286],[-46.0,-10.297],[-46.001,-10.302],[-45.997,-10.317],[-45.989,-10.325],[-45.982,-10.326],[-45.978,-10.338],[-45.982,-10.345],[-45.971,-10.359],[-45.96,-10.364],[-45.945,-10.363],[-45.933,-10.37],[-45.911,-10.371],[-45.907,-10.36],[-45.889,-10.344],[-45.887,-10.341],[-45.91,-10.321],[-45.916,-10.313],[-45.915,-10.302],[-45.909,-10.293],[-45.897,-10.264],[-45.883,-10.255],[-45.871,-10.25],[-45.867,-10.254],[-45.845,-10.258],[-45.825,-10.263],[-45.794,-10.268],[-45.761,-10.251],[-45.744,-10.24],[-45.734,-10.229],[-45.728,-10.213],[-45.727,-10.203],[-45.735,-10.18],[-45.735,-10.172],[-45.73,-10.162],[-45.724,-10.155],[-45.716,-10.153],[-45.704,-10.157],[-45.69,-10.155],[-45.669,-10.145],[-45.66,-10.135],[-45.648,-10.127],[-45.639,-10.126],[-45.62,-10.115],[-45.603,-10.108],[-45.593,-10.11],[-45.579,-10.122],[-45.568,-10.139],[-45.565,-10.16],[-45.572,-10.181],[-45.567,-10.201],[-45.557,-10.217],[-45.551,-10.222],[-45.531,-10.233],[-45.523,-10.244],[-45.522,-10.277],[-45.514,-10.29],[-45.491,-10.301],[-45.473,-10.315],[-45.457,-10.339],[-45.43,-10.36],[-45.426,-10.376],[-45.429,-10.395],[-45.429,-10.414],[-45.425,-10.427],[-45.419,-10.432],[-45.404,-10.438],[-45.396,-10.445],[-45.4,-10.463],[-45.41,-10.473],[-45.431,-10.488],[-45.446,-10.505],[-45.447,-10.509],[-45.439,-10.522],[-45.438,-10.53],[-45.441,-10.544],[-45.447,-10.552],[-45.446,-10.562],[-45.437,-10.577],[-45.437,-10.616],[-45.432,-10.631],[-45.425,-10.639],[-45.414,-10.645],[-45.398,-10.646],[-45.385,-10.652],[-45.377,-10.663],[-45.369,-10.68],[-45.365,-10.701],[-45.362,-10.707],[-45.362,-10.723],[-45.358,-10.732],[-45.343,-10.743],[-45.33,-10.756],[-45.314,-10.763],[-45.295,-10.764],[-45.285,-10.767],[-45.269,-10.776],[-45.257,-10.812],[-45.246,-10.822],[-45.239,-10.82],[-45.219,-10.817],[-45.218,-10.829],[-45.205,-10.833],[-45.171,-10.835],[-45.158,-10.839],[-45.133,-10.838],[-45.117,-10.841],[-45.106,-10.847],[-45.082,-10.839],[-45.073,-10.84],[-45.063,-10.848],[-45.051,-10.851],[-45.044,-10.861],[-45.037,-10.862],[-45.022,-10.875],[-45.017,-10.885],[-45.002,-10.887],[-44.995,-10.884],[-44.983,-10.887],[-44.973,-10.892],[-44.968,-10.9],[-44.955,-10.908],[-44.945,-10.919],[-44.931,-10.929],[-44.924,-10.925],[-44.91,-10.912],[-44.903,-10.911],[-44.897,-10.903],[-44.884,-10.902],[-44.864,-10.885],[-44.855,-10.884],[-44.853,-10.895],[-44.847,-10.901],[-44.841,-10.897],[-44.831,-10.883],[-44.822,-10.875],[-44.814,-10.873],[-44.808,-10.866],[-44.81,-10.847],[-44.805,-10.839],[-44.801,-10.829],[-44.793,-10.818],[-44.788,-10.809],[-44.778,-10.804],[-44.758,-10.803],[-44.757,-10.788],[-44.746,-10.778],[-44.731,-10.772],[-44.715,-10.762],[-44.71,-10.761],[-44.693,-10.768],[-44.681,-10.768],[-44.667,-10.759],[-44.663,-10.751],[-44.661,-10.73],[-44.669,-10.702],[-44.669,-10.687],[-44.664,-10.68],[-44.655,-10.677],[-44.636,-10.677],[-44.627,-10.676],[-44.613,-10.667],[-44.601,-10.653],[-44.59,-10.632],[-44.578,-10.627],[-44.557,-10.627],[-44.547,-10.63],[-44.528,-10.647],[-44.515,-10.651],[-44.501,-10.65],[-44.48,-10.642],[-44.473,-10.635],[-44.464,-10.615],[-44.452,-10.607],[-44.441,-10.607],[-44.428,-10.612],[-44.417,-10.613],[-44.405,-10.61],[-44.392,-10.601],[-44.373,-10.58],[-44.355,-10.558],[-44.344,-10.55],[-44.333,-10.549],[-44.315,-10.557],[-44.302,-10.572],[-44.29,-10.597],[-44.28,-10.611],[-44.267,-10.623],[-44.258,-10.627],[-44.245,-10.628],[-44.231,-10.624],[-44.218,-10.615],[-44.209,-10.615],[-44.193,-10.629],[-44.176,-10.633],[-44.166,-10.643],[-44.153,-10.644],[-44.139,-10.64],[-44.131,-10.635],[-44.126,-10.627],[-44.118,-10.609],[-44.111,-10.597],[-44.101,-10.592],[-44.083,-10.589],[-44.072,-10.58],[-44.068,-10.564],[-44.062,-10.551],[-44.051,-10.506],[-44.042,-10.493],[-44.03,-10.484],[-44.026,-10.476],[-44.036,-10.445],[-44.035,-10.43],[-44.028,-10.412],[-44.018,-10.405],[-44.008,-10.405],[-43.998,-10.41],[-43.99,-10.418],[-43.977,-10.431],[-43.952,-10.434],[-43.937,-10.436],[-43.924,-10.432],[-43.916,-10.427],[-43.914,-10.418],[-43.916,-10.393],[-43.915,-10.384],[-43.899,-10.367],[-43.895,-10.354],[-43.872,-10.33],[-43.85,-10.318],[-43.837,-10.302],[-43.834,-10.274],[-43.838,-10.265],[-43.837,-10.25],[-43.827,-10.238],[-43.809,-10.221],[-43.785,-10.192],[-43.779,-10.181],[-43.77,-10.151],[-43.767,-10.134],[-43.766,-10.121],[-43.773,-10.099],[-43.766,-10.08],[-43.759,-10.075],[-43.746,-10.073],[-43.72,-10.072],[-43.699,-10.078],[-43.691,-10.073],[-43.693,-10.059],[-43.69,-10.045],[-43.669,-10.031],[-43.666,-10.017],[-43.662,-10.009],[-43.665,-9.991],[-43.675,-9.985],[-43.685,-9.983],[-43.697,-9.974],[-43.703,-9.966],[-43.703,-9.961],[-43.691,-9.942],[-43.693,-9.925],[-43.703,-9.924],[-43.709,-9.913],[-43.706,-9.906],[-43.698,-9.903],[-43.695,-9.892],[-43.69,-9.889],[-43.677,-9.886],[-43.674,-9.879],[-43.666,-9.869],[-43.665,-9.856],[-43.653,-9.844],[-43.655,-9.836],[-43.665,-9.824],[-43.683,-9.816],[-43.688,-9.808],[-43.697,-9.804],[-43.706,-9.806],[-43.718,-9.802],[-43.72,-9.794],[-43.75,-9.783],[-43.764,-9.777],[-43.767,-9.771],[-43.785,-9.762],[-43.798,-9.728],[-43.794,-9.718],[-43.794,-9.705],[-43.8,-9.693],[-43.814,-9.672],[-43.828,-9.647],[-43.842,-9.637],[-43.84,-9.627],[-43.834,-9.618],[-43.843,-9.613],[-43.84,-9.596],[-43.842,-9.586],[-43.853,-9.562],[-43.85,-9.548],[-43.842,-9.538],[-43.838,-9.525],[-43.83,-9.515],[-43.816,-9.492],[-43.799,-9.48],[-43.786,-9.458],[-43.782,-9.453],[-43.77,-9.442],[-43.751,-9.434],[-43.721,-9.428],[-43.701,-9.422],[-43.689,-9.42],[-43.671,-9.409],[-43.656,-9.395],[-43.634,-9.381],[-43.622,-9.371],[-43.606,-9.352],[-43.579,-9.32],[-43.573,-9.316],[-43.552,-9.309],[-43.541,-9.308],[-43.531,-9.304],[-43.518,-9.294],[-43.498,-9.273],[-43.486,-9.265],[-43.469,-9.261],[-43.459,-9.261],[-43.438,-9.266],[-43.423,-9.278],[-43.395,-9.314],[-43.386,-9.336],[-43.376,-9.349],[-43.361,-9.364],[-43.354,-9.369],[-43.336,-9.368],[-43.324,-9.377],[-43.313,-9.39],[-43.3,-9.395],[-43.293,-9.401],[-43.285,-9.42],[-43.274,-9.424],[-43.267,-9.412],[-43.242,-9.412],[-43.229,-9.403],[-43.219,-9.401],[-43.209,-9.4],[-43.202,-9.406],[-43.199,-9.418],[-43.194,-9.421],[-43.183,-9.417],[-43.173,-9.41],[-43.163,-9.391],[-43.161,-9.379],[-43.147,-9.376],[-43.137,-9.386],[-43.13,-9.385],[-43.122,-9.373],[-43.115,-9.375],[-43.105,-9.386],[-43.087,-9.388],[-43.083,-9.397],[-43.075,-9.4],[-43.067,-9.394],[-43.059,-9.397],[-43.057,-9.402],[-43.058,-9.415],[-43.052,-9.413],[-43.04,-9.415],[-42.988,-9.401],[-42.972,-9.408],[-42.959,-9.428],[-42.956,-9.439],[-42.963,-9.457],[-42.959,-9.48],[-42.952,-9.498],[-42.951,-9.51],[-42.944,-9.521],[-42.928,-9.527],[-42.913,-9.525],[-42.904,-9.527],[-42.884,-9.549],[-42.877,-9.562],[-42.868,-9.564],[-42.851,-9.551],[-42.837,-9.55],[-42.828,-9.56],[-42.83,-9.576],[-42.828,-9.588],[-42.821,-9.603],[-42.821,-9.619],[-42.816,-9.622],[-42.8,-9.623],[-42.77,-9.619],[-42.761,-9.609],[-42.758,-9.589],[-42.74,-9.579],[-42.731,-9.568],[-42.72,-9.56],[-42.716,-9.554],[-42.722,-9.537],[-42.72,-9.531],[-42.709,-9.532],[-42.69,-9.546],[-42.68,-9.549],[-42.667,-9.548],[-42.657,-9.542],[-42.64,-9.544],[-42.63,-9.539],[-42.62,-9.539],[-42.614,-9.53],[-42.603,-9.517],[-42.59,-9.498],[-42.58,-9.497],[-42.571,-9.502],[-42.555,-9.496],[-42.539,-9.498],[-42.532,-9.502],[-42.515,-9.502],[-42.493,-9.495],[-42.486,-9.484],[-42.491,-9.47],[-42.49,-9.463],[-42.481,-9.459],[-42.471,-9.459],[-42.454,-9.462],[-42.449,-9.461],[-42.435,-9.451],[-42.428,-9.44],[-42.426,-9.421],[-42.419,-9.409],[-42.399,-9.397],[-42.378,-9.39],[-42.365,-9.382],[-42.357,-9.372],[-42.357,-9.353],[-42.35,-9.346],[-42.326,-9.333],[-42.316,-9.317],[-42.286,-9.309],[-42.269,-9.31],[-42.249,-9.293],[-42.239,-9.286],[-42.226,-9.283],[-42.206,-9.293],[-42.194,-9.292],[-42.179,-9.285],[-42.153,-9.288],[-42.135,-9.287],[-42.117,-9.283],[-42.101,-9.282],[-42.095,-9.279],[-42.069,-9.258],[-42.058,-9.255],[-42.033,-9.255],[-42.025,-9.25],[-42.019,-9.251],[-42.0,-9.266],[-41.989,-9.26],[-41.979,-9.25],[-41.972,-9.249],[-41.955,-9.264],[-41.945,-9.264],[-41.937,-9.267],[-41.922,-9.279],[-41.914,-9.277],[-41.907,-9.271],[-41.902,-9.257],[-41.885,-9.254],[-41.87,-9.237],[-41.86,-9.238],[-41.855,-9.241],[-41.848,-9.244],[-41.838,-9.242],[-41.831,-9.229],[-41.822,-9.194],[-41.813,-9.179],[-41.8,-9.165],[-41.8,-9.148],[-41.78,-9.129],[-41.762,-9.119],[-41.743,-9.104],[-41.735,-9.095],[-41.733,-9.088],[-41.731,-9.07],[-41.733,-9.05],[-41.731,-9.028],[-41.724,-9.014],[-41.707,-9.012],[-41.689,-9.014],[-41.673,-9.008],[-41.669,-9.001],[-41.669,-8.99],[-41.661,-8.988],[-41.649,-8.988],[-41.641,-8.985],[-41.633,-8.986],[-41.624,-8.982],[-41.621,-8.971],[-41.61,-8.967],[-41.606,-8.957],[-41.597,-8.959],[-41.591,-8.955],[-41.57,-8.955],[-41.565,-8.97],[-41.554,-8.964],[-41.546,-8.962],[-41.543,-8.949],[-41.546,-8.942],[-41.541,-8.934],[-41.531,-8.928],[-41.523,-8.912],[-41.523,-8.904],[-41.507,-8.892],[-41.511,-8.876],[-41.502,-8.864],[-41.496,-8.862],[-41.488,-8.844],[-41.472,-8.843],[-41.456,-8.821],[-41.449,-8.815],[-41.435,-8.799],[-41.424,-8.803],[-41.411,-8.774],[-41.4,-8.746],[-41.398,-8.734],[-41.394,-8.724],[-41.381,-8.707],[-41.374,-8.705],[-41.358,-8.708],[-41.345,-8.71],[-41.337,-8.708],[-41.33,-8.703],[-41.318,-8.698],[-41.3,-8.682],[-41.295,-8.67],[-41.287,-8.661],[-41.269,-8.663],[-41.251,-8.662],[-41.239,-8.656],[-41.234,-8.648],[-41.214,-8.644],[-41.206,-8.633],[-41.208,-8.61],[-41.212,-8.602],[-41.203,-8.599],[-41.199,-8.592],[-41.179,-8.593],[-41.179,-8.588],[-41.167,-8.581],[-41.157,-8.56],[-41.15,-8.534],[-41.135,-8.534],[-41.127,-8.542],[-41.116,-8.537],[-41.108,-8.531],[-41.104,-8.522],[-41.098,-8.521],[-41.09,-8.513],[-41.085,-8.501],[-41.082,-8.48],[-41.077,-8.473],[-41.058,-8.478],[-41.05,-8.476],[-41.052,-8.465],[-41.047,-8.446],[-41.039,-8.432],[-41.024,-8.428],[-41.02,-8.425],[-41.007,-8.421],[-41,-8.4],[-40.978,-8.399],[-40.973,-8.407],[-40.958,-8.42],[-40.95,-8.43],[-40.941,-8.433],[-40.927,-8.446],[-40.909,-8.427],[-40.902,-8.423],[-40.901,-8.41],[-40.908,-8.401],[-40.895,-8.393],[-40.89,-8.387],[-40.893,-8.372],[-40.898,-8.367],[-40.892,-8.356],[-40.873,-8.357],[-40.862,-8.365],[-40.862,-8.371],[-40.859,-8.38],[-40.844,-8.379],[-40.837,-8.381],[-40.829,-8.374],[-40.819,-8.361],[-40.82,-8.347],[-40.822,-8.336],[-40.818,-8.33],[-40.818,-8.32],[-40.802,-8.322],[-40.793,-8.32],[-40.786,-8.306],[-40.781,-8.303],[-40.78,-8.296],[-40.778,-8.286],[-40.784,-8.262],[-40.781,-8.253],[-40.767,-8.248],[-40.764,-8.244]]]},"properties":{"uf":"PI","code":22}},{"type":"Feature","geometry":{"type":"Polygon","coordinates":[[[-40.372,-2.812],[-40.392,-2.814],[-40.409,-2.813],[-40.439,-2.809],[-40.455,-2.803],[-40.473,-2.796],[-40.498,-2.784],[-40.512,-2.788],[-40.521,-2.792],[-40.519,-2.798],[-40.53,-2.814],[-40.542,-2.822],[-40.561,-2.828],[-40.575,-2.836],[-40.587,-2.84],[-40.59,-2.846],[-40.603,-2.848],[-40.608,-2.842],[-40.642,-2.849],[-40.655,-2.848],[-40.67,-2.843],[-40.703,-2.849],[-40.73,-2.851],[-40.76,-2.849],[-40.78,-2.856],[-40.792,-2.867],[-40.812,-2.876],[-40.836,-2.879],[-40.846,-2.885],[-40.853,-2.874],[-40.858,-2.861],[-40.907,-2.861],[-40.908,-2.869],[-40.923,-2.874],[-40.956,-2.872],[-40.96,-2.879],[-40.981,-2.885],[-40.993,-2.884],[-41.002,-2.89],[-41.016,-2.892],[-41.035,-2.892],[-41.046,-2.894],[-41.069,-2.895],[-41.089,-2.894],[-41.098,-2.891],[-41.109,-2.891],[-41.102,-2.901],[-41.109,-2.897],[-41.115,-2.886],[-41.123,-2.892],[-41.148,-2.892],[-41.177,-2.886],[-41.185,-2.89],[-41.199,-2.888],[-41.209,-2.89],[-41.223,-2.888],[-41.232,-2.889],[-41.253,-2.886],[-41.259,-2.884],[-41.271,-2.887],[-41.293,-2.906],[-41.323,-2.921],[-41.321,-2.94],[-41.322,-2.952],[-41.316,-2.962],[-41.303,-2.967],[-41.28,-2.968],[-41.272,-2.971],[-41.27,-2.981],[-41.258,-3.003],[-41.257,-3.015],[-41.253,-3.024],[-41.253,-3.035],[-41.261,-3.054],[-41.261,-3.067],[-41.256,-3.071],[-41.256,-3.088],[-41.268,-3.093],[-41.272,-3.1],[-41.284,-3.101],[-41.285,-3.113],[-41.292,-3.117],[-41.3,-3.129],[-41.311,-3.136],[-41.319,-3.145],[-41.319,-3.15],[-41.327,-3.161],[-41.322,-3.18],[-41.396,-3.304],[-41.395,-3.311],[-41.401,-3.32],[-41.398,-3.328],[-41.412,-3.341],[-41.414,-3.35],[-41.423,-3.364],[-41.422,-3.37],[-41.406,-3.363],[-41.399,-3.374],[-41.4,-3.385],[-41.392,-3.385],[-41.387,-3.39],[-41.386,-3.4],[-41.383,-3.404],[-41.375,-3.399],[-41.362,-3.397],[-41.362,-3.393],[-41.347,-3.385],[-41.344,-3.388],[-41.324,-3.386],[-41.325,-3.426],[-41.327,-3.446],[-41.32,-3.484],[-41.303,-3.492],[-41.321,-3.498],[-41.324,-3.503],[-41.327,-3.52],[-41.326,-3.534],[-41.337,-3.554],[-41.35,-3.554],[-41.365,-3.558],[-41.367,-3.562],[-41.371,-3.568],[-41.368,-3.579],[-41.357,-3.585],[-41.344,-3.591],[-41.331,-3.625],[-41.334,-3.648],[-41.337,-3.655],[-41.342,-3.681],[-41.334,-3.684],[-41.322,-3.688],[-41.308,-3.685],[-41.286,-3.692],[-41.279,-3.701],[-41.272,-3.703],[-41.255,-3.703],[-41.247,-3.71],[-41.239,-3.713],[-41.239,-3.721],[-41.253,-3.724],[-41.258,-3.733],[-41.261,-3.746],[-41.261,-3.763],[-41.254,-3.775],[-41.263,-3.789],[-41.299,-3.823],[-41.294,-3.829],[-41.288,-3.822],[-41.271,-3.838],[-41.268,-3.848],[-41.27,-3.852],[-41.267,-3.863],[-41.248,-3.882],[-41.246,-3.896],[-41.229,-3.912],[-41.22,-3.942],[-41.229,-3.968],[-41.238,-3.973],[-41.244,-3.986],[-41.249,-3.99],[-41.246,-4.007],[-41.239,-4.017],[-41.257,-4.035],[-41.25,-4.038],[-41.24,-4.031],[-41.214,-4.024],[-41.206,-4.024],[-41.2,-4.018],[-41.193,-4.021],[-41.183,-4.018],[-41.184,-4.024],[-41.169,-4.033],[-41.16,-4.032],[-41.143,-4.037],[-41.134,-4.035],[-41.12,-4.036],[-41.113,-4.042],[-41.113,-4.05],[-41.126,-4.06],[-41.127,-4.066],[-41.122,-4.072],[-41.129,-4.097],[-41.134,-4.105],[-41.139,-4.121],[-41.142,-4.126],[-41.134,-4.132],[-41.125,-4.145],[-41.127,-4.151],[-41.118,-4.165],[-41.106,-4.17],[-41.091,-4.17],[-41.098,-4.181],[-41.099,-4.182],[-41.136,-4.234],[-41.119,-4.306],[-41.119,-4.324],[-41.12,-4.331],[-41.133,-4.34],[-41.142,-4.359],[-41.149,-4.367],[-41.158,-4.379],[-41.162,-4.387],[-41.159,-4.392],[-41.16,-4.411],[-41.165,-4.423],[-41.177,-4.443],[-41.175,-4.449],[-41.178,-4.459],[-41.178,-4.468],[-41.188,-4.486],[-41.191,-4.516],[-41.204,-4.528],[-41.208,-4.549],[-41.214,-4.553],[-41.221,-4.567],[-41.235,-4.57],[-41.24,-4.574],[-41.222,-4.578],[-41.223,-4.59],[-41.233,-4.61],[-41.229,-4.62],[-41.203,-4.638],[-41.186,-4.662],[-41.175,-4.671],[-41.181,-4.673],[-41.203,-4.702],[-41.224,-4.721],[-41.226,-4.726],[-41.237,-4.739],[-41.235,-4.747],[-41.25,-4.757],[-41.248,-4.762],[-41.234,-4.769],[-41.213,-4.772],[-41.208,-4.78],[-41.224,-4.791],[-41.225,-4.798],[-41.233,-4.804],[-41.233,-4.81],[-41.233,-4.816],[-41.241,-4.821],[-41.243,-4.828],[-41.239,-4.854],[-41.25,-4.87],[-41.241,-4.88],[-41.228,-4.891],[-41.235,-4.902],[-41.234,-4.908],[-41.223,-4.926],[-41.22,-4.939],[-41.212,-4.938],[-41.21,-4.946],[-41.202,-4.949],[-41.199,-4.938],[-41.189,-4.941],[-41.18,-4.95],[-41.175,-4.959],[-41.167,-4.966],[-41.164,-4.973],[-41.151,-4.992],[-41.137,-4.986],[-41.137,-4.995],[-41.132,-5.003],[-41.124,-5.006],[-41.121,-5.013],[-41.121,-5.024],[-41.13,-5.04],[-41.132,-5.049],[-41.116,-5.05],[-41.107,-5.054],[-41.097,-5.054],[-41.096,-5.062],[-41.09,-5.063],[-41.087,-5.073],[-41.08,-5.079],[-41.082,-5.088],[-41.07,-5.096],[-41.05,-5.102],[-41.038,-5.09],[-41.033,-5.093],[-41.026,-5.11],[-41.016,-5.105],[-41.013,-5.109],[-41.012,-5.124],[-40.989,-5.139],[-40.984,-5.151],[-40.975,-5.149],[-40.962,-5.151],[-40.949,-5.167],[-40.938,-5.167],[-40.929,-5.172],[-40.925,-5.182],[-40.932,-5.201],[-40.925,-5.213],[-40.922,-5.226],[-40.934,-5.237],[-40.936,-5.243],[-40.923,-5.255],[-40.919,-5.262],[-40.912,-5.267],[-40.924,-5.275],[-40.922,-5.284],[-40.927,-5.297],[-40.913,-5.308],[-40.912,-5.314],[-40.919,-5.338],[-40.931,-5.346],[-40.934,-5.351],[-40.936,-5.366],[-40.917,-5.389],[-40.911,-5.407],[-40.921,-5.417],[-40.938,-5.416],[-40.944,-5.424],[-40.937,-5.439],[-40.923,-5.448],[-40.916,-5.468],[-40.929,-5.483],[-40.929,-5.493],[-40.933,-5.499],[-40.929,-5.507],[-40.929,-5.518],[-40.937,-5.526],[-40.932,-5.539],[-40.932,-5.549],[-40.916,-5.564],[-40.914,-5.57],[-40.912,-5.595],[-40.902,-5.608],[-40.901,-5.616],[-40.903,-5.633],[-40.908,-5.642],[-40.91,-5.654],[-40.915,-5.66],[-40.929,-5.663],[-40.939,-5.673],[-40.93,-5.686],[-40.928,-5.704],[-40.914,-5.725],[-40.918,-5.743],[-40.916,-5.751],[-40.911,-5.757],[-40.91,-5.766],[-40.91,-5.782],[-40.906,-5.801],[-40.909,-5.826],[-40.906,-5.849],[-40.895,-5.876],[-40.894,-5.886],[-40.898,-5.901],[-40.889,-5.913],[-40.88,-5.918],[-40.88,-5.936],[-40.876,-5.948],[-40.874,-5.973],[-40.878,-5.982],[-40.887,-5.989],[-40.89,-6.004],[-40.904,-6.021],[-40.908,-6.036],[-40.906,-6.046],[-40.902,-6.049],[-40.886,-6.047],[-40.873,-6.057],[-40.865,-6.088],[-40.858,-6.105],[-40.849,-6.123],[-40.846,-6.138],[-40.853,-6.16],[-40.853,-6.179],[-40.847,-6.203],[-40.852,-6.224],[-40.827,-6.253],[-40.82,-6.264],[-40.81,-6.287],[-40.787,-6.305],[-40.783,-6.313],[-40.779,-6.341],[-40.781,-6.352],[-40.792,-6.375],[-40.799,-6.38],[-40.805,-6.393],[-40.796,-6.428],[-40.796,-6.445],[-40.794,-6.46],[-40.797,-6.471],[-40.79,-6.501],[-40.792,-6.513],[-40.788,-6.524],[-40.778,-6.534],[-40.754,-6.555],[-40.746,-6.566],[-40.74,-6.577],[-40.736,-6.6],[-40.732,-6.609],[-40.722,-6.618],[-40.732,-6.654],[-40.731,-6.657],[-40.718,-6.671],[-40.71,-6.676],[-40.665,-6.679],[-40.651,-6.678],[-40.645,-6.683],[-40.632,-6.699],[-40.619,-6.709],[-40.602,-6.716],[-40.559,-6.721],[-40.534,-6.726],[-40.517,-6.731],[-40.477,-6.733],[-40.472,-6.745],[-40.462,-6.752],[-40.458,-6.758],[-40.452,-6.784],[-40.443,-6.79],[-40.439,-6.807],[-40.432,-6.813],[-40.417,-6.812],[-40.404,-6.803],[-40.389,-6.797],[-40.37,-6.803],[-40.371,-6.808],[-40.383,-6.821],[-40.387,-6.83],[-40.402,-6.84],[-40.408,-6.851],[-40.416,-6.859],[-40.428,-6.864],[-40.43,-6.868],[-40.429,-6.885],[-40.433,-6.893],[-40.433,-6.909],[-40.428,-6.916],[-40.425,-6.935],[-40.429,-6.949],[-40.427,-6.966],[-40.43,-6.976],[-40.429,-6.996],[-40.411,-6.999],[-40.407,-7.004],[-40.429,-7.018],[-40.428,-7.034],[-40.443,-7.048],[-40.444,-7.056],[-40.459,-7.079],[-40.469,-7.088],[-40.47,-7.094],[-40.485,-7.111],[-40.49,-7.119],[-40.484,-7.133],[-40.496,-7.17],[-40.495,-7.182],[-40.501,-7.189],[-40.506,-7.211],[-40.514,-7.24],[-40.516,-7.264],[-40.512,-7.285],[-40.512,-7.299],[-40.514,-7.308],[-40.524,-7.319],[-40.51,-7.323],[-40.483,-7.339],[-40.476,-7.345],[-40.449,-7.361],[-40.434,-7.367],[-40.411,-7.369],[-40.394,-7.368],[-40.373,-7.362],[-40.361,-7.356],[-40.354,-7.344],[-40.351,-7.334],[-40.345,-7.329],[-40.329,-7.319],[-40.321,-7.306],[-40.311,-7.301],[-40.284,-7.299],[-40.263,-7.301],[-40.256,-7.306],[-40.248,-7.314],[-40.242,-7.318],[-40.229,-7.333],[-40.221,-7.341],[-40.196,-7.358],[-40.157,-7.372],[-40.138,-7.379],[-40.128,-7.382],[-40.087,-7.383],[-40.045,-7.381],[-40.001,-7.375],[-39.994,-7.371],[-39.953,-7.354],[-39.926,-7.341],[-39.91,-7.337],[-39.905,-7.338],[-39.89,-7.34],[-39.858,-7.325],[-39.848,-7.325],[-39.829,-7.332],[-39.815,-7.329],[-39.789,-7.332],[-39.776,-7.328],[-39.76,-7.326],[-39.741,-7.327],[-39.706,-7.338],[-39.671,-7.359],[-39.653,-7.372],[-39.646,-7.381],[-39.634,-7.407],[-39.629,-7.426],[-39.627,-7.427],[-39.605,-7.424],[-39.599,-7.429],[-39.588,-7.432],[-39.577,-7.428],[-39.572,-7.43],[-39.562,-7.46],[-39.553,-7.481],[-39.546,-7.484],[-39.536,-7.482],[-39.512,-7.467],[-39.502,-7.464],[-39.492,-7.471],[-39.475,-7.473],[-39.468,-7.47],[-39.461,-7.471],[-39.457,-7.48],[-39.456,-7.502],[-39.47,-7.521],[-39.485,-7.533],[-39.484,-7.541],[-39.477,-7.553],[-39.474,-7.573],[-39.46,-7.576],[-39.448,-7.572],[-39.435,-7.574],[-39.423,-7.587],[-39.421,-7.603],[-39.392,-7.608],[-39.384,-7.609],[-39.373,-7.614],[-39.37,-7.619],[-39.368,-7.624],[-39.35,-7.631],[-39.342,-7.637],[-39.338,-7.645],[-39.321,-7.654],[-39.311,-7.655],[-39.307,-7.665],[-39.298,-7.663],[-39.289,-7.665],[-39.27,-7.66],[-39.266,-7.665],[-39.265,-7.67],[-39.253,-7.677],[-39.25,-7.684],[-39.253,-7.705],[-39.243,-7.705],[-39.238,-7.699],[-39.223,-7.697],[-39.208,-7.689],[-39.201,-7.696],[-39.192,-7.697],[-39.171,-7.715],[-39.147,-7.718],[-39.133,-7.727],[-39.127,-7.739],[-39.118,-7.749],[-39.106,-7.76],[-39.103,-7.771],[-39.102,-7.785],[-39.091,-7.81],[-39.093,-7.823],[-39.088,-7.833],[-39.09,-7.84],[-39.096,-7.85],[-39.093,-7.858],[-39.068,-7.842],[-39.063,-7.837],[-39.058,-7.823],[-39.054,-7.819],[-39.025,-7.823],[-39.018,-7.813],[-39.014,-7.813],[-39.008,-7.824],[-39.005,-7.835],[-39.001,-7.84],[-38.995,-7.84],[-38.982,-7.846],[-38.975,-7.843],[-38.966,-7.846],[-38.962,-7.844],[-38.959,-7.84],[-38.965,-7.83],[-38.953,-7.819],[-38.953,-7.811],[-38.945,-7.804],[-38.94,-7.792],[-38.946,-7.781],[-38.941,-7.771],[-38.94,-7.759],[-38.928,-7.754],[-38.915,-7.754],[-38.916,-7.745],[-38.899,-7.746],[-38.895,-7.75],[-38.881,-7.747],[-38.88,-7.723],[-38.87,-7.712],[-38.854,-7.715],[-38.846,-7.72],[-38.828,-7.72],[-38.822,-7.715],[-38.815,-7.697],[-38.816,-7.687],[-38.824,-7.678],[-38.82,-7.665],[-38.812,-7.669],[-38.792,-7.668],[-38.789,-7.67],[-38.782,-7.662],[-38.761,-7.656],[-38.755,-7.66],[-38.743,-7.66],[-38.742,-7.648],[-38.732,-7.634],[-38.724,-7.627],[-38.718,-7.627],[-38.715,-7.622],[-38.716,-7.612],[-38.71,-7.597],[-38.711,-7.588],[-38.704,-7.581],[-38.689,-7.582],[-38.683,-7.579],[-38.677,-7.571],[-38.661,-7.568],[-38.659,-7.561],[-38.653,-7.553],[-38.656,-7.548],[-38.653,-7.541],[-38.651,-7.528],[-38.655,-7.523],[-38.646,-7.514],[-38.646,-7.502],[-38.638,-7.492],[-38.631,-7.487],[-38.636,-7.474],[-38.645,-7.46],[-38.638,-7.458],[-38.622,-7.461],[-38.617,-7.457],[-38.603,-7.458],[-38.606,-7.445],[-38.596,-7.439],[-38.595,-7.434],[-38.585,-7.435],[-38.583,-7.42],[-38.587,-7.415],[-38.596,-7.416],[-38.59,-7.401],[-38.584,-7.398],[-38.578,-7.386],[-38.579,-7.381],[-38.558,-7.354],[-38.549,-7.335],[-38.551,-7.322],[-38.55,-7.314],[-38.54,-7.306],[-38.535,-7.29],[-38.542,-7.281],[-38.543,-7.266],[-38.552,-7.264],[-38.554,-7.252],[-38.552,-7.244],[-38.559,-7.239],[-38.583,-7.248],[-38.593,-7.248],[-38.615,-7.23],[-38.62,-7.22],[-38.623,-7.204],[-38.62,-7.197],[-38.625,-7.191],[-38.637,-7.194],[-38.644,-7.184],[-38.659,-7.183],[-38.682,-7.187],[-38.683,-7.176],[-38.677,-7.169],[-38.685,-7.161],[-38.675,-7.156],[-38.675,-7.144],[-38.678,-7.133],[-38.67,-7.123],[-38.668,-7.115],[-38.659,-7.103],[-38.656,-7.092],[-38.66,-7.085],[-38.667,-7.082],[-38.673,-7.069],[-38.677,-7.067],[-38.671,-7.056],[-38.67,-7.048],[-38.674,-7.046],[-38.69,-7.04],[-38.691,-7.029],[-38.711,-7.019],[-38.731,-7.012],[-38.752,-6.997],[-38.758,-6.999],[-38.765,-6.994],[-38.751,-6.988],[-38.749,-6.981],[-38.742,-6.974],[-38.748,-6.967],[-38.75,-6.958],[-38.756,-6.958],[-38.764,-6.952],[-38.764,-6.945],[-38.756,-6.94],[-38.758,-6.931],[-38.759,-6.917],[-38.765,-6.911],[-38.756,-6.904],[-38.73,-6.897],[-38.732,-6.889],[-38.714,-6.886],[-38.716,-6.879],[-38.71,-6.875],[-38.7,-6.877],[-38.691,-6.871],[-38.687,-6.866],[-38.675,-6.862],[-38.677,-6.854],[-38.672,-6.847],[-38.673,-6.836],[-38.668,-6.828],[-38.652,-6.812],[-38.636,-6.801],[-38.639,-6.793],[-38.627,-6.791],[-38.617,-6.793],[-38.614,-6.782],[-38.629,-6.778],[-38.64,-6.764],[-38.647,-6.763],[-38.652,-6.757],[-38.65,-6.752],[-38.656,-6.746],[-38.658,-6.737],[-38.656,-6.73],[-38.665,-6.724],[-38.672,-6.706],[-38.673,-6.697],[-38.665,-6.684],[-38.662,-6.675],[-38.652,-6.673],[-38.646,-6.662],[-38.647,-6.654],[-38.657,-6.642],[-38.655,-6.63],[-38.649,-6.628],[-38.647,-6.616],[-38.639,-6.613],[-38.629,-6.605],[-38.633,-6.59],[-38.643,-6.582],[-38.633,-6.569],[-38.633,-6.562],[-38.627,-6.553],[-38.612,-6.538],[-38.607,-6.529],[-38.611,-6.532],[-38.616,-6.528],[-38.612,-6.513],[-38.595,-6.5],[-38.57,-6.47],[-38.571,-6.458],[-38.567,-6.452],[-38.556,-6.448],[-38.554,-6.433],[-38.538,-6.421],[-38.525,-6.407],[-38.525,-6.396],[-38.545,-6.402],[-38.551,-6.398],[-38.564,-6.4],[-38.572,-6.404],[-38.581,-6.402],[-38.587,-6.394],[-38.594,-6.397],[-38.602,-6.392],[-38.595,-6.387],[-38.593,-6.378],[-38.583,-6.374],[-38.573,-6.375],[-38.577,-6.364],[-38.567,-6.362],[-38.562,-6.356],[-38.563,-6.353],[-38.577,-6.347],[-38.581,-6.331],[-38.582,-6.319],[-38.575,-6.309],[-38.567,-6.304],[-38.57,-6.293],[-38.572,-6.284],[-38.579,-6.279],[-38.565,-6.269],[-38.554,-6.263],[-38.546,-6.245],[-38.538,-6.247],[-38.528,-6.239],[-38.52,-6.223],[-38.529,-6.214],[-38.527,-6.193],[-38.519,-6.191],[-38.501,-6.191],[-38.501,-6.18],[-38.494,-6.175],[-38.487,-6.165],[-38.475,-6.157],[-38.473,-6.136],[-38.466,-6.121],[-38.462,-6.112],[-38.452,-6.107],[-38.441,-6.097],[-38.447,-6.085],[-38.433,-6.078],[-38.427,-6.069],[-38.413,-6.058],[-38.405,-6.057],[-38.382,-6.053],[-38.386,-6.062],[-38.378,-6.067],[-38.377,-6.079],[-38.368,-6.088],[-38.34,-6.078],[-38.32,-6.077],[-38.306,-6.087],[-38.291,-6.073],[-38.281,-6.071],[-38.275,-6.066],[-38.268,-6.057],[-38.253,-6.043],[-38.251,-6.033],[-38.252,-6.01],[-38.245,-6.0],[-38.215,-5.974],[-38.202,-5.962],[-38.192,-5.96],[-38.184,-5.95],[-38.178,-5.954],[-38.165,-5.947],[-38.163,-5.939],[-38.165,-5.932],[-38.159,-5.925],[-38.145,-5.914],[-38.143,-5.902],[-38.128,-5.892],[-38.123,-5.882],[-38.12,-5.858],[-38.116,-5.848],[-38.119,-5.833],[-38.114,-5.822],[-38.1,-5.804],[-38.088,-5.793],[-38.074,-5.778],[-38.059,-5.755],[-38.057,-5.748],[-38.05,-5.74],[-38.047,-5.733],[-38.057,-5.73],[-38.062,-5.725],[-38.075,-5.723],[-38.087,-5.731],[-38.09,-5.715],[-38.083,-5.698],[-38.084,-5.684],[-38.083,-5.672],[-38.076,-5.663],[-38.064,-5.656],[-38.053,-5.646],[-38.037,-5.639],[-38.028,-5.623],[-38.014,-5.594],[-37.998,-5.585],[-37.998,-5.568],[-37.99,-5.556],[-37.976,-5.551],[-37.96,-5.54],[-37.951,-5.537],[-37.942,-5.524],[-37.935,-5.505],[-37.931,-5.502],[-37.92,-5.505],[-37.902,-5.501],[-37.898,-5.486],[-37.892,-5.481],[-37.889,-5.452],[-37.886,-5.444],[-37.877,-5.427],[-37.861,-5.407],[-37.859,-5.396],[-37.864,-5.374],[-37.859,-5.367],[-37.858,-5.357],[-37.847,-5.34],[-37.836,-5.335],[-37.823,-5.323],[-37.813,-5.317],[-37.804,-5.313],[-37.787,-5.297],[-37.783,-5.287],[-37.789,-5.278],[-37.792,-5.269],[-37.791,-5.255],[-37.786,-5.245],[-37.785,-5.24],[-37.783,-5.232],[-37.788,-5.219],[-37.79,-5.211],[-37.787,-5.204],[-37.776,-5.187],[-37.765,-5.14],[-37.748,-5.118],[-37.74,-5.11],[-37.733,-5.101],[-37.732,-5.085],[-37.725,-5.071],[-37.711,-5.061],[-37.679,-5.055],[-37.677,-5.052],[-37.66,-4.998],[-37.64,-4.926],[-37.559,-4.908],[-37.467,-4.886],[-37.446,-4.881],[-37.357,-4.858],[-37.253,-4.831],[-37.259,-4.819],[-37.271,-4.786],[-37.282,-4.752],[-37.295,-4.73],[-37.326,-4.7],[-37.345,-4.69],[-37.353,-4.691],[-37.371,-4.682],[-37.408,-4.675],[-37.431,-4.664],[-37.444,-4.66],[-37.462,-4.652],[-37.468,-4.652],[-37.479,-4.646],[-37.495,-4.629],[-37.499,-4.627],[-37.51,-4.63],[-37.523,-4.642],[-37.54,-4.645],[-37.554,-4.643],[-37.566,-4.638],[-37.582,-4.629],[-37.59,-4.627],[-37.603,-4.617],[-37.636,-4.59],[-37.652,-4.573],[-37.671,-4.553],[-37.688,-4.533],[-37.713,-4.515],[-37.724,-4.502],[-37.732,-4.489],[-37.745,-4.463],[-37.754,-4.437],[-37.762,-4.428],[-37.77,-4.426],[-37.767,-4.418],[-37.77,-4.401],[-37.784,-4.401],[-37.797,-4.395],[-37.801,-4.4],[-37.817,-4.395],[-37.838,-4.381],[-37.845,-4.382],[-37.854,-4.38],[-37.875,-4.364],[-37.907,-4.34],[-37.936,-4.311],[-37.96,-4.292],[-37.988,-4.261],[-38.011,-4.25],[-38.033,-4.225],[-38.044,-4.219],[-38.06,-4.2],[-38.072,-4.191],[-38.079,-4.182],[-38.107,-4.156],[-38.115,-4.149],[-38.13,-4.13],[-38.148,-4.102],[-38.192,-4.041],[-38.201,-4.036],[-38.207,-4.029],[-38.223,-4.007],[-38.273,-3.945],[-38.286,-3.943],[-38.303,-3.936],[-38.319,-3.926],[-38.335,-3.912],[-38.36,-3.885],[-38.376,-3.864],[-38.402,-3.824],[-38.402,-3.822],[-38.421,-3.794],[-38.44,-3.762],[-38.461,-3.721],[-38.464,-3.713],[-38.473,-3.706],[-38.476,-3.719],[-38.496,-3.725],[-38.512,-3.719],[-38.523,-3.718],[-38.529,-3.72],[-38.54,-3.716],[-38.563,-3.703],[-38.575,-3.698],[-38.581,-3.693],[-38.588,-3.696],[-38.611,-3.689],[-38.618,-3.69],[-38.635,-3.686],[-38.644,-3.686],[-38.652,-3.682],[-38.677,-3.665],[-38.696,-3.644],[-38.708,-3.634],[-38.724,-3.626],[-38.748,-3.617],[-38.77,-3.598],[-38.778,-3.586],[-38.798,-3.563],[-38.807,-3.549],[-38.812,-3.542],[-38.82,-3.546],[-38.838,-3.546],[-38.852,-3.541],[-38.892,-3.506],[-38.907,-3.505],[-38.918,-3.494],[-38.932,-3.465],[-38.937,-3.454],[-38.955,-3.435],[-38.974,-3.411],[-38.992,-3.399],[-39.007,-3.397],[-39.015,-3.403],[-39.029,-3.405],[-39.035,-3.411],[-39.049,-3.413],[-39.065,-3.407],[-39.074,-3.401],[-39.091,-3.385],[-39.103,-3.366],[-39.113,-3.347],[-39.128,-3.344],[-39.139,-3.346],[-39.156,-3.335],[-39.165,-3.326],[-39.178,-3.309],[-39.191,-3.285],[-39.196,-3.281],[-39.221,-3.247],[-39.228,-3.241],[-39.242,-3.232],[-39.257,-3.22],[-39.267,-3.218],[-39.277,-3.22],[-39.293,-3.215],[-39.305,-3.207],[-39.31,-3.207],[-39.322,-3.201],[-39.335,-3.19],[-39.341,-3.18],[-39.353,-3.174],[-39.365,-3.173],[-39.379,-3.183],[-39.397,-3.177],[-39.413,-3.16],[-39.427,-3.155],[-39.436,-3.148],[-39.463,-3.144],[-39.475,-3.135],[-39.487,-3.119],[-39.523,-3.102],[-39.533,-3.091],[-39.551,-3.079],[-39.568,-3.076],[-39.574,-3.071],[-39.581,-3.073],[-39.592,-3.069],[-39.6,-3.062],[-39.609,-3.047],[-39.62,-3.026],[-39.637,-3.019],[-39.65,-3.025],[-39.661,-3.021],[-39.677,-3.001],[-39.687,-2.997],[-39.702,-3.001],[-39.721,-2.997],[-39.733,-2.99],[-39.758,-2.969],[-39.776,-2.956],[-39.786,-2.951],[-39.795,-2.952],[-39.8,-2.945],[-39.806,-2.943],[-39.83,-2.927],[-39.85,-2.908],[-39.862,-2.9],[-39.883,-2.892],[-39.889,-2.884],[-39.896,-2.879],[-39.919,-2.868],[-39.922,-2.872],[-39.942,-2.866],[-39.966,-2.851],[-39.98,-2.845],[-39.985,-2.847],[-40.009,-2.843],[-40.027,-2.839],[-40.039,-2.842],[-40.046,-2.838],[-40.06,-2.834],[-40.073,-2.837],[-40.1,-2.827],[-40.116,-2.826],[-40.126,-2.824],[-40.136,-2.829],[-40.14,-2.839],[-40.144,-2.84],[-40.158,-2.835],[-40.165,-2.828],[-40.188,-2.812],[-40.227,-2.811],[-40.237,-2.815],[-40.267,-2.81],[-40.326,-2.806],[-40.344,-2.807],[-40.372,-2.812]]]},"properties":{"uf":"CE","code":23}},{"type":"Feature","geometry":{"type":"Polygon","coordinates":[[[-36.504,-6.386],[-36.5,-6.37],[-36.5,-6.358],[-36.487,-6.36],[-36.433,-6.363],[-36.428,-6.36],[-36.415,-6.333],[-36.395,-6.294],[-36.363,-6.31],[-36.358,-6.31],[-36.344,-6.303],[-36.314,-6.283],[-36.303,-6.283],[-36.295,-6.292],[-36.28,-6.309],[-36.279,-6.318],[-36.277,-6.34],[-36.282,-6.355],[-36.296,-6.37],[-36.299,-6.382],[-36.292,-6.396],[-36.277,-6.398],[-36.259,-6.405],[-36.251,-6.404],[-36.25,-6.437],[-36.227,-6.434],[-36.175,-6.431],[-36.144,-6.425],[-36.132,-6.428],[-36.129,-6.425],[-36.11,-6.429],[-36.103,-6.421],[-36.096,-6.42],[-36.096,-6.42],[-36.085,-6.415],[-36.077,-6.406],[-36.068,-6.415],[-36.061,-6.411],[-36.056,-6.426],[-36.051,-6.432],[-36.037,-6.444],[-36.017,-6.452],[-36.008,-6.465],[-36.013,-6.471],[-36.005,-6.481],[-35.992,-6.485],[-35.975,-6.489],[-35.965,-6.484],[-35.958,-6.489],[-35.944,-6.493],[-35.87,-6.489],[-35.78,-6.483],[-35.773,-6.483],[-35.741,-6.476],[-35.726,-6.47],[-35.719,-6.473],[-35.707,-6.47],[-35.686,-6.453],[-35.682,-6.448],[-35.674,-6.452],[-35.664,-6.447],[-35.637,-6.454],[-35.629,-6.455],[-35.617,-6.463],[-35.604,-6.459],[-35.592,-6.472],[-35.592,-6.477],[-35.581,-6.484],[-35.565,-6.492],[-35.551,-6.49],[-35.548,-6.482],[-35.512,-6.477],[-35.501,-6.478],[-35.496,-6.483],[-35.489,-6.481],[-35.483,-6.486],[-35.464,-6.483],[-35.456,-6.479],[-35.452,-6.485],[-35.442,-6.487],[-35.435,-6.489],[-35.417,-6.488],[-35.408,-6.49],[-35.395,-6.494],[-35.364,-6.512],[-35.341,-6.539],[-35.331,-6.544],[-35.275,-6.544],[-35.253,-6.534],[-35.236,-6.533],[-35.23,-6.53],[-35.224,-6.522],[-35.218,-6.519],[-35.21,-6.533],[-35.207,-6.544],[-35.194,-6.55],[-35.169,-6.558],[-35.157,-6.552],[-35.146,-6.553],[-35.133,-6.536],[-35.123,-6.53],[-35.112,-6.505],[-35.104,-6.506],[-35.096,-6.498],[-35.089,-6.505],[-35.075,-6.514],[-35.067,-6.525],[-35.058,-6.528],[-35.037,-6.517],[-35.029,-6.505],[-35.011,-6.506],[-35.001,-6.502],[-34.992,-6.502],[-34.978,-6.487],[-34.968,-6.487],[-34.969,-6.471],[-34.972,-6.466],[-34.974,-6.452],[-34.973,-6.44],[-34.975,-6.42],[-34.979,-6.411],[-34.98,-6.404],[-34.989,-6.382],[-34.992,-6.371],[-35.003,-6.366],[-35.012,-6.37],[-35.02,-6.366],[-35.027,-6.351],[-35.032,-6.325],[-35.032,-6.311],[-35.033,-6.286],[-35.033,-6.274],[-35.038,-6.267],[-35.036,-6.235],[-35.042,-6.227],[-35.062,-6.226],[-35.072,-6.221],[-35.078,-6.211],[-35.083,-6.189],[-35.094,-6.183],[-35.098,-6.158],[-35.098,-6.14],[-35.098,-6.118],[-35.1,-6.111],[-35.099,-6.082],[-35.1,-6.074],[-35.096,-6.057],[-35.106,-6.054],[-35.11,-6.043],[-35.109,-6.022],[-35.106,-6.012],[-35.113,-5.995],[-35.114,-5.987],[-35.121,-5.982],[-35.129,-5.967],[-35.143,-5.965],[-35.149,-5.958],[-35.153,-5.947],[-35.157,-5.916],[-35.154,-5.898],[-35.154,-5.883],[-35.171,-5.88],[-35.179,-5.864],[-35.181,-5.837],[-35.181,-5.814],[-35.179,-5.799],[-35.192,-5.782],[-35.194,-5.755],[-35.203,-5.75],[-35.204,-5.743],[-35.2,-5.721],[-35.192,-5.701],[-35.196,-5.693],[-35.205,-5.693],[-35.212,-5.684],[-35.218,-5.671],[-35.216,-5.659],[-35.218,-5.645],[-35.217,-5.631],[-35.225,-5.622],[-35.227,-5.612],[-35.225,-5.591],[-35.228,-5.575],[-35.236,-5.572],[-35.238,-5.564],[-35.245,-5.556],[-35.249,-5.539],[-35.248,-5.529],[-35.251,-5.517],[-35.256,-5.517],[-35.26,-5.506],[-35.261,-5.481],[-35.273,-5.479],[-35.282,-5.464],[-35.288,-5.461],[-35.293,-5.433],[-35.303,-5.417],[-35.31,-5.409],[-35.31,-5.392],[-35.322,-5.377],[-35.326,-5.381],[-35.338,-5.378],[-35.345,-5.372],[-35.355,-5.355],[-35.359,-5.34],[-35.362,-5.32],[-35.367,-5.303],[-35.367,-5.293],[-35.371,-5.285],[-35.382,-5.27],[-35.39,-5.253],[-35.401,-5.243],[-35.417,-5.221],[-35.436,-5.212],[-35.459,-5.197],[-35.468,-5.179],[-35.48,-5.164],[-35.489,-5.157],[-35.518,-5.151],[-35.528,-5.145],[-35.548,-5.139],[-35.572,-5.134],[-35.605,-5.121],[-35.617,-5.114],[-35.623,-5.119],[-35.639,-5.12],[-35.675,-5.11],[-35.697,-5.101],[-35.71,-5.103],[-35.718,-5.097],[-35.73,-5.096],[-35.749,-5.09],[-35.759,-5.089],[-35.768,-5.083],[-35.787,-5.075],[-35.791,-5.077],[-35.802,-5.073],[-35.833,-5.075],[-35.86,-5.068],[-35.873,-5.069],[-35.886,-5.067],[-35.908,-5.059],[-35.936,-5.051],[-35.948,-5.044],[-35.965,-5.044],[-35.981,-5.042],[-35.984,-5.046],[-36.004,-5.045],[-36.014,-5.049],[-36.038,-5.051],[-36.042,-5.057],[-36.055,-5.063],[-36.08,-5.066],[-36.099,-5.077],[-36.11,-5.085],[-36.129,-5.092],[-36.16,-5.096],[-36.2,-5.095],[-36.222,-5.096],[-36.238,-5.095],[-36.242,-5.096],[-36.261,-5.093],[-36.276,-5.088],[-36.29,-5.088],[-36.294,-5.093],[-36.308,-5.102],[-36.332,-5.087],[-36.341,-5.085],[-36.359,-5.086],[-36.372,-5.089],[-36.388,-5.087],[-36.407,-5.081],[-36.449,-5.066],[-36.474,-5.069],[-36.495,-5.063],[-36.508,-5.062],[-36.516,-5.068],[-36.525,-5.067],[-36.534,-5.071],[-36.541,-5.077],[-36.542,-5.088],[-36.583,-5.085],[-36.596,-5.081],[-36.611,-5.079],[-36.609,-5.088],[-36.613,-5.094],[-36.648,-5.088],[-36.669,-5.088],[-36.68,-5.084],[-36.689,-5.088],[-36.716,-5.081],[-36.729,-5.077],[-36.734,-5.067],[-36.752,-5.059],[-36.769,-5.049],[-36.789,-5.044],[-36.812,-5.026],[-36.83,-5.007],[-36.856,-4.972],[-36.867,-4.958],[-36.879,-4.951],[-36.901,-4.952],[-36.919,-4.947],[-36.934,-4.938],[-36.96,-4.919],[-36.979,-4.932],[-37.003,-4.929],[-37.008,-4.936],[-37.037,-4.95],[-37.054,-4.947],[-37.081,-4.93],[-37.104,-4.922],[-37.115,-4.926],[-37.127,-4.936],[-37.142,-4.936],[-37.145,-4.942],[-37.139,-4.948],[-37.15,-4.949],[-37.158,-4.945],[-37.164,-4.935],[-37.18,-4.917],[-37.195,-4.908],[-37.21,-4.895],[-37.221,-4.881],[-37.232,-4.865],[-37.253,-4.831],[-37.357,-4.858],[-37.446,-4.881],[-37.467,-4.886],[-37.559,-4.908],[-37.64,-4.926],[-37.66,-4.998],[-37.677,-5.052],[-37.679,-5.055],[-37.711,-5.061],[-37.725,-5.071],[-37.732,-5.085],[-37.733,-5.101],[-37.74,-5.11],[-37.748,-5.118],[-37.765,-5.14],[-37.776,-5.187],[-37.787,-5.204],[-37.79,-5.211],[-37.788,-5.219],[-37.783,-5.232],[-37.785,-5.24],[-37.786,-5.245],[-37.791,-5.255],[-37.792,-5.269],[-37.789,-5.278],[-37.783,-5.287],[-37.787,-5.297],[-37.804,-5.313],[-37.813,-5.317],[-37.823,-5.323],[-37.836,-5.335],[-37.847,-5.34],[-37.858,-5.357],[-37.859,-5.367],[-37.864,-5.374],[-37.859,-5.396],[-37.861,-5.407],[-37.877,-5.427],[-37.886,-5.444],[-37.889,-5.452],[-37.892,-5.481],[-37.898,-5.486],[-37.902,-5.501],[-37.92,-5.505],[-37.931,-5.502],[-37.935,-5.505],[-37.942,-5.524],[-37.951,-5.537],[-37.96,-5.54],[-37.976,-5.551],[-37.99,-5.556],[-37.998,-5.568],[-37.998,-5.585],[-38.014,-5.594],[-38.028,-5.623],[-38.037,-5.639],[-38.053,-5.646],[-38.064,-5.656],[-38.076,-5.663],[-38.083,-5.672],[-38.084,-5.684],[-38.083,-5.698],[-38.09,-5.715],[-38.087,-5.731],[-38.075,-5.723],[-38.062,-5.725],[-38.057,-5.73],[-38.047,-5.733],[-38.05,-5.74],[-38.057,-5.748],[-38.059,-5.755],[-38.074,-5.778],[-38.088,-5.793],[-38.1,-5.804],[-38.114,-5.822],[-38.119,-5.833],[-38.116,-5.848],[-38.12,-5.858],[-38.123,-5.882],[-38.128,-5.892],[-38.143,-5.902],[-38.145,-5.914],[-38.159,-5.925],[-38.165,-5.932],[-38.163,-5.939],[-38.165,-5.947],[-38.178,-5.954],[-38.184,-5.95],[-38.192,-5.96],[-38.202,-5.962],[-38.215,-5.974],[-38.245,-6.0],[-38.252,-6.01],[-38.251,-6.033],[-38.253,-6.043],[-38.268,-6.057],[-38.275,-6.066],[-38.281,-6.071],[-38.291,-6.073],[-38.306,-6.087],[-38.32,-6.077],[-38.34,-6.078],[-38.368,-6.088],[-38.377,-6.079],[-38.378,-6.067],[-38.386,-6.062],[-38.382,-6.053],[-38.405,-6.057],[-38.413,-6.058],[-38.427,-6.069],[-38.433,-6.078],[-38.447,-6.085],[-38.441,-6.097],[-38.452,-6.107],[-38.462,-6.112],[-38.466,-6.121],[-38.473,-6.136],[-38.475,-6.157],[-38.487,-6.165],[-38.494,-6.175],[-38.501,-6.18],[-38.501,-6.191],[-38.519,-6.191],[-38.527,-6.193],[-38.529,-6.214],[-38.52,-6.223],[-38.528,-6.239],[-38.538,-6.247],[-38.546,-6.245],[-38.554,-6.263],[-38.565,-6.269],[-38.579,-6.279],[-38.572,-6.284],[-38.57,-6.293],[-38.567,-6.304],[-38.575,-6.309],[-38.582,-6.319],[-38.581,-6.331],[-38.577,-6.347],[-38.563,-6.353],[-38.562,-6.356],[-38.55,-6.351],[-38.545,-6.345],[-38.533,-6.342],[-38.515,-6.347],[-38.504,-6.356],[-38.494,-6.345],[-38.477,-6.334],[-38.458,-6.33],[-38.476,-6.346],[-38.489,-6.362],[-38.49,-6.368],[-38.484,-6.375],[-38.483,-6.389],[-38.486,-6.398],[-38.466,-6.396],[-38.451,-6.393],[-38.448,-6.403],[-38.438,-6.41],[-38.427,-6.414],[-38.402,-6.41],[-38.385,-6.422],[-38.378,-6.437],[-38.373,-6.456],[-38.364,-6.454],[-38.355,-6.457],[-38.344,-6.457],[-38.339,-6.46],[-38.328,-6.461],[-38.319,-6.473],[-38.314,-6.487],[-38.306,-6.49],[-38.297,-6.487],[-38.29,-6.497],[-38.289,-6.506],[-38.282,-6.5],[-38.27,-6.494],[-38.257,-6.483],[-38.247,-6.485],[-38.242,-6.481],[-38.229,-6.483],[-38.201,-6.488],[-38.192,-6.499],[-38.169,-6.5],[-38.16,-6.499],[-38.149,-6.492],[-38.145,-6.494],[-38.133,-6.52],[-38.12,-6.522],[-38.113,-6.521],[-38.097,-6.508],[-38.095,-6.494],[-38.081,-6.484],[-38.071,-6.464],[-38.054,-6.454],[-38.052,-6.443],[-38.043,-6.443],[-38.044,-6.452],[-38.037,-6.457],[-38.041,-6.47],[-38.037,-6.475],[-38.027,-6.475],[-38.022,-6.468],[-38.013,-6.468],[-38.02,-6.447],[-38.008,-6.432],[-37.997,-6.426],[-37.983,-6.428],[-37.971,-6.422],[-37.968,-6.416],[-37.968,-6.405],[-37.955,-6.398],[-37.955,-6.408],[-37.949,-6.418],[-37.942,-6.424],[-37.926,-6.421],[-37.919,-6.412],[-37.901,-6.4],[-37.89,-6.4],[-37.884,-6.392],[-37.889,-6.387],[-37.889,-6.37],[-37.883,-6.367],[-37.859,-6.374],[-37.854,-6.366],[-37.842,-6.363],[-37.844,-6.354],[-37.834,-6.342],[-37.843,-6.333],[-37.84,-6.327],[-37.829,-6.319],[-37.816,-6.316],[-37.815,-6.312],[-37.824,-6.306],[-37.812,-6.293],[-37.794,-6.289],[-37.765,-6.292],[-37.758,-6.287],[-37.771,-6.273],[-37.77,-6.265],[-37.762,-6.259],[-37.762,-6.253],[-37.777,-6.246],[-37.761,-6.24],[-37.765,-6.234],[-37.776,-6.231],[-37.764,-6.219],[-37.756,-6.217],[-37.752,-6.209],[-37.755,-6.202],[-37.742,-6.189],[-37.709,-6.177],[-37.7,-6.185],[-37.673,-6.191],[-37.647,-6.189],[-37.639,-6.18],[-37.616,-6.176],[-37.604,-6.175],[-37.582,-6.162],[-37.57,-6.155],[-37.561,-6.165],[-37.54,-6.166],[-37.536,-6.153],[-37.522,-6.152],[-37.503,-6.152],[-37.503,-6.144],[-37.489,-6.144],[-37.483,-6.152],[-37.459,-6.145],[-37.455,-6.133],[-37.454,-6.12],[-37.446,-6.112],[-37.426,-6.109],[-37.408,-6.113],[-37.394,-6.109],[-37.386,-6.095],[-37.386,-6.089],[-37.379,-6.085],[-37.372,-6.083],[-37.354,-6.087],[-37.336,-6.067],[-37.32,-6.06],[-37.309,-6.058],[-37.301,-6.05],[-37.296,-6.05],[-37.287,-6.058],[-37.273,-6.056],[-37.264,-6.046],[-37.263,-6.038],[-37.257,-6.029],[-37.251,-6.026],[-37.232,-6.028],[-37.223,-6.042],[-37.202,-6.039],[-37.194,-6.048],[-37.179,-6.05],[-37.174,-6.048],[-37.176,-6.055],[-37.171,-6.077],[-37.172,-6.101],[-37.167,-6.11],[-37.171,-6.12],[-37.175,-6.142],[-37.166,-6.154],[-37.157,-6.152],[-37.161,-6.157],[-37.166,-6.17],[-37.174,-6.18],[-37.188,-6.181],[-37.194,-6.184],[-37.194,-6.198],[-37.202,-6.206],[-37.234,-6.213],[-37.252,-6.226],[-37.271,-6.252],[-37.273,-6.263],[-37.273,-6.28],[-37.287,-6.282],[-37.304,-6.278],[-37.315,-6.278],[-37.322,-6.283],[-37.328,-6.303],[-37.334,-6.308],[-37.351,-6.314],[-37.363,-6.322],[-37.377,-6.344],[-37.377,-6.369],[-37.389,-6.38],[-37.389,-6.391],[-37.396,-6.401],[-37.396,-6.42],[-37.387,-6.426],[-37.381,-6.437],[-37.391,-6.453],[-37.394,-6.472],[-37.396,-6.51],[-37.4,-6.519],[-37.412,-6.529],[-37.421,-6.533],[-37.465,-6.533],[-37.474,-6.538],[-37.482,-6.548],[-37.482,-6.557],[-37.475,-6.564],[-37.479,-6.578],[-37.48,-6.605],[-37.476,-6.608],[-37.474,-6.618],[-37.477,-6.637],[-37.476,-6.645],[-37.466,-6.66],[-37.475,-6.673],[-37.471,-6.679],[-37.485,-6.71],[-37.407,-6.697],[-37.396,-6.7],[-37.343,-6.701],[-37.332,-6.698],[-37.314,-6.689],[-37.284,-6.694],[-37.29,-6.713],[-37.28,-6.724],[-37.264,-6.732],[-37.268,-6.744],[-37.269,-6.762],[-37.274,-6.767],[-37.258,-6.779],[-37.261,-6.787],[-37.255,-6.799],[-37.255,-6.811],[-37.235,-6.825],[-37.193,-6.826],[-37.183,-6.818],[-37.173,-6.815],[-37.166,-6.807],[-37.152,-6.798],[-37.144,-6.783],[-37.138,-6.781],[-37.128,-6.766],[-37.12,-6.767],[-37.075,-6.754],[-37.063,-6.751],[-37.041,-6.74],[-37.035,-6.734],[-37.004,-6.71],[-36.993,-6.707],[-36.986,-6.712],[-36.978,-6.722],[-36.972,-6.741],[-36.973,-6.758],[-36.969,-6.771],[-36.958,-6.776],[-36.959,-6.783],[-36.957,-6.79],[-36.937,-6.773],[-36.91,-6.757],[-36.874,-6.743],[-36.835,-6.731],[-36.831,-6.735],[-36.773,-6.787],[-36.77,-6.839],[-36.734,-6.835],[-36.73,-6.836],[-36.745,-6.88],[-36.757,-6.899],[-36.76,-6.915],[-36.762,-6.927],[-36.767,-6.936],[-36.755,-6.956],[-36.737,-6.973],[-36.719,-6.983],[-36.709,-6.975],[-36.695,-6.934],[-36.687,-6.926],[-36.673,-6.926],[-36.655,-6.928],[-36.637,-6.934],[-36.617,-6.934],[-36.611,-6.938],[-36.604,-6.931],[-36.597,-6.917],[-36.59,-6.909],[-36.568,-6.875],[-36.567,-6.867],[-36.574,-6.857],[-36.57,-6.848],[-36.56,-6.841],[-36.55,-6.844],[-36.544,-6.842],[-36.529,-6.825],[-36.51,-6.818],[-36.505,-6.809],[-36.501,-6.778],[-36.505,-6.754],[-36.521,-6.746],[-36.524,-6.738],[-36.533,-6.734],[-36.544,-6.731],[-36.549,-6.722],[-36.558,-6.713],[-36.559,-6.708],[-36.547,-6.695],[-36.542,-6.666],[-36.531,-6.635],[-36.523,-6.619],[-36.521,-6.611],[-36.525,-6.6],[-36.514,-6.594],[-36.502,-6.601],[-36.494,-6.604],[-36.485,-6.611],[-36.472,-6.617],[-36.466,-6.628],[-36.461,-6.634],[-36.449,-6.624],[-36.438,-6.629],[-36.436,-6.626],[-36.439,-6.613],[-36.441,-6.595],[-36.442,-6.565],[-36.444,-6.558],[-36.455,-6.552],[-36.471,-6.548],[-36.479,-6.54],[-36.481,-6.521],[-36.5,-6.513],[-36.517,-6.503],[-36.526,-6.501],[-36.528,-6.479],[-36.531,-6.452],[-36.529,-6.443],[-36.519,-6.418],[-36.511,-6.407],[-36.504,-6.386]]]},"properties":{"uf":"RN","code":24}},{"type":"Feature","geometry":{"type":"MultiPolygon","coordinates":[[[[-37.572,-7.489],[-37.557,-7.48],[-37.543,-7.478],[-37.533,-7.473],[-37.528,-7.465],[-37.527,-7.448],[-37.522,-7.439],[-37.514,-7.433],[-37.516,-7.428],[-37.506,-7.419],[-37.495,-7.399],[-37.487,-7.395],[-37.488,-7.389],[-37.498,-7.371],[-37.496,-7.365],[-37.466,-7.358],[-37.447,-7.361],[-37.432,-7.357],[-37.425,-7.353],[-37.416,-7.362],[-37.408,-7.358],[-37.395,-7.359],[-37.386,-7.357],[-37.372,-7.351],[-37.349,-7.335],[-37.357,-7.321],[-37.352,-7.317],[-37.335,-7.295],[-37.328,-7.288],[-37.314,-7.289],[-37.288,-7.288],[-37.282,-7.279],[-37.275,-7.274],[-37.261,-7.274],[-37.234,-7.274],[-37.223,-7.286],[-37.214,-7.291],[-37.197,-7.295],[-37.177,-7.31],[-37.169,-7.32],[-37.168,-7.332],[-37.157,-7.338],[-37.145,-7.335],[-37.135,-7.347],[-37.128,-7.344],[-37.122,-7.351],[-37.114,-7.351],[-37.102,-7.357],[-37.097,-7.354],[-37.086,-7.358],[-37.073,-7.368],[-37.067,-7.383],[-37.053,-7.38],[-37.05,-7.378],[-37.031,-7.386],[-37.026,-7.386],[-37.014,-7.404],[-37.024,-7.416],[-37.026,-7.423],[-37.018,-7.425],[-37.014,-7.43],[-37.024,-7.434],[-37.021,-7.44],[-37.013,-7.445],[-37.011,-7.454],[-37.003,-7.455],[-36.994,-7.465],[-36.995,-7.473],[-36.985,-7.476],[-36.984,-7.482],[-37.003,-7.496],[-37.011,-7.49],[-37.025,-7.497],[-37.026,-7.497],[-37.043,-7.504],[-37.054,-7.505],[-37.063,-7.514],[-37.07,-7.517],[-37.079,-7.517],[-37.095,-7.522],[-37.106,-7.531],[-37.118,-7.534],[-37.129,-7.543],[-37.137,-7.555],[-37.154,-7.566],[-37.164,-7.575],[-37.179,-7.597],[-37.183,-7.613],[-37.193,-7.624],[-37.198,-7.635],[-37.195,-7.652],[-37.188,-7.658],[-37.177,-7.673],[-37.174,-7.684],[-37.161,-7.698],[-37.154,-7.706],[-37.15,-7.717],[-37.151,-7.729],[-37.139,-7.745],[-37.144,-7.754],[-37.152,-7.762],[-37.157,-7.773],[-37.152,-7.78],[-37.158,-7.792],[-37.171,-7.8],[-37.183,-7.791],[-37.191,-7.791],[-37.198,-7.799],[-37.217,-7.807],[-37.223,-7.804],[-37.231,-7.807],[-37.23,-7.813],[-37.244,-7.819],[-37.24,-7.823],[-37.228,-7.822],[-37.223,-7.836],[-37.226,-7.845],[-37.238,-7.844],[-37.247,-7.847],[-37.25,-7.855],[-37.246,-7.859],[-37.244,-7.874],[-37.262,-7.884],[-37.277,-7.898],[-37.287,-7.904],[-37.304,-7.904],[-37.308,-7.908],[-37.311,-7.922],[-37.309,-7.934],[-37.33,-7.945],[-37.335,-7.943],[-37.35,-7.949],[-37.348,-7.954],[-37.352,-7.968],[-37.357,-7.975],[-37.341,-7.975],[-37.34,-7.98],[-37.312,-7.968],[-37.303,-7.97],[-37.292,-7.965],[-37.277,-7.972],[-37.264,-7.968],[-37.258,-7.97],[-37.247,-7.969],[-37.241,-7.973],[-37.22,-7.973],[-37.221,-7.963],[-37.217,-7.956],[-37.208,-7.952],[-37.193,-7.961],[-37.193,-7.983],[-37.188,-7.983],[-37.184,-7.991],[-37.175,-7.997],[-37.16,-7.997],[-37.152,-8.009],[-37.15,-8.024],[-37.148,-8.035],[-37.158,-8.051],[-37.157,-8.065],[-37.147,-8.079],[-37.144,-8.088],[-37.148,-8.1],[-37.147,-8.109],[-37.143,-8.118],[-37.144,-8.125],[-37.153,-8.127],[-37.159,-8.139],[-37.151,-8.15],[-37.163,-8.159],[-37.16,-8.17],[-37.141,-8.177],[-37.127,-8.174],[-37.118,-8.175],[-37.119,-8.184],[-37.126,-8.191],[-37.123,-8.209],[-37.11,-8.226],[-37.1,-8.234],[-37.09,-8.231],[-37.081,-8.222],[-37.066,-8.233],[-37.081,-8.241],[-37.082,-8.262],[-37.076,-8.268],[-37.058,-8.264],[-37.04,-8.266],[-37.028,-8.283],[-37.021,-8.29],[-37.004,-8.296],[-36.991,-8.303],[-36.978,-8.297],[-36.96,-8.3],[-36.955,-8.299],[-36.947,-8.291],[-36.947,-8.277],[-36.942,-8.274],[-36.923,-8.27],[-36.908,-8.253],[-36.896,-8.241],[-36.879,-8.236],[-36.862,-8.222],[-36.843,-8.217],[-36.824,-8.208],[-36.812,-8.205],[-36.806,-8.195],[-36.794,-8.19],[-36.788,-8.19],[-36.775,-8.191],[-36.762,-8.196],[-36.754,-8.191],[-36.75,-8.176],[-36.741,-8.172],[-36.724,-8.172],[-36.719,-8.162],[-36.726,-8.156],[-36.723,-8.151],[-36.704,-8.158],[-36.697,-8.155],[-36.687,-8.156],[-36.694,-8.141],[-36.665,-8.123],[-36.64,-8.12],[-36.629,-8.111],[-36.628,-8.103],[-36.637,-8.093],[-36.648,-8.091],[-36.65,-8.081],[-36.659,-8.08],[-36.654,-8.07],[-36.641,-8.062],[-36.629,-8.057],[-36.628,-8.052],[-36.629,-8.025],[-36.627,-8.003],[-36.628,-7.986],[-36.623,-7.982],[-36.623,-7.97],[-36.619,-7.962],[-36.614,-7.957],[-36.612,-7.949],[-36.587,-7.959],[-36.577,-7.96],[-36.574,-7.952],[-36.58,-7.947],[-36.573,-7.936],[-36.572,-7.931],[-36.578,-7.915],[-36.572,-7.904],[-36.552,-7.899],[-36.536,-7.902],[-36.532,-7.903],[-36.513,-7.915],[-36.499,-7.92],[-36.492,-7.915],[-36.487,-7.916],[-36.48,-7.925],[-36.47,-7.918],[-36.461,-7.915],[-36.446,-7.916],[-36.446,-7.908],[-36.437,-7.9],[-36.43,-7.887],[-36.433,-7.873],[-36.429,-7.867],[-36.431,-7.85],[-36.428,-7.833],[-36.43,-7.827],[-36.424,-7.816],[-36.407,-7.814],[-36.399,-7.81],[-36.393,-7.808],[-36.373,-7.813],[-36.363,-7.806],[-36.337,-7.809],[-36.321,-7.809],[-36.313,-7.806],[-36.302,-7.808],[-36.285,-7.818],[-36.271,-7.831],[-36.264,-7.832],[-36.253,-7.83],[-36.24,-7.818],[-36.242,-7.807],[-36.251,-7.805],[-36.254,-7.796],[-36.246,-7.785],[-36.227,-7.77],[-36.217,-7.764],[-36.206,-7.77],[-36.204,-7.783],[-36.198,-7.79],[-36.184,-7.784],[-36.162,-7.784],[-36.143,-7.782],[-36.127,-7.784],[-36.118,-7.786],[-36.104,-7.78],[-36.094,-7.779],[-36.069,-7.781],[-36.064,-7.785],[-36.056,-7.799],[-36.05,-7.801],[-36.042,-7.794],[-36.034,-7.797],[-36.022,-7.81],[-36.003,-7.813],[-35.998,-7.814],[-35.996,-7.804],[-35.991,-7.8],[-35.981,-7.803],[-35.974,-7.792],[-35.959,-7.787],[-35.943,-7.79],[-35.936,-7.785],[-35.928,-7.785],[-35.909,-7.793],[-35.898,-7.789],[-35.892,-7.78],[-35.884,-7.775],[-35.881,-7.766],[-35.882,-7.754],[-35.872,-7.75],[-35.862,-7.751],[-35.851,-7.747],[-35.825,-7.75],[-35.8,-7.742],[-35.79,-7.74],[-35.781,-7.738],[-35.768,-7.727],[-35.759,-7.722],[-35.747,-7.723],[-35.743,-7.714],[-35.736,-7.71],[-35.721,-7.71],[-35.714,-7.707],[-35.707,-7.696],[-35.695,-7.694],[-35.684,-7.708],[-35.68,-7.704],[-35.667,-7.697],[-35.657,-7.698],[-35.645,-7.692],[-35.632,-7.681],[-35.621,-7.669],[-35.62,-7.662],[-35.608,-7.653],[-35.597,-7.654],[-35.588,-7.65],[-35.572,-7.658],[-35.56,-7.661],[-35.548,-7.657],[-35.535,-7.655],[-35.527,-7.645],[-35.52,-7.64],[-35.53,-7.626],[-35.532,-7.622],[-35.526,-7.608],[-35.518,-7.604],[-35.521,-7.596],[-35.528,-7.59],[-35.536,-7.589],[-35.537,-7.581],[-35.527,-7.57],[-35.52,-7.55],[-35.521,-7.541],[-35.517,-7.531],[-35.512,-7.532],[-35.509,-7.518],[-35.502,-7.513],[-35.504,-7.508],[-35.495,-7.484],[-35.489,-7.478],[-35.476,-7.476],[-35.464,-7.462],[-35.454,-7.463],[-35.45,-7.453],[-35.438,-7.461],[-35.434,-7.471],[-35.425,-7.474],[-35.413,-7.471],[-35.41,-7.463],[-35.392,-7.456],[-35.386,-7.45],[-35.376,-7.449],[-35.368,-7.441],[-35.363,-7.443],[-35.353,-7.441],[-35.349,-7.435],[-35.353,-7.424],[-35.343,-7.422],[-35.334,-7.423],[-35.333,-7.415],[-35.331,-7.407],[-35.324,-7.411],[-35.314,-7.406],[-35.309,-7.409],[-35.296,-7.401],[-35.28,-7.388],[-35.264,-7.38],[-35.249,-7.375],[-35.217,-7.381],[-35.2,-7.388],[-35.191,-7.398],[-35.181,-7.396],[-35.172,-7.388],[-35.154,-7.393],[-35.135,-7.397],[-35.128,-7.402],[-35.108,-7.405],[-35.092,-7.401],[-35.071,-7.399],[-35.063,-7.407],[-35.048,-7.418],[-35.03,-7.426],[-35.015,-7.444],[-35.003,-7.454],[-34.985,-7.462],[-34.984,-7.469],[-34.988,-7.476],[-34.99,-7.489],[-34.985,-7.5],[-34.984,-7.508],[-34.979,-7.51],[-34.969,-7.521],[-34.961,-7.539],[-34.951,-7.538],[-34.94,-7.53],[-34.933,-7.529],[-34.923,-7.534],[-34.917,-7.542],[-34.901,-7.537],[-34.895,-7.545],[-34.887,-7.536],[-34.867,-7.548],[-34.858,-7.538],[-34.854,-7.54],[-34.839,-7.544],[-34.834,-7.549],[-34.826,-7.551],[-34.822,-7.534],[-34.81,-7.515],[-34.809,-7.51],[-34.814,-7.489],[-34.81,-7.479],[-34.804,-7.471],[-34.809,-7.463],[-34.811,-7.454],[-34.81,-7.434],[-34.803,-7.388],[-34.798,-7.364],[-34.8,-7.362],[-34.798,-7.343],[-34.794,-7.333],[-34.802,-7.318],[-34.799,-7.3],[-34.801,-7.296],[-34.799,-7.278],[-34.804,-7.268],[-34.806,-7.245],[-34.804,-7.218],[-34.8,-7.203],[-34.795,-7.194],[-34.796,-7.174],[-34.793,-7.155],[-34.797,-7.147],[-34.809,-7.146],[-34.816,-7.14],[-34.822,-7.13],[-34.821,-7.112],[-34.831,-7.101],[-34.833,-7.087],[-34.83,-7.073],[-34.84,-7.064],[-34.842,-7.056],[-34.838,-7.041],[-34.83,-7.031],[-34.829,-7.019],[-34.825,-7.006],[-34.828,-6.973],[-34.83,-6.966],[-34.843,-6.962],[-34.836,-6.978],[-34.834,-6.991],[-34.835,-7.005],[-34.838,-7.012],[-34.855,-7.029],[-34.859,-7.03],[-34.865,-7.03],[-34.871,-7.011],[-34.874,-6.987],[-34.869,-6.978],[-34.857,-6.972],[-34.856,-6.961],[-34.864,-6.943],[-34.866,-6.93],[-34.863,-6.92],[-34.854,-6.904],[-34.874,-6.895],[-34.888,-6.883],[-34.899,-6.866],[-34.907,-6.843],[-34.911,-6.826],[-34.914,-6.806],[-34.915,-6.787],[-34.919,-6.771],[-34.925,-6.768],[-34.932,-6.765],[-34.934,-6.758],[-34.941,-6.754],[-34.928,-6.74],[-34.934,-6.729],[-34.931,-6.721],[-34.934,-6.697],[-34.931,-6.688],[-34.946,-6.682],[-34.953,-6.673],[-34.957,-6.659],[-34.963,-6.631],[-34.965,-6.603],[-34.967,-6.581],[-34.966,-6.547],[-34.967,-6.501],[-34.968,-6.487],[-34.978,-6.487],[-34.992,-6.502],[-35.001,-6.502],[-35.011,-6.506],[-35.029,-6.505],[-35.037,-6.517],[-35.058,-6.528],[-35.067,-6.525],[-35.075,-6.514],[-35.089,-6.505],[-35.096,-6.498],[-35.104,-6.506],[-35.112,-6.505],[-35.123,-6.53],[-35.133,-6.536],[-35.146,-6.553],[-35.157,-6.552],[-35.169,-6.558],[-35.194,-6.55],[-35.207,-6.544],[-35.21,-6.533],[-35.218,-6.519],[-35.224,-6.522],[-35.23,-6.53],[-35.236,-6.533],[-35.253,-6.534],[-35.275,-6.544],[-35.331,-6.544],[-35.341,-6.539],[-35.364,-6.512],[-35.395,-6.494],[-35.408,-6.49],[-35.417,-6.488],[-35.435,-6.489],[-35.442,-6.487],[-35.452,-6.485],[-35.456,-6.479],[-35.464,-6.483],[-35.483,-6.486],[-35.489,-6.481],[-35.496,-6.483],[-35.501,-6.478],[-35.512,-6.477],[-35.548,-6.482],[-35.551,-6.49],[-35.565,-6.492],[-35.581,-6.484],[-35.592,-6.477],[-35.592,-6.472],[-35.604,-6.459],[-35.617,-6.463],[-35.629,-6.455],[-35.637,-6.454],[-35.664,-6.447],[-35.674,-6.452],[-35.682,-6.448],[-35.686,-6.453],[-35.707,-6.47],[-35.719,-6.473],[-35.726,-6.47],[-35.741,-6.476],[-35.773,-6.483],[-35.78,-6.483],[-35.87,-6.489],[-35.944,-6.493],[-35.958,-6.489],[-35.965,-6.484],[-35.975,-6.489],[-35.992,-6.485],[-36.005,-6.481],[-36.013,-6.471],[-36.008,-6.465],[-36.017,-6.452],[-36.037,-6.444],[-36.051,-6.432],[-36.056,-6.426],[-36.061,-6.411],[-36.068,-6.415],[-36.077,-6.406],[-36.085,-6.415],[-36.096,-6.42],[-36.096,-6.42],[-36.103,-6.421],[-36.11,-6.429],[-36.129,-6.425],[-36.132,-6.428],[-36.144,-6.425],[-36.175,-6.431],[-36.227,-6.434],[-36.25,-6.437],[-36.251,-6.404],[-36.259,-6.405],[-36.277,-6.398],[-36.292,-6.396],[-36.299,-6.382],[-36.296,-6.37],[-36.282,-6.355],[-36.277,-6.34],[-36.279,-6.318],[-36.28,-6.309],[-36.295,-6.292],[-36.303,-6.283],[-36.314,-6.283],[-36.344,-6.303],[-36.358,-6.31],[-36.363,-6.31],[-36.395,-6.294],[-36.415,-6.333],[-36.428,-6.36],[-36.433,-6.363],[-36.487,-6.36],[-36.5,-6.358],[-36.5,-6.37],[-36.504,-6.386],[-36.511,-6.407],[-36.519,-6.418],[-36.529,-6.443],[-36.531,-6.452],[-36.528,-6.479],[-36.526,-6.501],[-36.517,-6.503],[-36.5,-6.513],[-36.481,-6.521],[-36.479,-6.54],[-36.471,-6.548],[-36.455,-6.552],[-36.444,-6.558],[-36.442,-6.565],[-36.441,-6.595],[-36.439,-6.613],[-36.436,-6.626],[-36.438,-6.629],[-36.449,-6.624],[-36.461,-6.634],[-36.466,-6.628],[-36.472,-6.617],[-36.485,-6.611],[-36.494,-6.604],[-36.502,-6.601],[-36.514,-6.594],[-36.525,-6.6],[-36.521,-6.611],[-36.523,-6.619],[-36.531,-6.635],[-36.542,-6.666],[-36.547,-6.695],[-36.559,-6.708],[-36.558,-6.713],[-36.549,-6.722],[-36.544,-6.731],[-36.533,-6.734],[-36.524,-6.738],[-36.521,-6.746],[-36.505,-6.754],[-36.501,-6.778],[-36.505,-6.809],[-36.51,-6.818],[-36.529,-6.825],[-36.544,-6.842],[-36.55,-6.844],[-36.56,-6.841],[-36.57,-6.848],[-36.574,-6.857],[-36.567,-6.867],[-36.568,-6.875],[-36.59,-6.909],[-36.597,-6.917],[-36.604,-6.931],[-36.611,-6.938],[-36.617,-6.934],[-36.637,-6.934],[-36.655,-6.928],[-36.673,-6.926],[-36.687,-6.926],[-36.695,-6.934],[-36.709,-6.975],[-36.719,-6.983],[-36.737,-6.973],[-36.755,-6.956],[-36.767,-6.936],[-36.762,-6.927],[-36.76,-6.915],[-36.757,-6.899],[-36.745,-6.88],[-36.73,-6.836],[-36.734,-6.835],[-36.77,-6.839],[-36.773,-6.787],[-36.831,-6.735],[-36.835,-6.731],[-36.874,-6.743],[-36.91,-6.757],[-36.937,-6.773],[-36.957,-6.79],[-36.959,-6.783],[-36.958,-6.776],[-36.969,-6.771],[-36.973,-6.758],[-36.972,-6.741],[-36.978,-6.722],[-36.986,-6.712],[-36.993,-6.707],[-37.004,-6.71],[-37.035,-6.734],[-37.041,-6.74],[-37.063,-6.751],[-37.075,-6.754],[-37.12,-6.767],[-37.128,-6.766],[-37.138,-6.781],[-37.144,-6.783],[-37.152,-6.798],[-37.166,-6.807],[-37.173,-6.815],[-37.183,-6.818],[-37.193,-6.826],[-37.235,-6.825],[-37.255,-6.811],[-37.255,-6.799],[-37.261,-6.787],[-37.258,-6.779],[-37.274,-6.767],[-37.269,-6.762],[-37.268,-6.744],[-37.264,-6.732],[-37.28,-6.724],[-37.29,-6.713],[-37.284,-6.694],[-37.314,-6.689],[-37.332,-6.698],[-37.343,-6.701],[-37.396,-6.7],[-37.407,-6.697],[-37.485,-6.71],[-37.471,-6.679],[-37.475,-6.673],[-37.466,-6.66],[-37.476,-6.645],[-37.477,-6.637],[-37.474,-6.618],[-37.476,-6.608],[-37.48,-6.605],[-37.479,-6.578],[-37.475,-6.564],[-37.482,-6.557],[-37.482,-6.548],[-37.474,-6.538],[-37.465,-6.533],[-37.421,-6.533],[-37.412,-6.529],[-37.4,-6.519],[-37.396,-6.51],[-37.394,-6.472],[-37.391,-6.453],[-37.381,-6.437],[-37.387,-6.426],[-37.396,-6.42],[-37.396,-6.401],[-37.389,-6.391],[-37.389,-6.38],[-37.377,-6.369],[-37.377,-6.344],[-37.363,-6.322],[-37.351,-6.314],[-37.334,-6.308],[-37.328,-6.303],[-37.322,-6.283],[-37.315,-6.278],[-37.304,-6.278],[-37.287,-6.282],[-37.273,-6.28],[-37.273,-6.263],[-37.271,-6.252],[-37.252,-6.226],[-37.234,-6.213],[-37.202,-6.206],[-37.194,-6.198],[-37.194,-6.184],[-37.188,-6.181],[-37.174,-6.18],[-37.166,-6.17],[-37.161,-6.157],[-37.157,-6.152],[-37.166,-6.154],[-37.175,-6.142],[-37.171,-6.12],[-37.167,-6.11],[-37.172,-6.101],[-37.171,-6.077],[-37.176,-6.055],[-37.174,-6.048],[-37.179,-6.05],[-37.194,-6.048],[-37.202,-6.039],[-37.223,-6.042],[-37.232,-6.028],[-37.251,-6.026],[-37.257,-6.029],[-37.263,-6.038],[-37.264,-6.046],[-37.273,-6.056],[-37.287,-6.058],[-37.296,-6.05],[-37.301,-6.05],[-37.309,-6.058],[-37.32,-6.06],[-37.336,-6.067],[-37.354,-6.087],[-37.372,-6.083],[-37.379,-6.085],[-37.386,-6.089],[-37.386,-6.095],[-37.394,-6.109],[-37.408,-6.113],[-37.426,-6.109],[-37.446,-6.112],[-37.454,-6.12],[-37.455,-6.133],[-37.459,-6.145],[-37.483,-6.152],[-37.489,-6.144],[-37.503,-6.144],[-37.503,-6.152],[-37.522,-6.152],[-37.536,-6.153],[-37.54,-6.166],[-37.561,-6.165],[-37.57,-6.155],[-37.582,-6.162],[-37.604,-6.175],[-37.616,-6.176],[-37.639,-6.18],[-37.647,-6.189],[-37.673,-6.191],[-37.7,-6.185],[-37.709,-6.177],[-37.742,-6.189],[-37.755,-6.202],[-37.752,-6.209],[-37.756,-6.217],[-37.764,-6.219],[-37.776,-6.231],[-37.765,-6.234],[-37.761,-6.24],[-37.777,-6.246],[-37.762,-6.253],[-37.762,-6.259],[-37.77,-6.265],[-37.771,-6.273],[-37.758,-6.287],[-37.765,-6.292],[-37.794,-6.289],[-37.812,-6.293],[-37.824,-6.306],[-37.815,-6.312],[-37.816,-6.316],[-37.829,-6.319],[-37.84,-6.327],[-37.843,-6.333],[-37.834,-6.342],[-37.844,-6.354],[-37.842,-6.363],[-37.854,-6.366],[-37.859,-6.374],[-37.883,-6.367],[-37.889,-6.37],[-37.889,-6.387],[-37.884,-6.392],[-37.89,-6.4],[-37.901,-6.4],[-37.919,-6.412],[-37.926,-6.421],[-37.942,-6.424],[-37.949,-6.418],[-37.955,-6.408],[-37.955,-6.398],[-37.968,-6.405],[-37.968,-6.416],[-37.971,-6.422],[-37.983,-6.428],[-37.997,-6.426],[-38.008,-6.432],[-38.02,-6.447],[-38.013,-6.468],[-38.022,-6.468],[-38.027,-6.475],[-38.037,-6.475],[-38.041,-6.47],[-38.037,-6.457],[-38.044,-6.452],[-38.043,-6.443],[-38.052,-6.443],[-38.054,-6.454],[-38.071,-6.464],[-38.081,-6.484],[-38.095,-6.494],[-38.097,-6.508],[-38.113,-6.521],[-38.12,-6.522],[-38.133,-6.52],[-38.145,-6.494],[-38.149,-6.492],[-38.16,-6.499],[-38.169,-6.5],[-38.192,-6.499],[-38.201,-6.488],[-38.229,-6.483],[-38.242,-6.481],[-38.247,-6.485],[-38.257,-6.483],[-38.27,-6.494],[-38.282,-6.5],[-38.289,-6.506],[-38.29,-6.497],[-38.297,-6.487],[-38.306,-6.49],[-38.314,-6.487],[-38.319,-6.473],[-38.328,-6.461],[-38.339,-6.46],[-38.344,-6.457],[-38.355,-6.457],[-38.364,-6.454],[-38.373,-6.456],[-38.378,-6.437],[-38.385,-6.422],[-38.402,-6.41],[-38.427,-6.414],[-38.438,-6.41],[-38.448,-6.403],[-38.451,-6.393],[-38.466,-6.396],[-38.486,-6.398],[-38.483,-6.389],[-38.484,-6.375],[-38.49,-6.368],[-38.489,-6.362],[-38.476,-6.346],[-38.458,-6.33],[-38.477,-6.334],[-38.494,-6.345],[-38.504,-6.356],[-38.515,-6.347],[-38.533,-6.342],[-38.545,-6.345],[-38.55,-6.351],[-38.562,-6.356],[-38.567,-6.362],[-38.577,-6.364],[-38.573,-6.375],[-38.583,-6.374],[-38.593,-6.378],[-38.595,-6.387],[-38.602,-6.392],[-38.594,-6.397],[-38.587,-6.394],[-38.581,-6.402],[-38.572,-6.404],[-38.564,-6.4],[-38.551,-6.398],[-38.545,-6.402],[-38.525,-6.396],[-38.525,-6.407],[-38.538,-6.421],[-38.554,-6.433],[-38.556,-6.448],[-38.567,-6.452],[-38.571,-6.458],[-38.57,-6.47],[-38.595,-6.5],[-38.612,-6.513],[-38.616,-6.528],[-38.611,-6.532],[-38.607,-6.529],[-38.612,-6.538],[-38.627,-6.553],[-38.633,-6.562],[-38.633,-6.569],[-38.643,-6.582],[-38.633,-6.59],[-38.629,-6.605],[-38.639,-6.613],[-38.647,-6.616],[-38.649,-6.628],[-38.655,-6.63],[-38.657,-6.642],[-38.647,-6.654],[-38.646,-6.662],[-38.652,-6.673],[-38.662,-6.675],[-38.665,-6.684],[-38.673,-6.697],[-38.672,-6.706],[-38.665,-6.724],[-38.656,-6.73],[-38.658,-6.737],[-38.656,-6.746],[-38.65,-6.752],[-38.652,-6.757],[-38.647,-6.763],[-38.64,-6.764],[-38.629,-6.778],[-38.614,-6.782],[-38.617,-6.793],[-38.627,-6.791],[-38.639,-6.793],[-38.636,-6.801],[-38.652,-6.812],[-38.668,-6.828],[-38.673,-6.836],[-38.672,-6.847],[-38.677,-6.854],[-38.675,-6.862],[-38.687,-6.866],[-38.691,-6.871],[-38.7,-6.877],[-38.71,-6.875],[-38.716,-6.879],[-38.714,-6.886],[-38.732,-6.889],[-38.73,-6.897],[-38.756,-6.904],[-38.765,-6.911],[-38.759,-6.917],[-38.758,-6.931],[-38.756,-6.94],[-38.764,-6.945],[-38.764,-6.952],[-38.756,-6.958],[-38.75,-6.958],[-38.748,-6.967],[-38.742,-6.974],[-38.749,-6.981],[-38.751,-6.988],[-38.765,-6.994],[-38.758,-6.999],[-38.752,-6.997],[-38.731,-7.012],[-38.711,-7.019],[-38.691,-7.029],[-38.69,-7.04],[-38.674,-7.046],[-38.67,-7.048],[-38.671,-7.056],[-38.677,-7.067],[-38.673,-7.069],[-38.667,-7.082],[-38.66,-7.085],[-38.656,-7.092],[-38.659,-7.103],[-38.668,-7.115],[-38.67,-7.123],[-38.678,-7.133],[-38.675,-7.144],[-38.675,-7.156],[-38.685,-7.161],[-38.677,-7.169],[-38.683,-7.176],[-38.682,-7.187],[-38.659,-7.183],[-38.644,-7.184],[-38.637,-7.194],[-38.625,-7.191],[-38.62,-7.197],[-38.623,-7.204],[-38.62,-7.22],[-38.615,-7.23],[-38.593,-7.248],[-38.583,-7.248],[-38.559,-7.239],[-38.552,-7.244],[-38.554,-7.252],[-38.552,-7.264],[-38.543,-7.266],[-38.542,-7.281],[-38.535,-7.29],[-38.54,-7.306],[-38.55,-7.314],[-38.551,-7.322],[-38.549,-7.335],[-38.558,-7.354],[-38.579,-7.381],[-38.578,-7.386],[-38.584,-7.398],[-38.59,-7.401],[-38.596,-7.416],[-38.587,-7.415],[-38.583,-7.42],[-38.585,-7.435],[-38.595,-7.434],[-38.596,-7.439],[-38.606,-7.445],[-38.603,-7.458],[-38.617,-7.457],[-38.622,-7.461],[-38.638,-7.458],[-38.645,-7.46],[-38.636,-7.474],[-38.631,-7.487],[-38.638,-7.492],[-38.646,-7.502],[-38.646,-7.514],[-38.655,-7.523],[-38.651,-7.528],[-38.653,-7.541],[-38.656,-7.548],[-38.653,-7.553],[-38.659,-7.561],[-38.661,-7.568],[-38.677,-7.571],[-38.683,-7.579],[-38.689,-7.582],[-38.704,-7.581],[-38.711,-7.588],[-38.71,-7.597],[-38.716,-7.612],[-38.715,-7.622],[-38.705,-7.622],[-38.695,-7.633],[-38.687,-7.635],[-38.683,-7.643],[-38.67,-7.66],[-38.664,-7.657],[-38.651,-7.669],[-38.651,-7.677],[-38.642,-7.678],[-38.642,-7.686],[-38.626,-7.696],[-38.626,-7.706],[-38.614,-7.716],[-38.608,-7.727],[-38.608,-7.739],[-38.598,-7.742],[-38.594,-7.754],[-38.584,-7.753],[-38.581,-7.748],[-38.564,-7.757],[-38.558,-7.757],[-38.543,-7.749],[-38.538,-7.753],[-38.525,-7.755],[-38.517,-7.749],[-38.501,-7.752],[-38.497,-7.75],[-38.496,-7.739],[-38.49,-7.735],[-38.472,-7.733],[-38.464,-7.731],[-38.457,-7.718],[-38.446,-7.718],[-38.434,-7.721],[-38.428,-7.73],[-38.41,-7.731],[-38.401,-7.72],[-38.402,-7.713],[-38.382,-7.707],[-38.37,-7.697],[-38.37,-7.693],[-38.355,-7.678],[-38.345,-7.695],[-38.327,-7.694],[-38.312,-7.716],[-38.316,-7.729],[-38.311,-7.739],[-38.302,-7.745],[-38.306,-7.753],[-38.317,-7.765],[-38.303,-7.762],[-38.296,-7.775],[-38.303,-7.792],[-38.299,-7.797],[-38.298,-7.814],[-38.293,-7.823],[-38.276,-7.834],[-38.263,-7.828],[-38.257,-7.831],[-38.239,-7.831],[-38.236,-7.826],[-38.222,-7.82],[-38.213,-7.811],[-38.204,-7.808],[-38.175,-7.79],[-38.164,-7.78],[-38.144,-7.783],[-38.131,-7.796],[-38.129,-7.806],[-38.12,-7.819],[-38.116,-7.823],[-38.106,-7.823],[-38.097,-7.827],[-38.083,-7.828],[-38.077,-7.831],[-38.069,-7.826],[-38.065,-7.82],[-38.076,-7.805],[-38.074,-7.793],[-38.075,-7.782],[-38.069,-7.772],[-38.061,-7.767],[-38.04,-7.748],[-38.03,-7.75],[-38.013,-7.766],[-38.008,-7.767],[-38.005,-7.778],[-38.001,-7.779],[-37.99,-7.779],[-37.985,-7.773],[-37.971,-7.778],[-37.958,-7.766],[-37.953,-7.757],[-37.947,-7.756],[-37.943,-7.741],[-37.927,-7.73],[-37.922,-7.724],[-37.921,-7.713],[-37.913,-7.71],[-37.894,-7.714],[-37.903,-7.698],[-37.897,-7.691],[-37.881,-7.684],[-37.873,-7.676],[-37.868,-7.665],[-37.857,-7.652],[-37.838,-7.644],[-37.831,-7.647],[-37.819,-7.647],[-37.81,-7.644],[-37.803,-7.635],[-37.801,-7.626],[-37.786,-7.626],[-37.778,-7.635],[-37.778,-7.643],[-37.771,-7.647],[-37.767,-7.657],[-37.761,-7.667],[-37.751,-7.663],[-37.744,-7.654],[-37.74,-7.636],[-37.746,-7.628],[-37.753,-7.626],[-37.756,-7.62],[-37.746,-7.609],[-37.742,-7.598],[-37.735,-7.597],[-37.728,-7.58],[-37.717,-7.58],[-37.707,-7.569],[-37.71,-7.561],[-37.706,-7.551],[-37.682,-7.548],[-37.677,-7.536],[-37.656,-7.523],[-37.649,-7.531],[-37.641,-7.529],[-37.63,-7.532],[-37.62,-7.526],[-37.611,-7.519],[-37.61,-7.508],[-37.587,-7.499],[-37.572,-7.489]]],[[[-34.862,-6.982],[-34.868,-6.988],[-34.865,-7.002],[-34.859,-7.015],[-34.851,-7.005],[-34.848,-6.983],[-34.862,-6.982]]]]},"properties":{"uf":"PB","code":25}},{"type":"Feature","geometry":{"type":"MultiPolygon","coordinates":[[[[-41.358,-8.708],[-41.343,-8.722],[-41.334,-8.728],[-41.321,-8.728],[-41.313,-8.726],[-41.305,-8.727],[-41.295,-8.736],[-41.278,-8.735],[-41.27,-8.731],[-41.263,-8.722],[-41.238,-8.719],[-41.24,-8.712],[-41.225,-8.705],[-41.205,-8.71],[-41.198,-8.707],[-41.186,-8.711],[-41.176,-8.711],[-41.142,-8.707],[-41.131,-8.704],[-41.112,-8.705],[-41.115,-8.712],[-41.123,-8.719],[-41.127,-8.729],[-41.129,-8.743],[-41.125,-8.753],[-41.113,-8.76],[-41.111,-8.77],[-41.106,-8.771],[-41.103,-8.78],[-41.082,-8.784],[-41.078,-8.789],[-41.07,-8.782],[-41.059,-8.786],[-41.036,-8.786],[-41.025,-8.809],[-41.031,-8.835],[-41.021,-8.844],[-41.01,-8.834],[-41.0,-8.829],[-40.99,-8.829],[-40.979,-8.823],[-40.972,-8.828],[-40.961,-8.831],[-40.959,-8.842],[-40.946,-8.845],[-40.931,-8.837],[-40.921,-8.835],[-40.915,-8.85],[-40.903,-8.859],[-40.901,-8.867],[-40.896,-8.871],[-40.895,-8.889],[-40.883,-8.905],[-40.881,-8.916],[-40.866,-8.923],[-40.861,-8.948],[-40.851,-8.954],[-40.852,-8.98],[-40.847,-8.995],[-40.834,-9.011],[-40.832,-9.031],[-40.826,-9.037],[-40.823,-9.052],[-40.824,-9.062],[-40.819,-9.069],[-40.821,-9.08],[-40.813,-9.083],[-40.81,-9.092],[-40.804,-9.098],[-40.789,-9.099],[-40.788,-9.104],[-40.775,-9.101],[-40.763,-9.107],[-40.757,-9.105],[-40.758,-9.119],[-40.75,-9.118],[-40.743,-9.122],[-40.733,-9.124],[-40.722,-9.134],[-40.71,-9.141],[-40.7,-9.142],[-40.685,-9.138],[-40.678,-9.151],[-40.667,-9.159],[-40.672,-9.172],[-40.67,-9.186],[-40.677,-9.193],[-40.682,-9.208],[-40.681,-9.212],[-40.693,-9.231],[-40.687,-9.244],[-40.689,-9.257],[-40.68,-9.259],[-40.687,-9.278],[-40.701,-9.282],[-40.709,-9.287],[-40.708,-9.296],[-40.72,-9.306],[-40.739,-9.297],[-40.744,-9.306],[-40.752,-9.308],[-40.756,-9.315],[-40.742,-9.327],[-40.737,-9.337],[-40.741,-9.347],[-40.738,-9.353],[-40.746,-9.371],[-40.742,-9.383],[-40.743,-9.403],[-40.765,-9.416],[-40.76,-9.426],[-40.761,-9.432],[-40.767,-9.445],[-40.767,-9.453],[-40.75,-9.444],[-40.722,-9.446],[-40.715,-9.449],[-40.701,-9.458],[-40.681,-9.467],[-40.652,-9.474],[-40.636,-9.481],[-40.623,-9.483],[-40.609,-9.477],[-40.6,-9.47],[-40.587,-9.466],[-40.573,-9.467],[-40.556,-9.458],[-40.545,-9.442],[-40.542,-9.426],[-40.532,-9.415],[-40.52,-9.412],[-40.511,-9.407],[-40.497,-9.409],[-40.484,-9.414],[-40.478,-9.419],[-40.468,-9.421],[-40.464,-9.413],[-40.454,-9.403],[-40.453,-9.397],[-40.439,-9.368],[-40.431,-9.357],[-40.418,-9.352],[-40.41,-9.356],[-40.405,-9.363],[-40.391,-9.372],[-40.371,-9.379],[-40.356,-9.377],[-40.339,-9.36],[-40.334,-9.351],[-40.337,-9.335],[-40.333,-9.318],[-40.326,-9.306],[-40.319,-9.287],[-40.309,-9.275],[-40.302,-9.252],[-40.3,-9.231],[-40.29,-9.196],[-40.286,-9.186],[-40.287,-9.171],[-40.293,-9.158],[-40.293,-9.147],[-40.287,-9.117],[-40.279,-9.095],[-40.273,-9.082],[-40.264,-9.071],[-40.248,-9.058],[-40.239,-9.054],[-40.224,-9.057],[-40.209,-9.064],[-40.197,-9.072],[-40.184,-9.085],[-40.171,-9.093],[-40.168,-9.103],[-40.16,-9.108],[-40.144,-9.107],[-40.13,-9.11],[-40.12,-9.102],[-40.102,-9.094],[-40.093,-9.086],[-40.077,-9.078],[-40.066,-9.063],[-40.042,-9.06],[-40.036,-9.062],[-40.024,-9.06],[-40.005,-9.06],[-39.998,-9.061],[-39.978,-9.055],[-39.968,-9.053],[-39.956,-9.046],[-39.949,-9.036],[-39.927,-9.009],[-39.917,-8.999],[-39.907,-8.982],[-39.899,-8.973],[-39.889,-8.966],[-39.874,-8.937],[-39.873,-8.93],[-39.877,-8.922],[-39.879,-8.902],[-39.884,-8.896],[-39.901,-8.864],[-39.903,-8.851],[-39.901,-8.842],[-39.893,-8.829],[-39.887,-8.825],[-39.863,-8.819],[-39.845,-8.818],[-39.82,-8.813],[-39.804,-8.819],[-39.789,-8.819],[-39.776,-8.809],[-39.748,-8.794],[-39.722,-8.799],[-39.71,-8.798],[-39.695,-8.8],[-39.673,-8.785],[-39.678,-8.757],[-39.674,-8.745],[-39.678,-8.733],[-39.682,-8.711],[-39.693,-8.681],[-39.692,-8.664],[-39.689,-8.661],[-39.661,-8.657],[-39.646,-8.66],[-39.623,-8.655],[-39.614,-8.658],[-39.595,-8.651],[-39.581,-8.64],[-39.569,-8.637],[-39.557,-8.623],[-39.545,-8.621],[-39.526,-8.613],[-39.519,-8.604],[-39.486,-8.596],[-39.476,-8.593],[-39.461,-8.582],[-39.458,-8.569],[-39.452,-8.563],[-39.435,-8.563],[-39.428,-8.559],[-39.425,-8.551],[-39.416,-8.542],[-39.38,-8.533],[-39.364,-8.538],[-39.357,-8.547],[-39.345,-8.559],[-39.32,-8.56],[-39.312,-8.558],[-39.293,-8.561],[-39.286,-8.564],[-39.275,-8.577],[-39.273,-8.584],[-39.273,-8.597],[-39.263,-8.615],[-39.248,-8.625],[-39.242,-8.636],[-39.247,-8.648],[-39.245,-8.662],[-39.248,-8.669],[-39.245,-8.684],[-39.234,-8.705],[-39.228,-8.71],[-39.218,-8.709],[-39.201,-8.711],[-39.192,-8.707],[-39.181,-8.706],[-39.167,-8.693],[-39.157,-8.707],[-39.144,-8.713],[-39.102,-8.72],[-39.065,-8.732],[-39.043,-8.733],[-39.033,-8.736],[-39.024,-8.747],[-39.011,-8.756],[-38.999,-8.761],[-38.989,-8.772],[-38.977,-8.793],[-38.967,-8.794],[-38.952,-8.805],[-38.944,-8.804],[-38.928,-8.796],[-38.916,-8.793],[-38.885,-8.79],[-38.868,-8.784],[-38.855,-8.784],[-38.807,-8.788],[-38.797,-8.793],[-38.775,-8.812],[-38.772,-8.817],[-38.74,-8.845],[-38.717,-8.853],[-38.706,-8.862],[-38.698,-8.882],[-38.694,-8.903],[-38.694,-8.919],[-38.693,-8.936],[-38.689,-8.947],[-38.674,-8.972],[-38.658,-8.982],[-38.645,-8.987],[-38.635,-8.987],[-38.624,-8.98],[-38.61,-8.957],[-38.608,-8.95],[-38.609,-8.935],[-38.607,-8.918],[-38.608,-8.893],[-38.604,-8.881],[-38.59,-8.857],[-38.577,-8.837],[-38.57,-8.83],[-38.552,-8.823],[-38.541,-8.823],[-38.512,-8.831],[-38.502,-8.835],[-38.481,-8.849],[-38.47,-8.866],[-38.473,-8.889],[-38.479,-8.902],[-38.492,-8.913],[-38.502,-8.917],[-38.511,-8.925],[-38.519,-8.939],[-38.52,-8.948],[-38.514,-8.96],[-38.504,-8.981],[-38.488,-8.994],[-38.484,-9.001],[-38.449,-9.026],[-38.418,-9.038],[-38.404,-9.037],[-38.386,-9.025],[-38.362,-9.001],[-38.34,-8.99],[-38.324,-8.99],[-38.317,-8.995],[-38.317,-9.001],[-38.303,-9.014],[-38.29,-9.036],[-38.29,-9.047],[-38.304,-9.062],[-38.321,-9.07],[-38.326,-9.081],[-38.32,-9.091],[-38.307,-9.095],[-38.306,-9.102],[-38.315,-9.107],[-38.321,-9.117],[-38.319,-9.141],[-38.313,-9.148],[-38.306,-9.153],[-38.299,-9.164],[-38.289,-9.172],[-38.285,-9.179],[-38.28,-9.201],[-38.28,-9.207],[-38.288,-9.217],[-38.251,-9.29],[-38.241,-9.323],[-38.238,-9.33],[-38.221,-9.312],[-38.203,-9.297],[-38.192,-9.296],[-38.18,-9.291],[-38.174,-9.285],[-38.166,-9.271],[-38.157,-9.263],[-38.156,-9.25],[-38.156,-9.242],[-38.149,-9.231],[-38.144,-9.218],[-38.135,-9.214],[-38.115,-9.198],[-38.114,-9.194],[-38.092,-9.173],[-38.083,-9.171],[-38.066,-9.174],[-38.057,-9.168],[-38.044,-9.169],[-38.029,-9.165],[-38.026,-9.155],[-38.012,-9.156],[-37.999,-9.152],[-37.994,-9.155],[-37.979,-9.148],[-37.971,-9.124],[-37.962,-9.12],[-37.955,-9.111],[-37.952,-9.097],[-37.943,-9.092],[-37.938,-9.08],[-37.93,-9.071],[-37.907,-9.051],[-37.907,-9.043],[-37.9,-9.038],[-37.888,-9.035],[-37.881,-9.04],[-37.875,-9.025],[-37.88,-9.015],[-37.867,-9.012],[-37.853,-9.0],[-37.846,-8.985],[-37.839,-8.978],[-37.826,-8.933],[-37.834,-8.926],[-37.82,-8.909],[-37.82,-8.9],[-37.826,-8.889],[-37.81,-8.877],[-37.798,-8.876],[-37.786,-8.866],[-37.774,-8.853],[-37.766,-8.854],[-37.755,-8.846],[-37.75,-8.858],[-37.746,-8.859],[-37.741,-8.876],[-37.733,-8.881],[-37.731,-8.888],[-37.722,-8.899],[-37.719,-8.908],[-37.704,-8.922],[-37.699,-8.936],[-37.699,-8.945],[-37.691,-8.949],[-37.689,-8.956],[-37.672,-8.975],[-37.684,-8.976],[-37.695,-8.982],[-37.698,-8.989],[-37.687,-8.988],[-37.682,-8.997],[-37.658,-8.986],[-37.658,-8.993],[-37.64,-8.995],[-37.638,-9.004],[-37.629,-9.001],[-37.61,-8.988],[-37.596,-8.969],[-37.572,-8.972],[-37.556,-8.97],[-37.546,-8.961],[-37.533,-8.96],[-37.525,-8.963],[-37.519,-8.968],[-37.504,-8.965],[-37.499,-8.969],[-37.492,-8.988],[-37.484,-8.989],[-37.468,-8.999],[-37.431,-9.008],[-37.416,-9.007],[-37.396,-9.02],[-37.396,-9.028],[-37.391,-9.027],[-37.359,-9.054],[-37.334,-9.082],[-37.328,-9.093],[-37.318,-9.092],[-37.311,-9.1],[-37.311,-9.107],[-37.304,-9.117],[-37.297,-9.121],[-37.282,-9.149],[-37.279,-9.152],[-37.267,-9.159],[-37.247,-9.179],[-37.243,-9.186],[-37.247,-9.19],[-37.235,-9.204],[-37.232,-9.222],[-37.229,-9.227],[-37.234,-9.232],[-37.23,-9.238],[-37.212,-9.221],[-37.198,-9.216],[-37.16,-9.238],[-37.161,-9.244],[-37.168,-9.252],[-37.169,-9.266],[-37.164,-9.276],[-37.142,-9.268],[-37.13,-9.26],[-37.117,-9.241],[-37.108,-9.239],[-37.091,-9.246],[-37.078,-9.256],[-37.067,-9.267],[-37.057,-9.282],[-37.062,-9.297],[-37.058,-9.318],[-37.055,-9.307],[-37.047,-9.315],[-37.032,-9.314],[-37.024,-9.316],[-37.018,-9.324],[-37.013,-9.339],[-37.003,-9.353],[-36.98,-9.359],[-36.956,-9.381],[-36.947,-9.383],[-36.937,-9.377],[-36.93,-9.37],[-36.937,-9.361],[-36.937,-9.35],[-36.922,-9.34],[-36.921,-9.332],[-36.927,-9.327],[-36.921,-9.31],[-36.914,-9.296],[-36.898,-9.281],[-36.89,-9.284],[-36.88,-9.276],[-36.873,-9.269],[-36.867,-9.268],[-36.847,-9.278],[-36.84,-9.288],[-36.836,-9.289],[-36.797,-9.28],[-36.762,-9.271],[-36.7,-9.293],[-36.689,-9.296],[-36.687,-9.301],[-36.67,-9.313],[-36.659,-9.316],[-36.655,-9.313],[-36.645,-9.314],[-36.635,-9.327],[-36.625,-9.332],[-36.619,-9.327],[-36.607,-9.341],[-36.592,-9.335],[-36.585,-9.336],[-36.567,-9.331],[-36.567,-9.322],[-36.574,-9.309],[-36.572,-9.293],[-36.553,-9.283],[-36.5,-9.265],[-36.5,-9.263],[-36.492,-9.259],[-36.493,-9.254],[-36.487,-9.24],[-36.476,-9.244],[-36.462,-9.239],[-36.455,-9.227],[-36.432,-9.212],[-36.423,-9.217],[-36.424,-9.226],[-36.415,-9.23],[-36.407,-9.221],[-36.403,-9.223],[-36.392,-9.225],[-36.376,-9.217],[-36.366,-9.223],[-36.356,-9.218],[-36.349,-9.216],[-36.354,-9.205],[-36.351,-9.201],[-36.339,-9.207],[-36.328,-9.201],[-36.322,-9.185],[-36.295,-9.172],[-36.291,-9.174],[-36.274,-9.166],[-36.265,-9.166],[-36.257,-9.14],[-36.264,-9.126],[-36.261,-9.118],[-36.267,-9.111],[-36.267,-9.102],[-36.256,-9.103],[-36.241,-9.099],[-36.236,-9.104],[-36.222,-9.086],[-36.222,-9.073],[-36.21,-9.073],[-36.203,-9.067],[-36.203,-9.062],[-36.199,-9.047],[-36.196,-9.045],[-36.189,-9.046],[-36.179,-9.041],[-36.173,-9.044],[-36.164,-9.04],[-36.152,-9.043],[-36.141,-9.04],[-36.138,-9.036],[-36.127,-9.034],[-36.121,-9.028],[-36.111,-9.018],[-36.114,-9.009],[-36.104,-8.999],[-36.112,-8.988],[-36.125,-8.983],[-36.129,-8.977],[-36.128,-8.958],[-36.123,-8.953],[-36.101,-8.949],[-36.082,-8.941],[-36.073,-8.926],[-36.064,-8.915],[-36.033,-8.908],[-36.026,-8.908],[-36.015,-8.912],[-36.005,-8.913],[-35.988,-8.904],[-35.984,-8.905],[-35.971,-8.9],[-35.964,-8.902],[-35.962,-8.895],[-35.951,-8.892],[-35.943,-8.886],[-35.924,-8.885],[-35.916,-8.868],[-35.911,-8.861],[-35.901,-8.862],[-35.896,-8.854],[-35.887,-8.863],[-35.876,-8.859],[-35.861,-8.859],[-35.849,-8.872],[-35.845,-8.873],[-35.837,-8.869],[-35.827,-8.87],[-35.823,-8.857],[-35.808,-8.86],[-35.795,-8.848],[-35.788,-8.851],[-35.781,-8.861],[-35.776,-8.864],[-35.784,-8.882],[-35.779,-8.889],[-35.783,-8.898],[-35.773,-8.906],[-35.761,-8.908],[-35.748,-8.917],[-35.736,-8.912],[-35.723,-8.909],[-35.714,-8.905],[-35.7,-8.907],[-35.692,-8.901],[-35.681,-8.897],[-35.671,-8.897],[-35.663,-8.89],[-35.661,-8.883],[-35.652,-8.882],[-35.632,-8.881],[-35.623,-8.876],[-35.614,-8.864],[-35.606,-8.865],[-35.595,-8.86],[-35.594,-8.855],[-35.583,-8.847],[-35.57,-8.843],[-35.568,-8.835],[-35.56,-8.833],[-35.54,-8.821],[-35.533,-8.827],[-35.518,-8.817],[-35.507,-8.819],[-35.496,-8.828],[-35.482,-8.826],[-35.481,-8.82],[-35.471,-8.816],[-35.459,-8.839],[-35.45,-8.842],[-35.424,-8.838],[-35.409,-8.838],[-35.4,-8.85],[-35.395,-8.85],[-35.351,-8.861],[-35.288,-8.877],[-35.28,-8.875],[-35.263,-8.881],[-35.253,-8.887],[-35.235,-8.883],[-35.209,-8.892],[-35.198,-8.887],[-35.186,-8.89],[-35.171,-8.891],[-35.156,-8.903],[-35.153,-8.914],[-35.151,-8.907],[-35.144,-8.899],[-35.142,-8.886],[-35.13,-8.862],[-35.134,-8.843],[-35.13,-8.825],[-35.125,-8.817],[-35.118,-8.802],[-35.106,-8.794],[-35.103,-8.785],[-35.106,-8.773],[-35.104,-8.765],[-35.094,-8.758],[-35.086,-8.747],[-35.09,-8.729],[-35.088,-8.721],[-35.079,-8.704],[-35.09,-8.695],[-35.088,-8.691],[-35.084,-8.682],[-35.071,-8.668],[-35.073,-8.66],[-35.071,-8.65],[-35.055,-8.62],[-35.048,-8.609],[-35.045,-8.603],[-35.044,-8.591],[-35.039,-8.586],[-35.034,-8.572],[-35.023,-8.561],[-35.007,-8.562],[-35.009,-8.554],[-35.003,-8.548],[-35.003,-8.54],[-35.007,-8.524],[-35.005,-8.515],[-35,-8.508],[-35.002,-8.497],[-34.995,-8.475],[-34.984,-8.458],[-34.98,-8.439],[-34.961,-8.396],[-34.97,-8.391],[-34.974,-8.385],[-34.961,-8.367],[-34.956,-8.356],[-34.944,-8.359],[-34.94,-8.352],[-34.941,-8.345],[-34.949,-8.341],[-34.95,-8.322],[-34.943,-8.305],[-34.952,-8.298],[-34.947,-8.279],[-34.945,-8.264],[-34.94,-8.25],[-34.925,-8.233],[-34.929,-8.225],[-34.918,-8.212],[-34.916,-8.201],[-34.918,-8.186],[-34.909,-8.155],[-34.896,-8.124],[-34.882,-8.098],[-34.877,-8.083],[-34.861,-8.044],[-34.864,-8.041],[-34.859,-8.028],[-34.851,-8.022],[-34.842,-8.012],[-34.837,-7.995],[-34.838,-7.991],[-34.828,-7.959],[-34.823,-7.942],[-34.82,-7.926],[-34.821,-7.913],[-34.825,-7.904],[-34.825,-7.885],[-34.834,-7.869],[-34.837,-7.844],[-34.841,-7.845],[-34.845,-7.838],[-34.843,-7.828],[-34.845,-7.816],[-34.837,-7.809],[-34.835,-7.785],[-34.823,-7.752],[-34.824,-7.735],[-34.83,-7.726],[-34.833,-7.713],[-34.832,-7.7],[-34.848,-7.688],[-34.842,-7.682],[-34.835,-7.684],[-34.823,-7.651],[-34.809,-7.63],[-34.807,-7.621],[-34.813,-7.613],[-34.823,-7.594],[-34.831,-7.576],[-34.833,-7.564],[-34.839,-7.554],[-34.834,-7.549],[-34.839,-7.544],[-34.854,-7.54],[-34.858,-7.538],[-34.867,-7.548],[-34.887,-7.536],[-34.895,-7.545],[-34.901,-7.537],[-34.917,-7.542],[-34.923,-7.534],[-34.933,-7.529],[-34.94,-7.53],[-34.951,-7.538],[-34.961,-7.539],[-34.969,-7.521],[-34.979,-7.51],[-34.984,-7.508],[-34.985,-7.5],[-34.99,-7.489],[-34.988,-7.476],[-34.984,-7.469],[-34.985,-7.462],[-35.003,-7.454],[-35.015,-7.444],[-35.03,-7.426],[-35.048,-7.418],[-35.063,-7.407],[-35.071,-7.399],[-35.092,-7.401],[-35.108,-7.405],[-35.128,-7.402],[-35.135,-7.397],[-35.154,-7.393],[-35.172,-7.388],[-35.181,-7.396],[-35.191,-7.398],[-35.2,-7.388],[-35.217,-7.381],[-35.249,-7.375],[-35.264,-7.38],[-35.28,-7.388],[-35.296,-7.401],[-35.309,-7.409],[-35.314,-7.406],[-35.324,-7.411],[-35.331,-7.407],[-35.333,-7.415],[-35.334,-7.423],[-35.343,-7.422],[-35.353,-7.424],[-35.349,-7.435],[-35.353,-7.441],[-35.363,-7.443],[-35.368,-7.441],[-35.376,-7.449],[-35.386,-7.45],[-35.392,-7.456],[-35.41,-7.463],[-35.413,-7.471],[-35.425,-7.474],[-35.434,-7.471],[-35.438,-7.461],[-35.45,-7.453],[-35.454,-7.463],[-35.464,-7.462],[-35.476,-7.476],[-35.489,-7.478],[-35.495,-7.484],[-35.504,-7.508],[-35.502,-7.513],[-35.509,-7.518],[-35.512,-7.532],[-35.517,-7.531],[-35.521,-7.541],[-35.52,-7.55],[-35.527,-7.57],[-35.537,-7.581],[-35.536,-7.589],[-35.528,-7.59],[-35.521,-7.596],[-35.518,-7.604],[-35.526,-7.608],[-35.532,-7.622],[-35.53,-7.626],[-35.52,-7.64],[-35.527,-7.645],[-35.535,-7.655],[-35.548,-7.657],[-35.56,-7.661],[-35.572,-7.658],[-35.588,-7.65],[-35.597,-7.654],[-35.608,-7.653],[-35.62,-7.662],[-35.621,-7.669],[-35.632,-7.681],[-35.645,-7.692],[-35.657,-7.698],[-35.667,-7.697],[-35.68,-7.704],[-35.684,-7.708],[-35.695,-7.694],[-35.707,-7.696],[-35.714,-7.707],[-35.721,-7.71],[-35.736,-7.71],[-35.743,-7.714],[-35.747,-7.723],[-35.759,-7.722],[-35.768,-7.727],[-35.781,-7.738],[-35.79,-7.74],[-35.8,-7.742],[-35.825,-7.75],[-35.851,-7.747],[-35.862,-7.751],[-35.872,-7.75],[-35.882,-7.754],[-35.881,-7.766],[-35.884,-7.775],[-35.892,-7.78],[-35.898,-7.789],[-35.909,-7.793],[-35.928,-7.785],[-35.936,-7.785],[-35.943,-7.79],[-35.959,-7.787],[-35.974,-7.792],[-35.981,-7.803],[-35.991,-7.8],[-35.996,-7.804],[-35.998,-7.814],[-36.003,-7.813],[-36.022,-7.81],[-36.034,-7.797],[-36.042,-7.794],[-36.05,-7.801],[-36.056,-7.799],[-36.064,-7.785],[-36.069,-7.781],[-36.094,-7.779],[-36.104,-7.78],[-36.118,-7.786],[-36.127,-7.784],[-36.143,-7.782],[-36.162,-7.784],[-36.184,-7.784],[-36.198,-7.79],[-36.204,-7.783],[-36.206,-7.77],[-36.217,-7.764],[-36.227,-7.77],[-36.246,-7.785],[-36.254,-7.796],[-36.251,-7.805],[-36.242,-7.807],[-36.24,-7.818],[-36.253,-7.83],[-36.264,-7.832],[-36.271,-7.831],[-36.285,-7.818],[-36.302,-7.808],[-36.313,-7.806],[-36.321,-7.809],[-36.337,-7.809],[-36.363,-7.806],[-36.373,-7.813],[-36.393,-7.808],[-36.399,-7.81],[-36.407,-7.814],[-36.424,-7.816],[-36.43,-7.827],[-36.428,-7.833],[-36.431,-7.85],[-36.429,-7.867],[-36.433,-7.873],[-36.43,-7.887],[-36.437,-7.9],[-36.446,-7.908],[-36.446,-7.916],[-36.461,-7.915],[-36.47,-7.918],[-36.48,-7.925],[-36.487,-7.916],[-36.492,-7.915],[-36.499,-7.92],[-36.513,-7.915],[-36.532,-7.903],[-36.536,-7.902],[-36.552,-7.899],[-36.572,-7.904],[-36.578,-7.915],[-36.572,-7.931],[-36.573,-7.936],[-36.58,-7.947],[-36.574,-7.952],[-36.577,-7.96],[-36.587,-7.959],[-36.612,-7.949],[-36.614,-7.957],[-36.619,-7.962],[-36.623,-7.97],[-36.623,-7.982],[-36.628,-7.986],[-36.627,-8.003],[-36.629,-8.025],[-36.628,-8.052],[-36.629,-8.057],[-36.641,-8.062],[-36.654,-8.07],[-36.659,-8.08],[-36.65,-8.081],[-36.648,-8.091],[-36.637,-8.093],[-36.628,-8.103],[-36.629,-8.111],[-36.64,-8.12],[-36.665,-8.123],[-36.694,-8.141],[-36.687,-8.156],[-36.697,-8.155],[-36.704,-8.158],[-36.723,-8.151],[-36.726,-8.156],[-36.719,-8.162],[-36.724,-8.172],[-36.741,-8.172],[-36.75,-8.176],[-36.754,-8.191],[-36.762,-8.196],[-36.775,-8.191],[-36.788,-8.19],[-36.794,-8.19],[-36.806,-8.195],[-36.812,-8.205],[-36.824,-8.208],[-36.843,-8.217],[-36.862,-8.222],[-36.879,-8.236],[-36.896,-8.241],[-36.908,-8.253],[-36.923,-8.27],[-36.942,-8.274],[-36.947,-8.277],[-36.947,-8.291],[-36.955,-8.299],[-36.96,-8.3],[-36.978,-8.297],[-36.991,-8.303],[-37.004,-8.296],[-37.021,-8.29],[-37.028,-8.283],[-37.04,-8.266],[-37.058,-8.264],[-37.076,-8.268],[-37.082,-8.262],[-37.081,-8.241],[-37.066,-8.233],[-37.081,-8.222],[-37.09,-8.231],[-37.1,-8.234],[-37.11,-8.226],[-37.123,-8.209],[-37.126,-8.191],[-37.119,-8.184],[-37.118,-8.175],[-37.127,-8.174],[-37.141,-8.177],[-37.16,-8.17],[-37.163,-8.159],[-37.151,-8.15],[-37.159,-8.139],[-37.153,-8.127],[-37.144,-8.125],[-37.143,-8.118],[-37.147,-8.109],[-37.148,-8.1],[-37.144,-8.088],[-37.147,-8.079],[-37.157,-8.065],[-37.158,-8.051],[-37.148,-8.035],[-37.15,-8.024],[-37.152,-8.009],[-37.16,-7.997],[-37.175,-7.997],[-37.184,-7.991],[-37.188,-7.983],[-37.193,-7.983],[-37.193,-7.961],[-37.208,-7.952],[-37.217,-7.956],[-37.221,-7.963],[-37.22,-7.973],[-37.241,-7.973],[-37.247,-7.969],[-37.258,-7.97],[-37.264,-7.968],[-37.277,-7.972],[-37.292,-7.965],[-37.303,-7.97],[-37.312,-7.968],[-37.34,-7.98],[-37.341,-7.975],[-37.357,-7.975],[-37.352,-7.968],[-37.348,-7.954],[-37.35,-7.949],[-37.335,-7.943],[-37.33,-7.945],[-37.309,-7.934],[-37.311,-7.922],[-37.308,-7.908],[-37.304,-7.904],[-37.287,-7.904],[-37.277,-7.898],[-37.262,-7.884],[-37.244,-7.874],[-37.246,-7.859],[-37.25,-7.855],[-37.247,-7.847],[-37.238,-7.844],[-37.226,-7.845],[-37.223,-7.836],[-37.228,-7.822],[-37.24,-7.823],[-37.244,-7.819],[-37.23,-7.813],[-37.231,-7.807],[-37.223,-7.804],[-37.217,-7.807],[-37.198,-7.799],[-37.191,-7.791],[-37.183,-7.791],[-37.171,-7.8],[-37.158,-7.792],[-37.152,-7.78],[-37.157,-7.773],[-37.152,-7.762],[-37.144,-7.754],[-37.139,-7.745],[-37.151,-7.729],[-37.15,-7.717],[-37.154,-7.706],[-37.161,-7.698],[-37.174,-7.684],[-37.177,-7.673],[-37.188,-7.658],[-37.195,-7.652],[-37.198,-7.635],[-37.193,-7.624],[-37.183,-7.613],[-37.179,-7.597],[-37.164,-7.575],[-37.154,-7.566],[-37.137,-7.555],[-37.129,-7.543],[-37.118,-7.534],[-37.106,-7.531],[-37.095,-7.522],[-37.079,-7.517],[-37.07,-7.517],[-37.063,-7.514],[-37.054,-7.505],[-37.043,-7.504],[-37.026,-7.497],[-37.025,-7.497],[-37.011,-7.49],[-37.003,-7.496],[-36.984,-7.482],[-36.985,-7.476],[-36.995,-7.473],[-36.994,-7.465],[-37.003,-7.455],[-37.011,-7.454],[-37.013,-7.445],[-37.021,-7.44],[-37.024,-7.434],[-37.014,-7.43],[-37.018,-7.425],[-37.026,-7.423],[-37.024,-7.416],[-37.014,-7.404],[-37.026,-7.386],[-37.031,-7.386],[-37.05,-7.378],[-37.053,-7.38],[-37.067,-7.383],[-37.073,-7.368],[-37.086,-7.358],[-37.097,-7.354],[-37.102,-7.357],[-37.114,-7.351],[-37.122,-7.351],[-37.128,-7.344],[-37.135,-7.347],[-37.145,-7.335],[-37.157,-7.338],[-37.168,-7.332],[-37.169,-7.32],[-37.177,-7.31],[-37.197,-7.295],[-37.214,-7.291],[-37.223,-7.286],[-37.234,-7.274],[-37.261,-7.274],[-37.275,-7.274],[-37.282,-7.279],[-37.288,-7.288],[-37.314,-7.289],[-37.328,-7.288],[-37.335,-7.295],[-37.352,-7.317],[-37.357,-7.321],[-37.349,-7.335],[-37.372,-7.351],[-37.386,-7.357],[-37.395,-7.359],[-37.408,-7.358],[-37.416,-7.362],[-37.425,-7.353],[-37.432,-7.357],[-37.447,-7.361],[-37.466,-7.358],[-37.496,-7.365],[-37.498,-7.371],[-37.488,-7.389],[-37.487,-7.395],[-37.495,-7.399],[-37.506,-7.419],[-37.516,-7.428],[-37.514,-7.433],[-37.522,-7.439],[-37.527,-7.448],[-37.528,-7.465],[-37.533,-7.473],[-37.543,-7.478],[-37.557,-7.48],[-37.572,-7.489],[-37.587,-7.499],[-37.61,-7.508],[-37.611,-7.519],[-37.62,-7.526],[-37.63,-7.532],[-37.641,-7.529],[-37.649,-7.531],[-37.656,-7.523],[-37.677,-7.536],[-37.682,-7.548],[-37.706,-7.551],[-37.71,-7.561],[-37.707,-7.569],[-37.717,-7.58],[-37.728,-7.58],[-37.735,-7.597],[-37.742,-7.598],[-37.746,-7.609],[-37.756,-7.62],[-37.753,-7.626],[-37.746,-7.628],[-37.74,-7.636],[-37.744,-7.654],[-37.751,-7.663],[-37.761,-7.667],[-37.767,-7.657],[-37.771,-7.647],[-37.778,-7.643],[-37.778,-7.635],[-37.786,-7.626],[-37.801,-7.626],[-37.803,-7.635],[-37.81,-7.644],[-37.819,-7.647],[-37.831,-7.647],[-37.838,-7.644],[-37.857,-7.652],[-37.868,-7.665],[-37.873,-7.676],[-37.881,-7.684],[-37.897,-7.691],[-37.903,-7.698],[-37.894,-7.714],[-37.913,-7.71],[-37.921,-7.713],[-37.922,-7.724],[-37.927,-7.73],[-37.943,-7.741],[-37.947,-7.756],[-37.953,-7.757],[-37.958,-7.766],[-37.971,-7.778],[-37.985,-7.773],[-37.99,-7.779],[-38.001,-7.779],[-38.005,-7.778],[-38.008,-7.767],[-38.013,-7.766],[-38.03,-7.75],[-38.04,-7.748],[-38.061,-7.767],[-38.069,-7.772],[-38.075,-7.782],[-38.074,-7.793],[-38.076,-7.805],[-38.065,-7.82],[-38.069,-7.826],[-38.077,-7.831],[-38.083,-7.828],[-38.097,-7.827],[-38.106,-7.823],[-38.116,-7.823],[-38.12,-7.819],[-38.129,-7.806],[-38.131,-7.796],[-38.144,-7.783],[-38.164,-7.78],[-38.175,-7.79],[-38.204,-7.808],[-38.213,-7.811],[-38.222,-7.82],[-38.236,-7.826],[-38.239,-7.831],[-38.257,-7.831],[-38.263,-7.828],[-38.276,-7.834],[-38.293,-7.823],[-38.298,-7.814],[-38.299,-7.797],[-38.303,-7.792],[-38.296,-7.775],[-38.303,-7.762],[-38.317,-7.765],[-38.306,-7.753],[-38.302,-7.745],[-38.311,-7.739],[-38.316,-7.729],[-38.312,-7.716],[-38.327,-7.694],[-38.345,-7.695],[-38.355,-7.678],[-38.37,-7.693],[-38.37,-7.697],[-38.382,-7.707],[-38.402,-7.713],[-38.401,-7.72],[-38.41,-7.731],[-38.428,-7.73],[-38.434,-7.721],[-38.446,-7.718],[-38.457,-7.718],[-38.464,-7.731],[-38.472,-7.733],[-38.49,-7.735],[-38.496,-7.739],[-38.497,-7.75],[-38.501,-7.752],[-38.517,-7.749],[-38.525,-7.755],[-38.538,-7.753],[-38.543,-7.749],[-38.558,-7.757],[-38.564,-7.757],[-38.581,-7.748],[-38.584,-7.753],[-38.594,-7.754],[-38.598,-7.742],[-38.608,-7.739],[-38.608,-7.727],[-38.614,-7.716],[-38.626,-7.706],[-38.626,-7.696],[-38.642,-7.686],[-38.642,-7.678],[-38.651,-7.677],[-38.651,-7.669],[-38.664,-7.657],[-38.67,-7.66],[-38.683,-7.643],[-38.687,-7.635],[-38.695,-7.633],[-38.705,-7.622],[-38.715,-7.622],[-38.718,-7.627],[-38.724,-7.627],[-38.732,-7.634],[-38.742,-7.648],[-38.743,-7.66],[-38.755,-7.66],[-38.761,-7.656],[-38.782,-7.662],[-38.789,-7.67],[-38.792,-7.668],[-38.812,-7.669],[-38.82,-7.665],[-38.824,-7.678],[-38.816,-7.687],[-38.815,-7.697],[-38.822,-7.715],[-38.828,-7.72],[-38.846,-7.72],[-38.854,-7.715],[-38.87,-7.712],[-38.88,-7.723],[-38.881,-7.747],[-38.895,-7.75],[-38.899,-7.746],[-38.916,-7.745],[-38.915,-7.754],[-38.928,-7.754],[-38.94,-7.759],[-38.941,-7.771],[-38.946,-7.781],[-38.94,-7.792],[-38.945,-7.804],[-38.953,-7.811],[-38.953,-7.819],[-38.965,-7.83],[-38.959,-7.84],[-38.962,-7.844],[-38.966,-7.846],[-38.975,-7.843],[-38.982,-7.846],[-38.995,-7.84],[-39.001,-7.84],[-39.005,-7.835],[-39.008,-7.824],[-39.014,-7.813],[-39.018,-7.813],[-39.025,-7.823],[-39.054,-7.819],[-39.058,-7.823],[-39.063,-7.837],[-39.068,-7.842],[-39.093,-7.858],[-39.096,-7.85],[-39.09,-7.84],[-39.088,-7.833],[-39.093,-7.823],[-39.091,-7.81],[-39.102,-7.785],[-39.103,-7.771],[-39.106,-7.76],[-39.118,-7.749],[-39.127,-7.739],[-39.133,-7.727],[-39.147,-7.718],[-39.171,-7.715],[-39.192,-7.697],[-39.201,-7.696],[-39.208,-7.689],[-39.223,-7.697],[-39.238,-7.699],[-39.243,-7.705],[-39.253,-7.705],[-39.25,-7.684],[-39.253,-7.677],[-39.265,-7.67],[-39.266,-7.665],[-39.27,-7.66],[-39.289,-7.665],[-39.298,-7.663],[-39.307,-7.665],[-39.311,-7.655],[-39.321,-7.654],[-39.338,-7.645],[-39.342,-7.637],[-39.35,-7.631],[-39.368,-7.624],[-39.37,-7.619],[-39.373,-7.614],[-39.384,-7.609],[-39.392,-7.608],[-39.421,-7.603],[-39.423,-7.587],[-39.435,-7.574],[-39.448,-7.572],[-39.46,-7.576],[-39.474,-7.573],[-39.477,-7.553],[-39.484,-7.541],[-39.485,-7.533],[-39.47,-7.521],[-39.456,-7.502],[-39.457,-7.48],[-39.461,-7.471],[-39.468,-7.47],[-39.475,-7.473],[-39.492,-7.471],[-39.502,-7.464],[-39.512,-7.467],[-39.536,-7.482],[-39.546,-7.484],[-39.553,-7.481],[-39.562,-7.46],[-39.572,-7.43],[-39.577,-7.428],[-39.588,-7.432],[-39.599,-7.429],[-39.605,-7.424],[-39.627,-7.427],[-39.629,-7.426],[-39.634,-7.407],[-39.646,-7.381],[-39.653,-7.372],[-39.671,-7.359],[-39.706,-7.338],[-39.741,-7.327],[-39.76,-7.326],[-39.776,-7.328],[-39.789,-7.332],[-39.815,-7.329],[-39.829,-7.332],[-39.848,-7.325],[-39.858,-7.325],[-39.89,-7.34],[-39.905,-7.338],[-39.91,-7.337],[-39.926,-7.341],[-39.953,-7.354],[-39.994,-7.371],[-40.001,-7.375],[-40.045,-7.381],[-40.087,-7.383],[-40.128,-7.382],[-40.138,-7.379],[-40.157,-7.372],[-40.196,-7.358],[-40.221,-7.341],[-40.229,-7.333],[-40.242,-7.318],[-40.248,-7.314],[-40.256,-7.306],[-40.263,-7.301],[-40.284,-7.299],[-40.311,-7.301],[-40.321,-7.306],[-40.329,-7.319],[-40.345,-7.329],[-40.351,-7.334],[-40.354,-7.344],[-40.361,-7.356],[-40.373,-7.362],[-40.394,-7.368],[-40.411,-7.369],[-40.434,-7.367],[-40.449,-7.361],[-40.476,-7.345],[-40.483,-7.339],[-40.51,-7.323],[-40.524,-7.319],[-40.541,-7.332],[-40.54,-7.341],[-40.543,-7.36],[-40.548,-7.393],[-40.652,-7.433],[-40.663,-7.449],[-40.672,-7.453],[-40.701,-7.456],[-40.706,-7.46],[-40.713,-7.473],[-40.715,-7.481],[-40.715,-7.488],[-40.704,-7.519],[-40.694,-7.539],[-40.681,-7.558],[-40.663,-7.58],[-40.646,-7.595],[-40.637,-7.609],[-40.627,-7.632],[-40.622,-7.658],[-40.628,-7.685],[-40.636,-7.7],[-40.651,-7.714],[-40.667,-7.726],[-40.673,-7.739],[-40.676,-7.753],[-40.674,-7.762],[-40.664,-7.775],[-40.645,-7.787],[-40.629,-7.793],[-40.578,-7.805],[-40.568,-7.809],[-40.555,-7.818],[-40.547,-7.827],[-40.542,-7.838],[-40.538,-7.857],[-40.538,-7.874],[-40.541,-7.887],[-40.546,-7.937],[-40.544,-7.962],[-40.544,-7.965],[-40.561,-7.997],[-40.576,-8.03],[-40.576,-8.03],[-40.599,-8.081],[-40.604,-8.104],[-40.599,-8.116],[-40.591,-8.123],[-40.59,-8.138],[-40.598,-8.141],[-40.605,-8.15],[-40.624,-8.14],[-40.633,-8.139],[-40.643,-8.15],[-40.645,-8.158],[-40.658,-8.157],[-40.666,-8.162],[-40.668,-8.175],[-40.675,-8.185],[-40.684,-8.188],[-40.694,-8.201],[-40.701,-8.203],[-40.703,-8.217],[-40.711,-8.225],[-40.723,-8.223],[-40.737,-8.228],[-40.745,-8.24],[-40.764,-8.244],[-40.767,-8.248],[-40.781,-8.253],[-40.784,-8.262],[-40.778,-8.286],[-40.78,-8.296],[-40.781,-8.303],[-40.786,-8.306],[-40.793,-8.32],[-40.802,-8.322],[-40.818,-8.32],[-40.818,-8.33],[-40.822,-8.336],[-40.82,-8.347],[-40.819,-8.361],[-40.829,-8.374],[-40.837,-8.381],[-40.844,-8.379],[-40.859,-8.38],[-40.862,-8.371],[-40.862,-8.365],[-40.873,-8.357],[-40.892,-8.356],[-40.898,-8.367],[-40.893,-8.372],[-40.89,-8.387],[-40.895,-8.393],[-40.908,-8.401],[-40.901,-8.41],[-40.902,-8.423],[-40.909,-8.427],[-40.927,-8.446],[-40.941,-8.433],[-40.95,-8.43],[-40.958,-8.42],[-40.973,-8.407],[-40.978,-8.399],[-41,-8.4],[-41.007,-8.421],[-41.02,-8.425],[-41.024,-8.428],[-41.039,-8.432],[-41.047,-8.446],[-41.052,-8.465],[-41.05,-8.476],[-41.058,-8.478],[-41.077,-8.473],[-41.082,-8.48],[-41.085,-8.501],[-41.09,-8.513],[-41.098,-8.521],[-41.104,-8.522],[-41.108,-8.531],[-41.116,-8.537],[-41.127,-8.542],[-41.135,-8.534],[-41.15,-8.534],[-41.157,-8.56],[-41.167,-8.581],[-41.179,-8.588],[-41.179,-8.593],[-41.199,-8.592],[-41.203,-8.599],[-41.212,-8.602],[-41.208,-8.61],[-41.206,-8.633],[-41.214,-8.644],[-41.234,-8.648],[-41.239,-8.656],[-41.251,-8.662],[-41.269,-8.663],[-41.287,-8.661],[-41.295,-8.67],[-41.3,-8.682],[-41.318,-8.698],[-41.33,-8.703],[-41.337,-8.708],[-41.345,-8.71],[-41.358,-8.708]]],[[[-34.957,-8.379],[-34.965,-8.372],[-34.966,-8.387],[-34.958,-8.386],[-34.957,-8.379]]]]},"properties":{"uf":"PE","code":26}},{"type":"Feature","geometry":{"type":"Polygon","coordinates":[[[-38.012,-9.156],[-38.026,-9.155],[-38.029,-9.165],[-38.044,-9.169],[-38.057,-9.168],[-38.066,-9.174],[-38.083,-9.171],[-38.092,-9.173],[-38.114,-9.194],[-38.115,-9.198],[-38.135,-9.214],[-38.144,-9.218],[-38.149,-9.231],[-38.156,-9.242],[-38.156,-9.25],[-38.157,-9.263],[-38.166,-9.271],[-38.174,-9.285],[-38.18,-9.291],[-38.192,-9.296],[-38.203,-9.297],[-38.221,-9.312],[-38.238,-9.33],[-38.224,-9.347],[-38.215,-9.353],[-38.206,-9.364],[-38.2,-9.379],[-38.194,-9.386],[-38.194,-9.394],[-38.203,-9.403],[-38.205,-9.417],[-38.203,-9.42],[-38.181,-9.426],[-38.157,-9.44],[-38.155,-9.443],[-38.142,-9.438],[-38.13,-9.439],[-38.118,-9.442],[-38.113,-9.436],[-38.097,-9.437],[-38.078,-9.441],[-38.07,-9.448],[-38.069,-9.456],[-38.058,-9.459],[-38.043,-9.469],[-38.036,-9.466],[-38.022,-9.47],[-38.019,-9.477],[-38.011,-9.479],[-37.998,-9.499],[-38.003,-9.515],[-37.989,-9.527],[-37.978,-9.531],[-37.956,-9.534],[-37.948,-9.539],[-37.935,-9.542],[-37.917,-9.549],[-37.894,-9.54],[-37.886,-9.55],[-37.868,-9.562],[-37.864,-9.567],[-37.842,-9.579],[-37.837,-9.585],[-37.832,-9.595],[-37.818,-9.593],[-37.81,-9.607],[-37.793,-9.621],[-37.786,-9.639],[-37.773,-9.635],[-37.747,-9.625],[-37.725,-9.63],[-37.71,-9.63],[-37.69,-9.643],[-37.678,-9.649],[-37.67,-9.656],[-37.666,-9.666],[-37.66,-9.678],[-37.654,-9.686],[-37.637,-9.693],[-37.633,-9.7],[-37.622,-9.708],[-37.597,-9.721],[-37.582,-9.734],[-37.572,-9.739],[-37.528,-9.742],[-37.515,-9.746],[-37.473,-9.746],[-37.466,-9.748],[-37.436,-9.756],[-37.425,-9.762],[-37.413,-9.762],[-37.408,-9.764],[-37.394,-9.779],[-37.382,-9.78],[-37.363,-9.787],[-37.347,-9.791],[-37.326,-9.817],[-37.319,-9.822],[-37.297,-9.831],[-37.285,-9.831],[-37.271,-9.844],[-37.261,-9.851],[-37.257,-9.863],[-37.249,-9.875],[-37.249,-9.885],[-37.245,-9.892],[-37.235,-9.898],[-37.226,-9.898],[-37.214,-9.9],[-37.196,-9.896],[-37.178,-9.899],[-37.169,-9.894],[-37.163,-9.894],[-37.146,-9.904],[-37.134,-9.914],[-37.126,-9.92],[-37.112,-9.928],[-37.106,-9.939],[-37.086,-9.952],[-37.083,-9.958],[-37.068,-9.973],[-37.065,-9.981],[-37.051,-9.982],[-37.033,-9.988],[-37.004,-9.978],[-36.996,-9.972],[-36.985,-9.983],[-36.973,-9.984],[-36.965,-9.989],[-36.962,-9.996],[-36.953,-10.023],[-36.953,-10.029],[-36.957,-10.054],[-36.948,-10.07],[-36.947,-10.075],[-36.946,-10.087],[-36.931,-10.098],[-36.925,-10.116],[-36.918,-10.125],[-36.911,-10.139],[-36.894,-10.139],[-36.891,-10.146],[-36.883,-10.148],[-36.871,-10.146],[-36.866,-10.156],[-36.856,-10.165],[-36.85,-10.178],[-36.845,-10.189],[-36.834,-10.197],[-36.831,-10.206],[-36.826,-10.211],[-36.815,-10.215],[-36.801,-10.213],[-36.791,-10.227],[-36.77,-10.228],[-36.758,-10.225],[-36.749,-10.228],[-36.735,-10.242],[-36.72,-10.265],[-36.702,-10.27],[-36.684,-10.271],[-36.67,-10.268],[-36.658,-10.268],[-36.639,-10.252],[-36.632,-10.252],[-36.621,-10.256],[-36.611,-10.27],[-36.6,-10.29],[-36.587,-10.301],[-36.572,-10.316],[-36.564,-10.343],[-36.565,-10.358],[-36.558,-10.37],[-36.557,-10.377],[-36.56,-10.407],[-36.562,-10.416],[-36.554,-10.424],[-36.535,-10.43],[-36.502,-10.431],[-36.489,-10.425],[-36.487,-10.423],[-36.463,-10.409],[-36.452,-10.414],[-36.431,-10.43],[-36.422,-10.443],[-36.404,-10.487],[-36.396,-10.497],[-36.388,-10.499],[-36.373,-10.472],[-36.359,-10.45],[-36.34,-10.414],[-36.319,-10.381],[-36.306,-10.365],[-36.3,-10.363],[-36.294,-10.353],[-36.301,-10.345],[-36.303,-10.331],[-36.299,-10.314],[-36.288,-10.296],[-36.276,-10.28],[-36.26,-10.264],[-36.244,-10.252],[-36.221,-10.226],[-36.209,-10.216],[-36.185,-10.198],[-36.175,-10.181],[-36.168,-10.172],[-36.149,-10.158],[-36.143,-10.155],[-36.134,-10.16],[-36.127,-10.146],[-36.12,-10.138],[-36.109,-10.13],[-36.107,-10.123],[-36.093,-10.098],[-36.085,-10.092],[-36.07,-10.085],[-36.058,-10.084],[-36.045,-10.074],[-36.042,-10.064],[-36.032,-10.051],[-36.027,-10.046],[-36.004,-10.005],[-35.991,-9.986],[-35.975,-9.966],[-35.963,-9.941],[-35.955,-9.931],[-35.938,-9.902],[-35.931,-9.895],[-35.907,-9.874],[-35.905,-9.856],[-35.903,-9.847],[-35.889,-9.84],[-35.882,-9.83],[-35.864,-9.8],[-35.855,-9.788],[-35.84,-9.771],[-35.831,-9.758],[-35.822,-9.748],[-35.814,-9.731],[-35.79,-9.711],[-35.761,-9.683],[-35.749,-9.675],[-35.733,-9.671],[-35.723,-9.676],[-35.708,-9.665],[-35.697,-9.665],[-35.7,-9.649],[-35.697,-9.635],[-35.691,-9.62],[-35.677,-9.6],[-35.658,-9.581],[-35.651,-9.569],[-35.634,-9.555],[-35.617,-9.547],[-35.614,-9.54],[-35.607,-9.533],[-35.591,-9.529],[-35.587,-9.512],[-35.579,-9.503],[-35.559,-9.488],[-35.554,-9.475],[-35.534,-9.457],[-35.525,-9.443],[-35.513,-9.44],[-35.511,-9.433],[-35.501,-9.423],[-35.496,-9.406],[-35.496,-9.398],[-35.492,-9.383],[-35.482,-9.368],[-35.472,-9.358],[-35.46,-9.344],[-35.441,-9.339],[-35.439,-9.331],[-35.43,-9.323],[-35.416,-9.322],[-35.42,-9.316],[-35.408,-9.307],[-35.396,-9.301],[-35.394,-9.294],[-35.387,-9.286],[-35.377,-9.28],[-35.354,-9.255],[-35.339,-9.231],[-35.33,-9.221],[-35.32,-9.199],[-35.308,-9.194],[-35.303,-9.188],[-35.295,-9.171],[-35.295,-9.155],[-35.289,-9.157],[-35.285,-9.15],[-35.287,-9.144],[-35.285,-9.132],[-35.279,-9.125],[-35.271,-9.123],[-35.268,-9.114],[-35.259,-9.101],[-35.256,-9.088],[-35.245,-9.079],[-35.24,-9.068],[-35.241,-9.065],[-35.239,-9.049],[-35.225,-9.025],[-35.217,-9.008],[-35.202,-8.993],[-35.182,-8.978],[-35.177,-8.969],[-35.167,-8.935],[-35.155,-8.921],[-35.153,-8.914],[-35.156,-8.903],[-35.171,-8.891],[-35.186,-8.89],[-35.198,-8.887],[-35.209,-8.892],[-35.235,-8.883],[-35.253,-8.887],[-35.263,-8.881],[-35.28,-8.875],[-35.288,-8.877],[-35.351,-8.861],[-35.395,-8.85],[-35.4,-8.85],[-35.409,-8.838],[-35.424,-8.838],[-35.45,-8.842],[-35.459,-8.839],[-35.471,-8.816],[-35.481,-8.82],[-35.482,-8.826],[-35.496,-8.828],[-35.507,-8.819],[-35.518,-8.817],[-35.533,-8.827],[-35.54,-8.821],[-35.56,-8.833],[-35.568,-8.835],[-35.57,-8.843],[-35.583,-8.847],[-35.594,-8.855],[-35.595,-8.86],[-35.606,-8.865],[-35.614,-8.864],[-35.623,-8.876],[-35.632,-8.881],[-35.652,-8.882],[-35.661,-8.883],[-35.663,-8.89],[-35.671,-8.897],[-35.681,-8.897],[-35.692,-8.901],[-35.7,-8.907],[-35.714,-8.905],[-35.723,-8.909],[-35.736,-8.912],[-35.748,-8.917],[-35.761,-8.908],[-35.773,-8.906],[-35.783,-8.898],[-35.779,-8.889],[-35.784,-8.882],[-35.776,-8.864],[-35.781,-8.861],[-35.788,-8.851],[-35.795,-8.848],[-35.808,-8.86],[-35.823,-8.857],[-35.827,-8.87],[-35.837,-8.869],[-35.845,-8.873],[-35.849,-8.872],[-35.861,-8.859],[-35.876,-8.859],[-35.887,-8.863],[-35.896,-8.854],[-35.901,-8.862],[-35.911,-8.861],[-35.916,-8.868],[-35.924,-8.885],[-35.943,-8.886],[-35.951,-8.892],[-35.962,-8.895],[-35.964,-8.902],[-35.971,-8.9],[-35.984,-8.905],[-35.988,-8.904],[-36.005,-8.913],[-36.015,-8.912],[-36.026,-8.908],[-36.033,-8.908],[-36.064,-8.915],[-36.073,-8.926],[-36.082,-8.941],[-36.101,-8.949],[-36.123,-8.953],[-36.128,-8.958],[-36.129,-8.977],[-36.125,-8.983],[-36.112,-8.988],[-36.104,-8.999],[-36.114,-9.009],[-36.111,-9.018],[-36.121,-9.028],[-36.127,-9.034],[-36.138,-9.036],[-36.141,-9.04],[-36.152,-9.043],[-36.164,-9.04],[-36.173,-9.044],[-36.179,-9.041],[-36.189,-9.046],[-36.196,-9.045],[-36.199,-9.047],[-36.203,-9.062],[-36.203,-9.067],[-36.21,-9.073],[-36.222,-9.073],[-36.222,-9.086],[-36.236,-9.104],[-36.241,-9.099],[-36.256,-9.103],[-36.267,-9.102],[-36.267,-9.111],[-36.261,-9.118],[-36.264,-9.126],[-36.257,-9.14],[-36.265,-9.166],[-36.274,-9.166],[-36.291,-9.174],[-36.295,-9.172],[-36.322,-9.185],[-36.328,-9.201],[-36.339,-9.207],[-36.351,-9.201],[-36.354,-9.205],[-36.349,-9.216],[-36.356,-9.218],[-36.366,-9.223],[-36.376,-9.217],[-36.392,-9.225],[-36.403,-9.223],[-36.407,-9.221],[-36.415,-9.23],[-36.424,-9.226],[-36.423,-9.217],[-36.432,-9.212],[-36.455,-9.227],[-36.462,-9.239],[-36.476,-9.244],[-36.487,-9.24],[-36.493,-9.254],[-36.492,-9.259],[-36.5,-9.263],[-36.5,-9.265],[-36.553,-9.283],[-36.572,-9.293],[-36.574,-9.309],[-36.567,-9.322],[-36.567,-9.331],[-36.585,-9.336],[-36.592,-9.335],[-36.607,-9.341],[-36.619,-9.327],[-36.625,-9.332],[-36.635,-9.327],[-36.645,-9.314],[-36.655,-9.313],[-36.659,-9.316],[-36.67,-9.313],[-36.687,-9.301],[-36.689,-9.296],[-36.7,-9.293],[-36.762,-9.271],[-36.797,-9.28],[-36.836,-9.289],[-36.84,-9.288],[-36.847,-9.278],[-36.867,-9.268],[-36.873,-9.269],[-36.88,-9.276],[-36.89,-9.284],[-36.898,-9.281],[-36.914,-9.296],[-36.921,-9.31],[-36.927,-9.327],[-36.921,-9.332],[-36.922,-9.34],[-36.937,-9.35],[-36.937,-9.361],[-36.93,-9.37],[-36.937,-9.377],[-36.947,-9.383],[-36.956,-9.381],[-36.98,-9.359],[-37.003,-9.353],[-37.013,-9.339],[-37.018,-9.324],[-37.024,-9.316],[-37.032,-9.314],[-37.047,-9.315],[-37.055,-9.307],[-37.058,-9.318],[-37.062,-9.297],[-37.057,-9.282],[-37.067,-9.267],[-37.078,-9.256],[-37.091,-9.246],[-37.108,-9.239],[-37.117,-9.241],[-37.13,-9.26],[-37.142,-9.268],[-37.164,-9.276],[-37.169,-9.266],[-37.168,-9.252],[-37.161,-9.244],[-37.16,-9.238],[-37.198,-9.216],[-37.212,-9.221],[-37.23,-9.238],[-37.234,-9.232],[-37.229,-9.227],[-37.232,-9.222],[-37.235,-9.204],[-37.247,-9.19],[-37.243,-9.186],[-37.247,-9.179],[-37.267,-9.159],[-37.279,-9.152],[-37.282,-9.149],[-37.297,-9.121],[-37.304,-9.117],[-37.311,-9.107],[-37.311,-9.1],[-37.318,-9.092],[-37.328,-9.093],[-37.334,-9.082],[-37.359,-9.054],[-37.391,-9.027],[-37.396,-9.028],[-37.396,-9.02],[-37.416,-9.007],[-37.431,-9.008],[-37.468,-8.999],[-37.484,-8.989],[-37.492,-8.988],[-37.499,-8.969],[-37.504,-8.965],[-37.519,-8.968],[-37.525,-8.963],[-37.533,-8.96],[-37.546,-8.961],[-37.556,-8.97],[-37.572,-8.972],[-37.596,-8.969],[-37.61,-8.988],[-37.629,-9.001],[-37.638,-9.004],[-37.64,-8.995],[-37.658,-8.993],[-37.658,-8.986],[-37.682,-8.997],[-37.687,-8.988],[-37.698,-8.989],[-37.695,-8.982],[-37.684,-8.976],[-37.672,-8.975],[-37.689,-8.956],[-37.691,-8.949],[-37.699,-8.945],[-37.699,-8.936],[-37.704,-8.922],[-37.719,-8.908],[-37.722,-8.899],[-37.731,-8.888],[-37.733,-8.881],[-37.741,-8.876],[-37.746,-8.859],[-37.75,-8.858],[-37.755,-8.846],[-37.766,-8.854],[-37.774,-8.853],[-37.786,-8.866],[-37.798,-8.876],[-37.81,-8.877],[-37.826,-8.889],[-37.82,-8.9],[-37.82,-8.909],[-37.834,-8.926],[-37.826,-8.933],[-37.839,-8.978],[-37.846,-8.985],[-37.853,-9.0],[-37.867,-9.012],[-37.88,-9.015],[-37.875,-9.025],[-37.881,-9.04],[-37.888,-9.035],[-37.9,-9.038],[-37.907,-9.043],[-37.907,-9.051],[-37.93,-9.071],[-37.938,-9.08],[-37.943,-9.092],[-37.952,-9.097],[-37.955,-9.111],[-37.962,-9.12],[-37.971,-9.124],[-37.979,-9.148],[-37.994,-9.155],[-37.999,-9.152],[-38.012,-9.156]]]},"properties":{"uf":"AL","code":27}},{"type":"Feature","geometry":{"type":"Polygon","coordinates":[[[-36.918,-10.125],[-36.925,-10.116],[-36.931,-10.098],[-36.946,-10.087],[-36.947,-10.075],[-36.948,-10.07],[-36.957,-10.054],[-36.953,-10.029],[-36.953,-10.023],[-36.962,-9.996],[-36.965,-9.989],[-36.973,-9.984],[-36.985,-9.983],[-36.996,-9.972],[-37.004,-9.978],[-37.033,-9.988],[-37.051,-9.982],[-37.065,-9.981],[-37.068,-9.973],[-37.083,-9.958],[-37.086,-9.952],[-37.106,-9.939],[-37.112,-9.928],[-37.126,-9.92],[-37.134,-9.914],[-37.146,-9.904],[-37.163,-9.894],[-37.169,-9.894],[-37.178,-9.899],[-37.196,-9.896],[-37.214,-9.9],[-37.226,-9.898],[-37.235,-9.898],[-37.245,-9.892],[-37.249,-9.885],[-37.249,-9.875],[-37.257,-9.863],[-37.261,-9.851],[-37.271,-9.844],[-37.285,-9.831],[-37.297,-9.831],[-37.319,-9.822],[-37.326,-9.817],[-37.347,-9.791],[-37.363,-9.787],[-37.382,-9.78],[-37.394,-9.779],[-37.408,-9.764],[-37.413,-9.762],[-37.425,-9.762],[-37.436,-9.756],[-37.466,-9.748],[-37.473,-9.746],[-37.515,-9.746],[-37.528,-9.742],[-37.572,-9.739],[-37.582,-9.734],[-37.597,-9.721],[-37.622,-9.708],[-37.633,-9.7],[-37.637,-9.693],[-37.654,-9.686],[-37.66,-9.678],[-37.666,-9.666],[-37.67,-9.656],[-37.678,-9.649],[-37.69,-9.643],[-37.71,-9.63],[-37.725,-9.63],[-37.747,-9.625],[-37.773,-9.635],[-37.786,-9.639],[-37.793,-9.621],[-37.81,-9.607],[-37.818,-9.593],[-37.832,-9.595],[-37.837,-9.585],[-37.842,-9.579],[-37.864,-9.567],[-37.868,-9.562],[-37.886,-9.55],[-37.894,-9.54],[-37.917,-9.549],[-37.935,-9.542],[-37.948,-9.539],[-37.956,-9.534],[-37.978,-9.531],[-37.989,-9.527],[-38.003,-9.515],[-38.014,-9.528],[-38.015,-9.536],[-38.023,-9.54],[-38.024,-9.549],[-38.019,-9.551],[-38.021,-9.562],[-38.031,-9.574],[-38.037,-9.569],[-38.042,-9.575],[-38.037,-9.581],[-38.05,-9.588],[-38.061,-9.588],[-38.06,-9.595],[-38.053,-9.605],[-38.056,-9.614],[-38.051,-9.622],[-38.053,-9.633],[-38.039,-9.628],[-38.035,-9.633],[-38.02,-9.637],[-38.017,-9.643],[-38.009,-9.65],[-38.02,-9.66],[-38.028,-9.656],[-38.032,-9.661],[-38.034,-9.687],[-38.041,-9.687],[-38.045,-9.698],[-38.043,-9.705],[-38.043,-9.723],[-38.037,-9.74],[-38.039,-9.749],[-38.032,-9.761],[-38.033,-9.77],[-38.02,-9.778],[-38.022,-9.788],[-38.018,-9.803],[-38.001,-9.816],[-37.998,-9.826],[-38.003,-9.838],[-37.995,-9.846],[-38.002,-9.857],[-38.01,-9.854],[-38.007,-9.869],[-37.995,-9.878],[-37.992,-9.894],[-37.997,-9.905],[-38.004,-9.905],[-37.997,-9.919],[-37.989,-9.92],[-37.975,-9.937],[-37.967,-9.938],[-37.955,-9.943],[-37.945,-9.943],[-37.931,-9.935],[-37.929,-9.931],[-37.912,-9.918],[-37.908,-9.911],[-37.902,-9.919],[-37.907,-9.929],[-37.913,-9.933],[-37.909,-9.94],[-37.897,-9.942],[-37.896,-9.954],[-37.878,-9.972],[-37.876,-9.977],[-37.863,-9.989],[-37.852,-9.991],[-37.833,-10.019],[-37.825,-10.024],[-37.826,-10.037],[-37.814,-10.032],[-37.791,-10.033],[-37.783,-10.044],[-37.788,-10.069],[-37.792,-10.071],[-37.795,-10.087],[-37.8,-10.09],[-37.799,-10.098],[-37.802,-10.113],[-37.792,-10.12],[-37.786,-10.129],[-37.778,-10.134],[-37.775,-10.145],[-37.783,-10.18],[-37.782,-10.186],[-37.766,-10.196],[-37.747,-10.238],[-37.766,-10.252],[-37.759,-10.254],[-37.749,-10.264],[-37.75,-10.289],[-37.755,-10.293],[-37.769,-10.289],[-37.745,-10.314],[-37.743,-10.338],[-37.757,-10.343],[-37.767,-10.342],[-37.786,-10.348],[-37.788,-10.356],[-37.799,-10.363],[-37.831,-10.375],[-37.839,-10.381],[-37.843,-10.403],[-37.853,-10.406],[-37.852,-10.416],[-37.854,-10.426],[-37.859,-10.428],[-37.848,-10.444],[-37.825,-10.479],[-37.821,-10.483],[-37.813,-10.509],[-37.815,-10.517],[-37.822,-10.531],[-37.822,-10.54],[-37.829,-10.54],[-37.832,-10.552],[-37.838,-10.548],[-37.841,-10.555],[-37.833,-10.561],[-37.831,-10.585],[-37.817,-10.586],[-37.815,-10.595],[-37.806,-10.601],[-37.81,-10.612],[-37.811,-10.625],[-37.817,-10.631],[-37.807,-10.639],[-37.81,-10.649],[-37.804,-10.651],[-37.814,-10.67],[-37.809,-10.674],[-37.81,-10.686],[-37.831,-10.682],[-37.846,-10.694],[-37.847,-10.699],[-37.868,-10.703],[-37.91,-10.716],[-37.924,-10.735],[-37.937,-10.746],[-37.946,-10.757],[-37.953,-10.75],[-37.964,-10.758],[-37.972,-10.757],[-37.977,-10.758],[-38.026,-10.726],[-38.034,-10.725],[-38.03,-10.714],[-38.032,-10.708],[-38.042,-10.701],[-38.055,-10.711],[-38.068,-10.716],[-38.083,-10.712],[-38.098,-10.712],[-38.134,-10.72],[-38.145,-10.718],[-38.163,-10.711],[-38.172,-10.711],[-38.177,-10.706],[-38.189,-10.71],[-38.205,-10.711],[-38.209,-10.712],[-38.216,-10.727],[-38.213,-10.731],[-38.215,-10.747],[-38.209,-10.758],[-38.215,-10.767],[-38.218,-10.779],[-38.223,-10.787],[-38.233,-10.791],[-38.238,-10.8],[-38.234,-10.812],[-38.245,-10.823],[-38.239,-10.828],[-38.232,-10.841],[-38.236,-10.853],[-38.236,-10.882],[-38.228,-10.9],[-38.228,-10.914],[-38.215,-10.923],[-38.21,-10.931],[-38.207,-10.924],[-38.199,-10.928],[-38.202,-10.935],[-38.181,-10.943],[-38.179,-10.949],[-38.186,-10.961],[-38.18,-10.968],[-38.18,-10.975],[-38.169,-10.99],[-38.144,-11.002],[-38.135,-11.015],[-38.128,-11.019],[-38.121,-11.007],[-38.102,-11.017],[-38.106,-11.026],[-38.101,-11.032],[-38.102,-11.044],[-38.091,-11.052],[-38.075,-11.077],[-38.081,-11.084],[-38.086,-11.098],[-38.094,-11.101],[-38.087,-11.109],[-38.089,-11.116],[-38.065,-11.124],[-38.066,-11.135],[-38.071,-11.143],[-38.066,-11.159],[-38.057,-11.172],[-38.048,-11.176],[-38.047,-11.182],[-38.029,-11.177],[-38.023,-11.178],[-38.003,-11.194],[-37.997,-11.191],[-37.981,-11.199],[-37.978,-11.205],[-37.977,-11.222],[-37.99,-11.228],[-37.986,-11.236],[-37.994,-11.24],[-37.983,-11.249],[-37.996,-11.259],[-37.987,-11.271],[-37.992,-11.279],[-38.006,-11.286],[-38.001,-11.303],[-37.992,-11.313],[-37.988,-11.332],[-37.997,-11.335],[-37.994,-11.343],[-37.986,-11.342],[-37.982,-11.348],[-37.978,-11.366],[-37.969,-11.373],[-37.968,-11.38],[-37.981,-11.386],[-37.975,-11.393],[-37.968,-11.389],[-37.961,-11.397],[-37.952,-11.395],[-37.952,-11.405],[-37.943,-11.419],[-37.936,-11.422],[-37.928,-11.409],[-37.928,-11.401],[-37.917,-11.403],[-37.91,-11.411],[-37.898,-11.438],[-37.889,-11.432],[-37.881,-11.431],[-37.87,-11.435],[-37.867,-11.443],[-37.849,-11.441],[-37.853,-11.452],[-37.861,-11.451],[-37.864,-11.467],[-37.853,-11.467],[-37.833,-11.482],[-37.824,-11.491],[-37.809,-11.496],[-37.816,-11.506],[-37.815,-11.514],[-37.8,-11.521],[-37.79,-11.525],[-37.774,-11.525],[-37.77,-11.532],[-37.759,-11.525],[-37.749,-11.539],[-37.741,-11.536],[-37.73,-11.538],[-37.729,-11.552],[-37.719,-11.55],[-37.713,-11.553],[-37.707,-11.549],[-37.702,-11.54],[-37.696,-11.545],[-37.699,-11.563],[-37.682,-11.562],[-37.673,-11.569],[-37.672,-11.557],[-37.661,-11.546],[-37.663,-11.536],[-37.652,-11.527],[-37.632,-11.518],[-37.633,-11.523],[-37.625,-11.533],[-37.616,-11.539],[-37.611,-11.537],[-37.603,-11.54],[-37.587,-11.528],[-37.58,-11.535],[-37.586,-11.541],[-37.579,-11.552],[-37.575,-11.543],[-37.568,-11.54],[-37.555,-11.548],[-37.536,-11.55],[-37.529,-11.547],[-37.52,-11.549],[-37.516,-11.536],[-37.505,-11.525],[-37.475,-11.522],[-37.458,-11.524],[-37.432,-11.511],[-37.394,-11.482],[-37.368,-11.459],[-37.355,-11.444],[-37.341,-11.442],[-37.325,-11.436],[-37.312,-11.423],[-37.309,-11.394],[-37.3,-11.364],[-37.277,-11.317],[-37.26,-11.29],[-37.248,-11.273],[-37.207,-11.223],[-37.185,-11.2],[-37.166,-11.182],[-37.159,-11.166],[-37.154,-11.162],[-37.144,-11.134],[-37.126,-11.103],[-37.079,-11.035],[-37.058,-11.006],[-37.035,-10.98],[-37.033,-10.971],[-37.035,-10.957],[-37.026,-10.951],[-37.005,-10.917],[-36.953,-10.851],[-36.939,-10.837],[-36.931,-10.831],[-36.921,-10.816],[-36.867,-10.758],[-36.853,-10.744],[-36.828,-10.722],[-36.798,-10.697],[-36.784,-10.688],[-36.735,-10.658],[-36.718,-10.65],[-36.688,-10.639],[-36.673,-10.631],[-36.639,-10.606],[-36.613,-10.588],[-36.585,-10.572],[-36.576,-10.572],[-36.527,-10.551],[-36.486,-10.536],[-36.437,-10.517],[-36.409,-10.513],[-36.396,-10.497],[-36.404,-10.487],[-36.422,-10.443],[-36.431,-10.43],[-36.452,-10.414],[-36.463,-10.409],[-36.487,-10.423],[-36.489,-10.425],[-36.502,-10.431],[-36.535,-10.43],[-36.554,-10.424],[-36.562,-10.416],[-36.56,-10.407],[-36.557,-10.377],[-36.558,-10.37],[-36.565,-10.358],[-36.564,-10.343],[-36.572,-10.316],[-36.587,-10.301],[-36.6,-10.29],[-36.611,-10.27],[-36.621,-10.256],[-36.632,-10.252],[-36.639,-10.252],[-36.658,-10.268],[-36.67,-10.268],[-36.684,-10.271],[-36.702,-10.27],[-36.72,-10.265],[-36.735,-10.242],[-36.749,-10.228],[-36.758,-10.225],[-36.77,-10.228],[-36.791,-10.227],[-36.801,-10.213],[-36.815,-10.215],[-36.826,-10.211],[-36.831,-10.206],[-36.834,-10.197],[-36.845,-10.189],[-36.85,-10.178],[-36.856,-10.165],[-36.866,-10.156],[-36.871,-10.146],[-36.883,-10.148],[-36.891,-10.146],[-36.894,-10.139],[-36.911,-10.139],[-36.918,-10.125]]]},"properties":{"uf":"SE","code":28}},{"type":"Feature","geometry":{"type":"Polygon","coordinates":[[[-39.357,-8.547],[-39.364,-8.538],[-39.38,-8.533],[-39.416,-8.542],[-39.425,-8.551],[-39.428,-8.559],[-39.435,-8.563],[-39.452,-8.563],[-39.458,-8.569],[-39.461,-8.582],[-39.476,-8.593],[-39.486,-8.596],[-39.519,-8.604],[-39.526,-8.613],[-39.545,-8.621],[-39.557,-8.623],[-39.569,-8.637],[-39.581,-8.64],[-39.595,-8.651],[-39.614,-8.658],[-39.623,-8.655],[-39.646,-8.66],[-39.661,-8.657],[-39.689,-8.661],[-39.692,-8.664],[-39.693,-8.681],[-39.682,-8.711],[-39.678,-8.733],[-39.674,-8.745],[-39.678,-8.757],[-39.673,-8.785],[-39.695,-8.8],[-39.71,-8.798],[-39.722,-8.799],[-39.748,-8.794],[-39.776,-8.809],[-39.789,-8.819],[-39.804,-8.819],[-39.82,-8.813],[-39.845,-8.818],[-39.863,-8.819],[-39.887,-8.825],[-39.893,-8.829],[-39.901,-8.842],[-39.903,-8.851],[-39.901,-8.864],[-39.884,-8.896],[-39.879,-8.902],[-39.877,-8.922],[-39.873,-8.93],[-39.874,-8.937],[-39.889,-8.966],[-39.899,-8.973],[-39.907,-8.982],[-39.917,-8.999],[-39.927,-9.009],[-39.949,-9.036],[-39.956,-9.046],[-39.968,-9.053],[-39.978,-9.055],[-39.998,-9.061],[-40.005,-9.06],[-40.024,-9.06],[-40.036,-9.062],[-40.042,-9.06],[-40.066,-9.063],[-40.077,-9.078],[-40.093,-9.086],[-40.102,-9.094],[-40.12,-9.102],[-40.13,-9.11],[-40.144,-9.107],[-40.16,-9.108],[-40.168,-9.103],[-40.171,-9.093],[-40.184,-9.085],[-40.197,-9.072],[-40.209,-9.064],[-40.224,-9.057],[-40.239,-9.054],[-40.248,-9.058],[-40.264,-9.071],[-40.273,-9.082],[-40.279,-9.095],[-40.287,-9.117],[-40.293,-9.147],[-40.293,-9.158],[-40.287,-9.171],[-40.286,-9.186],[-40.29,-9.196],[-40.3,-9.231],[-40.302,-9.252],[-40.309,-9.275],[-40.319,-9.287],[-40.326,-9.306],[-40.333,-9.318],[-40.337,-9.335],[-40.334,-9.351],[-40.339,-9.36],[-40.356,-9.377],[-40.371,-9.379],[-40.391,-9.372],[-40.405,-9.363],[-40.41,-9.356],[-40.418,-9.352],[-40.431,-9.357],[-40.439,-9.368],[-40.453,-9.397],[-40.454,-9.403],[-40.464,-9.413],[-40.468,-9.421],[-40.478,-9.419],[-40.484,-9.414],[-40.497,-9.409],[-40.511,-9.407],[-40.52,-9.412],[-40.532,-9.415],[-40.542,-9.426],[-40.545,-9.442],[-40.556,-9.458],[-40.573,-9.467],[-40.587,-9.466],[-40.6,-9.47],[-40.609,-9.477],[-40.623,-9.483],[-40.636,-9.481],[-40.652,-9.474],[-40.681,-9.467],[-40.701,-9.458],[-40.715,-9.449],[-40.722,-9.446],[-40.75,-9.444],[-40.767,-9.453],[-40.767,-9.445],[-40.761,-9.432],[-40.76,-9.426],[-40.765,-9.416],[-40.743,-9.403],[-40.742,-9.383],[-40.746,-9.371],[-40.738,-9.353],[-40.741,-9.347],[-40.737,-9.337],[-40.742,-9.327],[-40.756,-9.315],[-40.752,-9.308],[-40.744,-9.306],[-40.739,-9.297],[-40.72,-9.306],[-40.708,-9.296],[-40.709,-9.287],[-40.701,-9.282],[-40.687,-9.278],[-40.68,-9.259],[-40.689,-9.257],[-40.687,-9.244],[-40.693,-9.231],[-40.681,-9.212],[-40.682,-9.208],[-40.677,-9.193],[-40.67,-9.186],[-40.672,-9.172],[-40.667,-9.159],[-40.678,-9.151],[-40.685,-9.138],[-40.7,-9.142],[-40.71,-9.141],[-40.722,-9.134],[-40.733,-9.124],[-40.743,-9.122],[-40.75,-9.118],[-40.758,-9.119],[-40.757,-9.105],[-40.763,-9.107],[-40.775,-9.101],[-40.788,-9.104],[-40.789,-9.099],[-40.804,-9.098],[-40.81,-9.092],[-40.813,-9.083],[-40.821,-9.08],[-40.819,-9.069],[-40.824,-9.062],[-40.823,-9.052],[-40.826,-9.037],[-40.832,-9.031],[-40.834,-9.011],[-40.847,-8.995],[-40.852,-8.98],[-40.851,-8.954],[-40.861,-8.948],[-40.866,-8.923],[-40.881,-8.916],[-40.883,-8.905],[-40.895,-8.889],[-40.896,-8.871],[-40.901,-8.867],[-40.903,-8.859],[-40.915,-8.85],[-40.921,-8.835],[-40.931,-8.837],[-40.946,-8.845],[-40.959,-8.842],[-40.961,-8.831],[-40.972,-8.828],[-40.979,-8.823],[-40.99,-8.829],[-41.0,-8.829],[-41.01,-8.834],[-41.021,-8.844],[-41.031,-8.835],[-41.025,-8.809],[-41.036,-8.786],[-41.059,-8.786],[-41.07,-8.782],[-41.078,-8.789],[-41.082,-8.784],[-41.103,-8.78],[-41.106,-8.771],[-41.111,-8.77],[-41.113,-8.76],[-41.125,-8.753],[-41.129,-8.743],[-41.127,-8.729],[-41.123,-8.719],[-41.115,-8.712],[-41.112,-8.705],[-41.131,-8.704],[-41.142,-8.707],[-41.176,-8.711],[-41.186,-8.711],[-41.198,-8.707],[-41.205,-8.71],[-41.225,-8.705],[-41.24,-8.712],[-41.238,-8.719],[-41.263,-8.722],[-41.27,-8.731],[-41.278,-8.735],[-41.295,-8.736],[-41.305,-8.727],[-41.313,-8.726],[-41.321,-8.728],[-41.334,-8.728],[-41.343,-8.722],[-41.358,-8.708],[-41.374,-8.705],[-41.381,-8.707],[-41.394,-8.724],[-41.398,-8.734],[-41.4,-8.746],[-41.411,-8.774],[-41.424,-8.803],[-41.435,-8.799],[-41.449,-8.815],[-41.456,-8.821],[-41.472,-8.843],[-41.488,-8.844],[-41.496,-8.862],[-41.502,-8.864],[-41.511,-8.876],[-41.507,-8.892],[-41.523,-8.904],[-41.523,-8.912],[-41.531,-8.928],[-41.541,-8.934],[-41.546,-8.942],[-41.543,-8.949],[-41.546,-8.962],[-41.554,-8.964],[-41.565,-8.97],[-41.57,-8.955],[-41.591,-8.955],[-41.597,-8.959],[-41.606,-8.957],[-41.61,-8.967],[-41.621,-8.971],[-41.624,-8.982],[-41.633,-8.986],[-41.641,-8.985],[-41.649,-8.988],[-41.661,-8.988],[-41.669,-8.99],[-41.669,-9.001],[-41.673,-9.008],[-41.689,-9.014],[-41.707,-9.012],[-41.724,-9.014],[-41.731,-9.028],[-41.733,-9.05],[-41.731,-9.07],[-41.733,-9.088],[-41.735,-9.095],[-41.743,-9.104],[-41.762,-9.119],[-41.78,-9.129],[-41.8,-9.148],[-41.8,-9.165],[-41.813,-9.179],[-41.822,-9.194],[-41.831,-9.229],[-41.838,-9.242],[-41.848,-9.244],[-41.855,-9.241],[-41.86,-9.238],[-41.87,-9.237],[-41.885,-9.254],[-41.902,-9.257],[-41.907,-9.271],[-41.914,-9.277],[-41.922,-9.279],[-41.937,-9.267],[-41.945,-9.264],[-41.955,-9.264],[-41.972,-9.249],[-41.979,-9.25],[-41.989,-9.26],[-42.0,-9.266],[-42.019,-9.251],[-42.025,-9.25],[-42.033,-9.255],[-42.058,-9.255],[-42.069,-9.258],[-42.095,-9.279],[-42.101,-9.282],[-42.117,-9.283],[-42.135,-9.287],[-42.153,-9.288],[-42.179,-9.285],[-42.194,-9.292],[-42.206,-9.293],[-42.226,-9.283],[-42.239,-9.286],[-42.249,-9.293],[-42.269,-9.31],[-42.286,-9.309],[-42.316,-9.317],[-42.326,-9.333],[-42.35,-9.346],[-42.357,-9.353],[-42.357,-9.372],[-42.365,-9.382],[-42.378,-9.39],[-42.399,-9.397],[-42.419,-9.409],[-42.426,-9.421],[-42.428,-9.44],[-42.435,-9.451],[-42.449,-9.461],[-42.454,-9.462],[-42.471,-9.459],[-42.481,-9.459],[-42.49,-9.463],[-42.491,-9.47],[-42.486,-9.484],[-42.493,-9.495],[-42.515,-9.502],[-42.532,-9.502],[-42.539,-9.498],[-42.555,-9.496],[-42.571,-9.502],[-42.58,-9.497],[-42.59,-9.498],[-42.603,-9.517],[-42.614,-9.53],[-42.62,-9.539],[-42.63,-9.539],[-42.64,-9.544],[-42.657,-9.542],[-42.667,-9.548],[-42.68,-9.549],[-42.69,-9.546],[-42.709,-9.532],[-42.72,-9.531],[-42.722,-9.537],[-42.716,-9.554],[-42.72,-9.56],[-42.731,-9.568],[-42.74,-9.579],[-42.758,-9.589],[-42.761,-9.609],[-42.77,-9.619],[-42.8,-9.623],[-42.816,-9.622],[-42.821,-9.619],[-42.821,-9.603],[-42.828,-9.588],[-42.83,-9.576],[-42.828,-9.56],[-42.837,-9.55],[-42.851,-9.551],[-42.868,-9.564],[-42.877,-9.562],[-42.884,-9.549],[-42.904,-9.527],[-42.913,-9.525],[-42.928,-9.527],[-42.944,-9.521],[-42.951,-9.51],[-42.952,-9.498],[-42.959,-9.48],[-42.963,-9.457],[-42.956,-9.439],[-42.959,-9.428],[-42.972,-9.408],[-42.988,-9.401],[-43.04,-9.415],[-43.052,-9.413],[-43.058,-9.415],[-43.057,-9.402],[-43.059,-9.397],[-43.067,-9.394],[-43.075,-9.4],[-43.083,-9.397],[-43.087,-9.388],[-43.105,-9.386],[-43.115,-9.375],[-43.122,-9.373],[-43.13,-9.385],[-43.137,-9.386],[-43.147,-9.376],[-43.161,-9.379],[-43.163,-9.391],[-43.173,-9.41],[-43.183,-9.417],[-43.194,-9.421],[-43.199,-9.418],[-43.202,-9.406],[-43.209,-9.4],[-43.219,-9.401],[-43.229,-9.403],[-43.242,-9.412],[-43.267,-9.412],[-43.274,-9.424],[-43.285,-9.42],[-43.293,-9.401],[-43.3,-9.395],[-43.313,-9.39],[-43.324,-9.377],[-43.336,-9.368],[-43.354,-9.369],[-43.361,-9.364],[-43.376,-9.349],[-43.386,-9.336],[-43.395,-9.314],[-43.423,-9.278],[-43.438,-9.266],[-43.459,-9.261],[-43.469,-9.261],[-43.486,-9.265],[-43.498,-9.273],[-43.518,-9.294],[-43.531,-9.304],[-43.541,-9.308],[-43.552,-9.309],[-43.573,-9.316],[-43.579,-9.32],[-43.606,-9.352],[-43.622,-9.371],[-43.634,-9.381],[-43.656,-9.395],[-43.671,-9.409],[-43.689,-9.42],[-43.701,-9.422],[-43.721,-9.428],[-43.751,-9.434],[-43.77,-9.442],[-43.782,-9.453],[-43.786,-9.458],[-43.799,-9.48],[-43.816,-9.492],[-43.83,-9.515],[-43.838,-9.525],[-43.842,-9.538],[-43.85,-9.548],[-43.853,-9.562],[-43.842,-9.586],[-43.84,-9.596],[-43.843,-9.613],[-43.834,-9.618],[-43.84,-9.627],[-43.842,-9.637],[-43.828,-9.647],[-43.814,-9.672],[-43.8,-9.693],[-43.794,-9.705],[-43.794,-9.718],[-43.798,-9.728],[-43.785,-9.762],[-43.767,-9.771],[-43.764,-9.777],[-43.75,-9.783],[-43.72,-9.794],[-43.718,-9.802],[-43.706,-9.806],[-43.697,-9.804],[-43.688,-9.808],[-43.683,-9.816],[-43.665,-9.824],[-43.655,-9.836],[-43.653,-9.844],[-43.665,-9.856],[-43.666,-9.869],[-43.674,-9.879],[-43.677,-9.886],[-43.69,-9.889],[-43.695,-9.892],[-43.698,-9.903],[-43.706,-9.906],[-43.709,-9.913],[-43.703,-9.924],[-43.693,-9.925],[-43.691,-9.942],[-43.703,-9.961],[-43.703,-9.966],[-43.697,-9.974],[-43.685,-9.983],[-43.675,-9.985],[-43.665,-9.991],[-43.662,-10.009],[-43.666,-10.017],[-43.669,-10.031],[-43.69,-10.045],[-43.693,-10.059],[-43.691,-10.073],[-43.699,-10.078],[-43.72,-10.072],[-43.746,-10.073],[-43.759,-10.075],[-43.766,-10.08],[-43.773,-10.099],[-43.766,-10.121],[-43.767,-10.134],[-43.77,-10.151],[-43.779,-10.181],[-43.785,-10.192],[-43.809,-10.221],[-43.827,-10.238],[-43.837,-10.25],[-43.838,-10.265],[-43.834,-10.274],[-43.837,-10.302],[-43.85,-10.318],[-43.872,-10.33],[-43.895,-10.354],[-43.899,-10.367],[-43.915,-10.384],[-43.916,-10.393],[-43.914,-10.418],[-43.916,-10.427],[-43.924,-10.432],[-43.937,-10.436],[-43.952,-10.434],[-43.977,-10.431],[-43.99,-10.418],[-43.998,-10.41],[-44.008,-10.405],[-44.018,-10.405],[-44.028,-10.412],[-44.035,-10.43],[-44.036,-10.445],[-44.026,-10.476],[-44.03,-10.484],[-44.042,-10.493],[-44.051,-10.506],[-44.062,-10.551],[-44.068,-10.564],[-44.072,-10.58],[-44.083,-10.589],[-44.101,-10.592],[-44.111,-10.597],[-44.118,-10.609],[-44.126,-10.627],[-44.131,-10.635],[-44.139,-10.64],[-44.153,-10.644],[-44.166,-10.643],[-44.176,-10.633],[-44.193,-10.629],[-44.209,-10.615],[-44.218,-10.615],[-44.231,-10.624],[-44.245,-10.628],[-44.258,-10.627],[-44.267,-10.623],[-44.28,-10.611],[-44.29,-10.597],[-44.302,-10.572],[-44.315,-10.557],[-44.333,-10.549],[-44.344,-10.55],[-44.355,-10.558],[-44.373,-10.58],[-44.392,-10.601],[-44.405,-10.61],[-44.417,-10.613],[-44.428,-10.612],[-44.441,-10.607],[-44.452,-10.607],[-44.464,-10.615],[-44.473,-10.635],[-44.48,-10.642],[-44.501,-10.65],[-44.515,-10.651],[-44.528,-10.647],[-44.547,-10.63],[-44.557,-10.627],[-44.578,-10.627],[-44.59,-10.632],[-44.601,-10.653],[-44.613,-10.667],[-44.627,-10.676],[-44.636,-10.677],[-44.655,-10.677],[-44.664,-10.68],[-44.669,-10.687],[-44.669,-10.702],[-44.661,-10.73],[-44.663,-10.751],[-44.667,-10.759],[-44.681,-10.768],[-44.693,-10.768],[-44.71,-10.761],[-44.715,-10.762],[-44.731,-10.772],[-44.746,-10.778],[-44.757,-10.788],[-44.758,-10.803],[-44.778,-10.804],[-44.788,-10.809],[-44.793,-10.818],[-44.801,-10.829],[-44.805,-10.839],[-44.81,-10.847],[-44.808,-10.866],[-44.814,-10.873],[-44.822,-10.875],[-44.831,-10.883],[-44.841,-10.897],[-44.847,-10.901],[-44.853,-10.895],[-44.855,-10.884],[-44.864,-10.885],[-44.884,-10.902],[-44.897,-10.903],[-44.903,-10.911],[-44.91,-10.912],[-44.924,-10.925],[-44.931,-10.929],[-44.945,-10.919],[-44.955,-10.908],[-44.968,-10.9],[-44.973,-10.892],[-44.983,-10.887],[-44.995,-10.884],[-45.002,-10.887],[-45.017,-10.885],[-45.022,-10.875],[-45.037,-10.862],[-45.044,-10.861],[-45.051,-10.851],[-45.063,-10.848],[-45.073,-10.84],[-45.082,-10.839],[-45.106,-10.847],[-45.117,-10.841],[-45.133,-10.838],[-45.158,-10.839],[-45.171,-10.835],[-45.205,-10.833],[-45.218,-10.829],[-45.219,-10.817],[-45.239,-10.82],[-45.246,-10.822],[-45.257,-10.812],[-45.269,-10.776],[-45.285,-10.767],[-45.295,-10.764],[-45.314,-10.763],[-45.33,-10.756],[-45.343,-10.743],[-45.358,-10.732],[-45.362,-10.723],[-45.362,-10.707],[-45.365,-10.701],[-45.369,-10.68],[-45.377,-10.663],[-45.385,-10.652],[-45.398,-10.646],[-45.414,-10.645],[-45.425,-10.639],[-45.432,-10.631],[-45.437,-10.616],[-45.437,-10.577],[-45.446,-10.562],[-45.447,-10.552],[-45.441,-10.544],[-45.438,-10.53],[-45.439,-10.522],[-45.447,-10.509],[-45.446,-10.505],[-45.431,-10.488],[-45.41,-10.473],[-45.4,-10.463],[-45.396,-10.445],[-45.404,-10.438],[-45.419,-10.432],[-45.425,-10.427],[-45.429,-10.414],[-45.429,-10.395],[-45.426,-10.376],[-45.43,-10.36],[-45.457,-10.339],[-45.473,-10.315],[-45.491,-10.301],[-45.514,-10.29],[-45.522,-10.277],[-45.523,-10.244],[-45.531,-10.233],[-45.551,-10.222],[-45.557,-10.217],[-45.567,-10.201],[-45.572,-10.181],[-45.565,-10.16],[-45.568,-10.139],[-45.579,-10.122],[-45.593,-10.11],[-45.603,-10.108],[-45.62,-10.115],[-45.639,-10.126],[-45.648,-10.127],[-45.66,-10.135],[-45.669,-10.145],[-45.69,-10.155],[-45.704,-10.157],[-45.716,-10.153],[-45.724,-10.155],[-45.702,-10.179],[-45.699,-10.259],[-45.727,-10.312],[-45.798,-10.323],[-45.82,-10.456],[-45.821,-10.458],[-45.871,-10.503],[-45.929,-10.522],[-45.975,-10.552],[-46.061,-10.6],[-46.08,-10.607],[-46.107,-10.614],[-46.115,-10.62],[-46.128,-10.621],[-46.15,-10.636],[-46.161,-10.659],[-46.152,-10.672],[-46.15,-10.692],[-46.165,-10.723],[-46.193,-10.743],[-46.206,-10.798],[-46.226,-10.783],[-46.238,-10.79],[-46.247,-10.802],[-46.261,-10.812],[-46.267,-10.935],[-46.342,-10.939],[-46.466,-11.134],[-46.51,-11.2],[-46.552,-11.263],[-46.553,-11.265],[-46.577,-11.342],[-46.577,-11.361],[-46.569,-11.371],[-46.56,-11.372],[-46.537,-11.372],[-46.532,-11.377],[-46.528,-11.404],[-46.524,-11.464],[-46.439,-11.521],[-46.35,-11.506],[-46.324,-11.514],[-46.251,-11.537],[-46.209,-11.585],[-46.113,-11.606],[-46.104,-11.608],[-46.086,-11.617],[-46.081,-11.624],[-46.09,-11.623],[-46.107,-11.626],[-46.125,-11.621],[-46.142,-11.626],[-46.145,-11.624],[-46.147,-11.645],[-46.155,-11.65],[-46.176,-11.647],[-46.199,-11.648],[-46.206,-11.639],[-46.215,-11.643],[-46.227,-11.636],[-46.239,-11.622],[-46.236,-11.611],[-46.244,-11.605],[-46.275,-11.607],[-46.281,-11.614],[-46.287,-11.616],[-46.307,-11.607],[-46.328,-11.609],[-46.335,-11.613],[-46.341,-11.61],[-46.346,-11.619],[-46.355,-11.62],[-46.36,-11.615],[-46.367,-11.62],[-46.373,-11.618],[-46.385,-11.627],[-46.388,-11.639],[-46.385,-11.646],[-46.36,-11.632],[-46.338,-11.642],[-46.343,-11.655],[-46.338,-11.668],[-46.328,-11.676],[-46.32,-11.675],[-46.313,-11.678],[-46.308,-11.687],[-46.318,-11.697],[-46.325,-11.71],[-46.323,-11.717],[-46.328,-11.72],[-46.342,-11.738],[-46.357,-11.745],[-46.365,-11.742],[-46.377,-11.749],[-46.378,-11.755],[-46.374,-11.768],[-46.356,-11.762],[-46.354,-11.758],[-46.343,-11.762],[-46.356,-11.774],[-46.345,-11.775],[-46.336,-11.769],[-46.329,-11.773],[-46.344,-11.787],[-46.347,-11.795],[-46.338,-11.794],[-46.338,-11.813],[-46.341,-11.816],[-46.347,-11.811],[-46.355,-11.821],[-46.35,-11.835],[-46.358,-11.841],[-46.367,-11.833],[-46.373,-11.832],[-46.381,-11.84],[-46.376,-11.847],[-46.38,-11.867],[-46.368,-11.889],[-46.359,-11.883],[-46.349,-11.887],[-46.336,-11.898],[-46.331,-11.898],[-46.322,-11.908],[-46.307,-11.914],[-46.297,-11.914],[-46.289,-11.91],[-46.282,-11.918],[-46.278,-11.915],[-46.264,-11.916],[-46.258,-11.912],[-46.248,-11.919],[-46.23,-11.916],[-46.214,-11.908],[-46.204,-11.908],[-46.19,-11.903],[-46.18,-11.907],[-46.192,-11.917],[-46.193,-11.921],[-46.208,-11.922],[-46.233,-11.936],[-46.244,-11.939],[-46.261,-11.935],[-46.276,-11.936],[-46.28,-11.939],[-46.297,-11.938],[-46.308,-11.943],[-46.316,-11.942],[-46.321,-11.949],[-46.336,-11.954],[-46.342,-11.966],[-46.347,-11.966],[-46.353,-11.978],[-46.365,-11.981],[-46.364,-11.991],[-46.37,-11.992],[-46.375,-11.999],[-46.388,-12.004],[-46.389,-12.011],[-46.402,-12.017],[-46.408,-12.015],[-46.422,-12.018],[-46.422,-12.029],[-46.438,-12.031],[-46.445,-12.026],[-46.456,-12.03],[-46.461,-12.036],[-46.471,-12.037],[-46.478,-12.043],[-46.478,-12.049],[-46.465,-12.046],[-46.453,-12.05],[-46.451,-12.054],[-46.422,-12.05],[-46.414,-12.048],[-46.389,-12.049],[-46.385,-12.054],[-46.388,-12.076],[-46.384,-12.084],[-46.398,-12.09],[-46.385,-12.095],[-46.38,-12.094],[-46.371,-12.1],[-46.37,-12.111],[-46.372,-12.123],[-46.376,-12.132],[-46.383,-12.134],[-46.382,-12.145],[-46.389,-12.156],[-46.4,-12.157],[-46.397,-12.171],[-46.392,-12.171],[-46.381,-12.181],[-46.397,-12.19],[-46.391,-12.194],[-46.377,-12.197],[-46.378,-12.213],[-46.366,-12.215],[-46.373,-12.226],[-46.37,-12.232],[-46.388,-12.249],[-46.386,-12.255],[-46.375,-12.26],[-46.376,-12.266],[-46.371,-12.271],[-46.379,-12.28],[-46.385,-12.28],[-46.385,-12.294],[-46.368,-12.298],[-46.349,-12.299],[-46.352,-12.32],[-46.358,-12.324],[-46.363,-12.338],[-46.368,-12.339],[-46.37,-12.348],[-46.359,-12.352],[-46.345,-12.366],[-46.328,-12.357],[-46.314,-12.357],[-46.307,-12.364],[-46.3,-12.364],[-46.298,-12.371],[-46.29,-12.377],[-46.297,-12.381],[-46.308,-12.401],[-46.316,-12.406],[-46.323,-12.406],[-46.331,-12.425],[-46.331,-12.441],[-46.34,-12.452],[-46.324,-12.465],[-46.317,-12.464],[-46.313,-12.448],[-46.303,-12.44],[-46.309,-12.431],[-46.304,-12.425],[-46.29,-12.417],[-46.283,-12.429],[-46.28,-12.422],[-46.27,-12.432],[-46.273,-12.439],[-46.281,-12.441],[-46.277,-12.448],[-46.28,-12.454],[-46.269,-12.457],[-46.261,-12.474],[-46.266,-12.483],[-46.266,-12.499],[-46.272,-12.513],[-46.26,-12.512],[-46.245,-12.504],[-46.233,-12.504],[-46.212,-12.5],[-46.198,-12.504],[-46.198,-12.504],[-46.206,-12.508],[-46.21,-12.517],[-46.225,-12.528],[-46.238,-12.532],[-46.24,-12.537],[-46.249,-12.536],[-46.253,-12.541],[-46.263,-12.545],[-46.27,-12.551],[-46.272,-12.559],[-46.272,-12.57],[-46.286,-12.576],[-46.297,-12.576],[-46.286,-12.588],[-46.276,-12.594],[-46.283,-12.602],[-46.286,-12.612],[-46.291,-12.615],[-46.307,-12.637],[-46.29,-12.638],[-46.274,-12.644],[-46.268,-12.651],[-46.268,-12.666],[-46.277,-12.672],[-46.292,-12.677],[-46.292,-12.684],[-46.303,-12.685],[-46.304,-12.696],[-46.293,-12.699],[-46.292,-12.708],[-46.277,-12.709],[-46.268,-12.716],[-46.271,-12.722],[-46.271,-12.732],[-46.275,-12.74],[-46.284,-12.739],[-46.285,-12.75],[-46.293,-12.75],[-46.293,-12.762],[-46.282,-12.764],[-46.287,-12.774],[-46.295,-12.773],[-46.303,-12.786],[-46.309,-12.785],[-46.31,-12.796],[-46.3,-12.799],[-46.283,-12.812],[-46.274,-12.816],[-46.275,-12.84],[-46.288,-12.854],[-46.3,-12.857],[-46.302,-12.866],[-46.296,-12.869],[-46.294,-12.889],[-46.287,-12.892],[-46.291,-12.9],[-46.312,-12.91],[-46.312,-12.918],[-46.306,-12.927],[-46.312,-12.933],[-46.308,-12.942],[-46.32,-12.956],[-46.288,-12.952],[-46.282,-12.947],[-46.275,-12.947],[-46.265,-12.94],[-46.254,-12.939],[-46.245,-12.942],[-46.241,-12.948],[-46.221,-12.95],[-46.2,-12.947],[-46.19,-12.941],[-46.183,-12.934],[-46.167,-12.928],[-46.159,-12.931],[-46.144,-12.931],[-46.135,-12.923],[-46.127,-12.912],[-46.113,-12.918],[-46.105,-12.925],[-46.109,-12.938],[-46.121,-12.953],[-46.125,-12.96],[-46.151,-12.97],[-46.155,-12.976],[-46.166,-12.977],[-46.168,-12.981],[-46.194,-12.997],[-46.211,-13.001],[-46.215,-13.004],[-46.257,-13.014],[-46.276,-13.02],[-46.278,-13.031],[-46.284,-13.033],[-46.282,-13.045],[-46.293,-13.056],[-46.299,-13.064],[-46.301,-13.074],[-46.31,-13.082],[-46.316,-13.091],[-46.329,-13.1],[-46.317,-13.108],[-46.316,-13.119],[-46.311,-13.124],[-46.3,-13.128],[-46.3,-13.136],[-46.295,-13.142],[-46.303,-13.15],[-46.308,-13.164],[-46.306,-13.168],[-46.317,-13.183],[-46.307,-13.183],[-46.302,-13.191],[-46.304,-13.206],[-46.31,-13.209],[-46.313,-13.222],[-46.318,-13.23],[-46.328,-13.253],[-46.306,-13.252],[-46.301,-13.255],[-46.304,-13.268],[-46.3,-13.283],[-46.306,-13.287],[-46.318,-13.305],[-46.306,-13.308],[-46.3,-13.315],[-46.292,-13.317],[-46.22,-13.296],[-46.175,-13.277],[-46.103,-13.258],[-46.085,-13.269],[-46.071,-13.287],[-46.068,-13.295],[-46.073,-13.311],[-46.088,-13.329],[-46.099,-13.335],[-46.118,-13.357],[-46.125,-13.36],[-46.136,-13.376],[-46.151,-13.381],[-46.159,-13.381],[-46.18,-13.397],[-46.192,-13.41],[-46.212,-13.419],[-46.232,-13.419],[-46.243,-13.424],[-46.249,-13.431],[-46.248,-13.436],[-46.237,-13.435],[-46.223,-13.441],[-46.221,-13.451],[-46.209,-13.466],[-46.213,-13.472],[-46.233,-13.482],[-46.226,-13.493],[-46.225,-13.505],[-46.236,-13.515],[-46.247,-13.522],[-46.237,-13.545],[-46.241,-13.571],[-46.246,-13.578],[-46.232,-13.583],[-46.222,-13.577],[-46.2,-13.572],[-46.187,-13.575],[-46.175,-13.583],[-46.166,-13.593],[-46.163,-13.604],[-46.178,-13.614],[-46.188,-13.617],[-46.188,-13.622],[-46.216,-13.636],[-46.228,-13.649],[-46.238,-13.652],[-46.237,-13.659],[-46.256,-13.684],[-46.252,-13.692],[-46.241,-13.694],[-46.236,-13.701],[-46.236,-13.708],[-46.239,-13.718],[-46.255,-13.725],[-46.254,-13.735],[-46.236,-13.75],[-46.23,-13.76],[-46.223,-13.765],[-46.23,-13.774],[-46.246,-13.779],[-46.254,-13.78],[-46.278,-13.791],[-46.275,-13.798],[-46.264,-13.807],[-46.274,-13.829],[-46.266,-13.831],[-46.252,-13.829],[-46.247,-13.836],[-46.235,-13.841],[-46.233,-13.849],[-46.244,-13.865],[-46.248,-13.877],[-46.257,-13.887],[-46.257,-13.896],[-46.261,-13.901],[-46.26,-13.909],[-46.267,-13.918],[-46.263,-13.925],[-46.264,-13.947],[-46.255,-13.967],[-46.235,-13.968],[-46.22,-13.975],[-46.219,-13.994],[-46.224,-14.004],[-46.212,-14.01],[-46.21,-14.017],[-46.213,-14.031],[-46.228,-14.044],[-46.227,-14.049],[-46.229,-14.06],[-46.225,-14.073],[-46.224,-14.098],[-46.221,-14.107],[-46.207,-14.122],[-46.199,-14.127],[-46.195,-14.137],[-46.188,-14.145],[-46.187,-14.153],[-46.173,-14.157],[-46.168,-14.16],[-46.158,-14.161],[-46.132,-14.153],[-46.128,-14.158],[-46.116,-14.162],[-46.111,-14.173],[-46.117,-14.189],[-46.109,-14.187],[-46.098,-14.197],[-46.102,-14.208],[-46.08,-14.197],[-46.067,-14.194],[-46.061,-14.195],[-46.053,-14.204],[-46.057,-14.215],[-46.055,-14.222],[-46.06,-14.232],[-46.05,-14.244],[-46.033,-14.248],[-46.03,-14.259],[-46.024,-14.261],[-46.015,-14.255],[-45.995,-14.256],[-45.998,-14.278],[-45.982,-14.274],[-45.964,-14.284],[-45.958,-14.303],[-45.957,-14.321],[-45.948,-14.329],[-45.942,-14.343],[-45.933,-14.342],[-45.928,-14.35],[-45.915,-14.345],[-45.907,-14.355],[-45.908,-14.366],[-45.914,-14.378],[-45.922,-14.383],[-45.924,-14.396],[-45.932,-14.409],[-45.942,-14.415],[-45.949,-14.415],[-45.959,-14.426],[-45.967,-14.428],[-45.976,-14.434],[-45.988,-14.428],[-46.004,-14.425],[-46.0,-14.447],[-46.011,-14.455],[-46.011,-14.459],[-46.019,-14.472],[-46.013,-14.479],[-45.996,-14.488],[-45.993,-14.498],[-46.0,-14.504],[-46.004,-14.515],[-46.0,-14.523],[-45.981,-14.532],[-45.975,-14.539],[-45.979,-14.547],[-45.989,-14.549],[-45.991,-14.565],[-45.985,-14.578],[-45.989,-14.589],[-45.998,-14.604],[-45.985,-14.619],[-45.985,-14.63],[-45.992,-14.64],[-45.989,-14.647],[-45.992,-14.662],[-46.001,-14.667],[-46.011,-14.662],[-46.021,-14.67],[-46.025,-14.678],[-46.028,-14.681],[-46.021,-14.691],[-46.005,-14.689],[-46.004,-14.706],[-46.0,-14.709],[-45.999,-14.719],[-46.005,-14.73],[-45.997,-14.741],[-46.007,-14.751],[-46.005,-14.764],[-45.999,-14.768],[-46.002,-14.777],[-45.999,-14.782],[-46.003,-14.796],[-46.014,-14.799],[-46.019,-14.803],[-46.019,-14.819],[-46.037,-14.823],[-46.041,-14.826],[-46.039,-14.838],[-46.028,-14.847],[-46.025,-14.856],[-46.031,-14.861],[-46.039,-14.875],[-46.038,-14.875],[-46.034,-14.88],[-46.021,-14.884],[-46.011,-14.897],[-46.004,-14.902],[-46.003,-14.909],[-46.008,-14.92],[-46.005,-14.928],[-45.996,-14.928],[-45.991,-14.937],[-45.979,-14.947],[-45.972,-14.949],[-45.966,-14.966],[-45.967,-14.98],[-45.97,-14.992],[-45.978,-14.999],[-45.975,-15.005],[-45.974,-15.027],[-45.975,-15.037],[-45.996,-15.059],[-46.012,-15.072],[-46.019,-15.081],[-46.02,-15.093],[-46.027,-15.101],[-46.029,-15.114],[-46.044,-15.118],[-46.05,-15.133],[-46.044,-15.143],[-46.047,-15.15],[-46.048,-15.164],[-46.054,-15.172],[-46.062,-15.175],[-46.079,-15.175],[-46.081,-15.182],[-46.093,-15.185],[-46.098,-15.193],[-46.115,-15.191],[-46.121,-15.197],[-46.117,-15.205],[-46.099,-15.217],[-46.101,-15.23],[-46.097,-15.243],[-46.092,-15.248],[-46.085,-15.246],[-46.08,-15.251],[-46.077,-15.265],[-46.058,-15.263],[-46.054,-15.26],[-46.056,-15.251],[-46.047,-15.236],[-46.042,-15.236],[-46.038,-15.227],[-46.039,-15.217],[-46.033,-15.214],[-46.029,-15.202],[-46.016,-15.197],[-46.001,-15.196],[-45.994,-15.201],[-45.984,-15.196],[-45.972,-15.17],[-45.972,-15.157],[-45.961,-15.144],[-45.939,-15.136],[-45.919,-15.133],[-45.906,-15.142],[-45.891,-15.148],[-45.88,-15.156],[-45.872,-15.159],[-45.861,-15.152],[-45.859,-15.145],[-45.844,-15.145],[-45.834,-15.137],[-45.83,-15.12],[-45.812,-15.113],[-45.803,-15.119],[-45.784,-15.114],[-45.765,-15.117],[-45.751,-15.123],[-45.74,-15.12],[-45.728,-15.113],[-45.722,-15.112],[-45.718,-15.105],[-45.719,-15.096],[-45.7,-15.09],[-45.697,-15.093],[-45.673,-15.078],[-45.666,-15.063],[-45.656,-15.049],[-45.66,-15.038],[-45.658,-15.028],[-45.65,-15.024],[-45.625,-15.021],[-45.617,-15.014],[-45.603,-14.989],[-45.594,-14.984],[-45.594,-14.979],[-45.578,-14.967],[-45.567,-14.957],[-45.568,-14.946],[-45.554,-14.945],[-45.547,-14.939],[-45.536,-14.938],[-45.526,-14.946],[-45.526,-14.949],[-45.514,-14.954],[-45.498,-14.946],[-45.49,-14.961],[-45.47,-14.95],[-45.455,-14.949],[-45.435,-14.923],[-45.429,-14.92],[-45.425,-14.925],[-45.41,-14.923],[-45.4,-14.918],[-45.387,-14.907],[-45.383,-14.899],[-45.369,-14.89],[-45.372,-14.881],[-45.364,-14.872],[-45.356,-14.877],[-45.35,-14.868],[-45.322,-14.852],[-45.318,-14.853],[-45.306,-14.834],[-45.302,-14.828],[-45.289,-14.828],[-45.287,-14.822],[-45.274,-14.812],[-45.272,-14.801],[-45.265,-14.802],[-45.259,-14.79],[-45.25,-14.784],[-45.243,-14.786],[-45.232,-14.775],[-45.229,-14.766],[-45.222,-14.762],[-45.217,-14.755],[-45.206,-14.745],[-45.191,-14.75],[-45.19,-14.743],[-45.182,-14.745],[-45.166,-14.735],[-45.153,-14.742],[-45.136,-14.747],[-45.117,-14.748],[-45.096,-14.753],[-45.083,-14.749],[-45.065,-14.731],[-45.055,-14.707],[-45.054,-14.7],[-45.048,-14.691],[-45.04,-14.691],[-45.04,-14.681],[-45.032,-14.676],[-44.996,-14.668],[-44.997,-14.659],[-44.985,-14.661],[-44.981,-14.646],[-44.96,-14.632],[-44.955,-14.634],[-44.935,-14.626],[-44.931,-14.623],[-44.917,-14.62],[-44.908,-14.613],[-44.91,-14.603],[-44.897,-14.605],[-44.89,-14.597],[-44.876,-14.597],[-44.869,-14.593],[-44.862,-14.579],[-44.851,-14.578],[-44.854,-14.567],[-44.847,-14.558],[-44.848,-14.547],[-44.843,-14.542],[-44.833,-14.543],[-44.83,-14.533],[-44.831,-14.52],[-44.825,-14.519],[-44.835,-14.508],[-44.833,-14.5],[-44.824,-14.504],[-44.811,-14.503],[-44.809,-14.498],[-44.794,-14.497],[-44.793,-14.49],[-44.782,-14.483],[-44.767,-14.477],[-44.757,-14.478],[-44.741,-14.467],[-44.735,-14.461],[-44.726,-14.458],[-44.725,-14.45],[-44.713,-14.444],[-44.701,-14.45],[-44.698,-14.432],[-44.694,-14.423],[-44.687,-14.417],[-44.675,-14.424],[-44.671,-14.416],[-44.659,-14.417],[-44.662,-14.403],[-44.659,-14.396],[-44.644,-14.393],[-44.633,-14.388],[-44.626,-14.376],[-44.618,-14.376],[-44.61,-14.366],[-44.599,-14.368],[-44.59,-14.361],[-44.587,-14.354],[-44.566,-14.341],[-44.553,-14.338],[-44.543,-14.341],[-44.541,-14.332],[-44.529,-14.328],[-44.518,-14.33],[-44.511,-14.323],[-44.503,-14.322],[-44.498,-14.328],[-44.488,-14.329],[-44.475,-14.314],[-44.47,-14.316],[-44.464,-14.311],[-44.454,-14.312],[-44.448,-14.306],[-44.439,-14.303],[-44.429,-14.287],[-44.412,-14.282],[-44.391,-14.276],[-44.382,-14.279],[-44.375,-14.274],[-44.362,-14.273],[-44.353,-14.266],[-44.351,-14.26],[-44.34,-14.257],[-44.341,-14.249],[-44.32,-14.244],[-44.316,-14.24],[-44.302,-14.253],[-44.296,-14.253],[-44.284,-14.248],[-44.277,-14.252],[-44.272,-14.247],[-44.254,-14.252],[-44.25,-14.259],[-44.238,-14.252],[-44.235,-14.247],[-44.241,-14.241],[-44.218,-14.245],[-44.217,-14.233],[-44.209,-14.239],[-44.209,-14.247],[-44.201,-14.255],[-44.183,-14.258],[-44.17,-14.269],[-44.165,-14.269],[-44.16,-14.258],[-44.137,-14.264],[-44.132,-14.282],[-44.117,-14.267],[-44.114,-14.26],[-44.107,-14.259],[-44.106,-14.267],[-44.097,-14.274],[-44.083,-14.269],[-44.074,-14.272],[-44.073,-14.281],[-44.067,-14.279],[-44.051,-14.286],[-44.046,-14.284],[-44.032,-14.288],[-44.026,-14.277],[-44.009,-14.272],[-44.006,-14.267],[-43.997,-14.266],[-43.991,-14.273],[-43.983,-14.276],[-43.981,-14.282],[-43.968,-14.275],[-43.962,-14.291],[-43.946,-14.29],[-43.943,-14.3],[-43.933,-14.296],[-43.915,-14.297],[-43.915,-14.304],[-43.902,-14.298],[-43.897,-14.299],[-43.881,-14.312],[-43.87,-14.31],[-43.86,-14.312],[-43.855,-14.308],[-43.843,-14.317],[-43.837,-14.312],[-43.828,-14.316],[-43.815,-14.325],[-43.809,-14.325],[-43.807,-14.332],[-43.783,-14.339],[-43.799,-14.36],[-43.804,-14.371],[-43.814,-14.381],[-43.818,-14.388],[-43.82,-14.392],[-43.827,-14.429],[-43.832,-14.443],[-43.858,-14.493],[-43.87,-14.513],[-43.875,-14.524],[-43.875,-14.537],[-43.881,-14.562],[-43.879,-14.568],[-43.887,-14.585],[-43.877,-14.591],[-43.877,-14.609],[-43.875,-14.622],[-43.881,-14.631],[-43.875,-14.637],[-43.883,-14.652],[-43.872,-14.664],[-43.863,-14.663],[-43.859,-14.674],[-43.847,-14.672],[-43.838,-14.676],[-43.82,-14.679],[-43.813,-14.684],[-43.799,-14.688],[-43.786,-14.686],[-43.776,-14.692],[-43.763,-14.693],[-43.755,-14.701],[-43.742,-14.701],[-43.726,-14.698],[-43.721,-14.702],[-43.718,-14.711],[-43.712,-14.715],[-43.72,-14.721],[-43.72,-14.729],[-43.71,-14.73],[-43.696,-14.724],[-43.677,-14.729],[-43.671,-14.737],[-43.657,-14.746],[-43.63,-14.75],[-43.615,-14.76],[-43.606,-14.759],[-43.599,-14.754],[-43.586,-14.75],[-43.579,-14.753],[-43.574,-14.765],[-43.542,-14.779],[-43.534,-14.789],[-43.54,-14.803],[-43.531,-14.815],[-43.531,-14.816],[-43.525,-14.814],[-43.521,-14.806],[-43.509,-14.806],[-43.511,-14.797],[-43.497,-14.796],[-43.494,-14.791],[-43.487,-14.79],[-43.478,-14.792],[-43.468,-14.785],[-43.469,-14.779],[-43.48,-14.773],[-43.481,-14.768],[-43.472,-14.762],[-43.463,-14.766],[-43.456,-14.758],[-43.461,-14.746],[-43.456,-14.74],[-43.446,-14.737],[-43.435,-14.726],[-43.424,-14.72],[-43.417,-14.724],[-43.399,-14.71],[-43.383,-14.706],[-43.373,-14.699],[-43.354,-14.698],[-43.336,-14.689],[-43.331,-14.68],[-43.32,-14.678],[-43.311,-14.67],[-43.298,-14.676],[-43.284,-14.674],[-43.281,-14.666],[-43.261,-14.663],[-43.245,-14.656],[-43.225,-14.658],[-43.208,-14.658],[-43.201,-14.651],[-43.193,-14.65],[-43.179,-14.661],[-43.175,-14.651],[-43.151,-14.666],[-43.127,-14.666],[-43.116,-14.679],[-43.108,-14.673],[-43.101,-14.675],[-43.092,-14.683],[-43.083,-14.698],[-43.079,-14.69],[-43.071,-14.687],[-43.068,-14.681],[-43.059,-14.685],[-43.057,-14.691],[-43.049,-14.69],[-43.037,-14.683],[-43.027,-14.686],[-43.027,-14.694],[-43.016,-14.697],[-43.011,-14.702],[-43.003,-14.696],[-42.987,-14.701],[-42.977,-14.698],[-42.953,-14.708],[-42.939,-14.708],[-42.937,-14.722],[-42.925,-14.736],[-42.927,-14.743],[-42.916,-14.748],[-42.911,-14.746],[-42.906,-14.761],[-42.898,-14.761],[-42.89,-14.767],[-42.881,-14.769],[-42.872,-14.765],[-42.867,-14.771],[-42.872,-14.775],[-42.861,-14.781],[-42.856,-14.79],[-42.842,-14.796],[-42.835,-14.808],[-42.825,-14.813],[-42.818,-14.822],[-42.795,-14.837],[-42.787,-14.84],[-42.767,-14.842],[-42.755,-14.846],[-42.753,-14.857],[-42.747,-14.868],[-42.736,-14.877],[-42.727,-14.879],[-42.723,-14.886],[-42.707,-14.881],[-42.7,-14.888],[-42.7,-14.895],[-42.693,-14.902],[-42.68,-14.903],[-42.672,-14.912],[-42.664,-14.916],[-42.649,-14.93],[-42.64,-14.932],[-42.628,-14.941],[-42.619,-14.94],[-42.613,-14.938],[-42.602,-14.925],[-42.599,-14.924],[-42.586,-14.932],[-42.578,-14.939],[-42.575,-14.946],[-42.561,-14.962],[-42.554,-14.959],[-42.533,-14.968],[-42.533,-14.976],[-42.522,-14.983],[-42.516,-14.983],[-42.489,-15.0],[-42.479,-15.014],[-42.462,-15.021],[-42.444,-15.021],[-42.436,-15.026],[-42.442,-15.035],[-42.444,-15.056],[-42.443,-15.061],[-42.422,-15.066],[-42.409,-15.071],[-42.401,-15.077],[-42.393,-15.077],[-42.381,-15.071],[-42.372,-15.074],[-42.364,-15.089],[-42.355,-15.098],[-42.335,-15.079],[-42.328,-15.085],[-42.324,-15.094],[-42.306,-15.104],[-42.29,-15.11],[-42.283,-15.118],[-42.278,-15.114],[-42.273,-15.115],[-42.266,-15.125],[-42.259,-15.122],[-42.247,-15.109],[-42.223,-15.1],[-42.216,-15.106],[-42.203,-15.1],[-42.193,-15.103],[-42.183,-15.1],[-42.18,-15.088],[-42.173,-15.086],[-42.163,-15.098],[-42.155,-15.098],[-42.152,-15.105],[-42.151,-15.118],[-42.141,-15.129],[-42.125,-15.135],[-42.116,-15.144],[-42.109,-15.156],[-42.106,-15.168],[-42.097,-15.171],[-42.096,-15.182],[-42.085,-15.187],[-42.073,-15.176],[-42.048,-15.171],[-42.004,-15.16],[-41.995,-15.159],[-41.988,-15.168],[-41.976,-15.167],[-41.953,-15.176],[-41.932,-15.175],[-41.928,-15.163],[-41.915,-15.161],[-41.91,-15.154],[-41.897,-15.152],[-41.888,-15.142],[-41.879,-15.136],[-41.873,-15.117],[-41.867,-15.115],[-41.848,-15.117],[-41.838,-15.112],[-41.816,-15.108],[-41.81,-15.101],[-41.802,-15.1],[-41.76,-15.138],[-41.651,-15.236],[-41.499,-15.373],[-41.464,-15.402],[-41.456,-15.41],[-41.433,-15.432],[-41.423,-15.44],[-41.364,-15.493],[-41.362,-15.495],[-41.356,-15.5],[-41.342,-15.639],[-41.331,-15.745],[-41.33,-15.743],[-41.305,-15.743],[-41.293,-15.739],[-41.282,-15.741],[-41.269,-15.749],[-41.254,-15.747],[-41.237,-15.738],[-41.215,-15.737],[-41.21,-15.739],[-41.2,-15.749],[-41.166,-15.761],[-41.156,-15.761],[-41.142,-15.772],[-41.136,-15.766],[-41.133,-15.753],[-41.122,-15.743],[-41.098,-15.741],[-41.083,-15.729],[-41.079,-15.72],[-41.048,-15.724],[-41.036,-15.714],[-41.025,-15.712],[-41.006,-15.714],[-40.986,-15.693],[-40.978,-15.688],[-40.977,-15.675],[-40.973,-15.664],[-40.963,-15.648],[-40.947,-15.657],[-40.926,-15.656],[-40.914,-15.661],[-40.907,-15.675],[-40.908,-15.684],[-40.903,-15.692],[-40.892,-15.691],[-40.882,-15.694],[-40.855,-15.687],[-40.851,-15.682],[-40.841,-15.682],[-40.84,-15.675],[-40.831,-15.669],[-40.832,-15.654],[-40.829,-15.648],[-40.817,-15.648],[-40.808,-15.656],[-40.795,-15.664],[-40.78,-15.68],[-40.786,-15.692],[-40.778,-15.708],[-40.768,-15.714],[-40.76,-15.713],[-40.742,-15.705],[-40.737,-15.7],[-40.744,-15.684],[-40.732,-15.675],[-40.714,-15.672],[-40.707,-15.666],[-40.701,-15.667],[-40.689,-15.683],[-40.681,-15.7],[-40.672,-15.701],[-40.662,-15.707],[-40.645,-15.729],[-40.638,-15.73],[-40.633,-15.718],[-40.626,-15.718],[-40.614,-15.735],[-40.607,-15.737],[-40.601,-15.743],[-40.6,-15.753],[-40.604,-15.759],[-40.593,-15.762],[-40.591,-15.773],[-40.579,-15.773],[-40.567,-15.778],[-40.573,-15.786],[-40.571,-15.792],[-40.561,-15.804],[-40.553,-15.804],[-40.542,-15.795],[-40.52,-15.798],[-40.517,-15.791],[-40.519,-15.783],[-40.514,-15.773],[-40.506,-15.767],[-40.495,-15.766],[-40.484,-15.776],[-40.475,-15.771],[-40.464,-15.756],[-40.457,-15.755],[-40.45,-15.762],[-40.432,-15.779],[-40.425,-15.806],[-40.406,-15.812],[-40.378,-15.818],[-40.368,-15.817],[-40.357,-15.813],[-40.343,-15.818],[-40.337,-15.824],[-40.328,-15.818],[-40.321,-15.821],[-40.312,-15.816],[-40.294,-15.817],[-40.283,-15.808],[-40.271,-15.817],[-40.263,-15.809],[-40.236,-15.803],[-40.229,-15.809],[-40.228,-15.819],[-40.223,-15.821],[-40.219,-15.836],[-40.208,-15.847],[-40.207,-15.854],[-40.193,-15.858],[-40.174,-15.87],[-40.166,-15.868],[-40.166,-15.894],[-40.174,-15.898],[-40.175,-15.904],[-40.16,-15.909],[-40.157,-15.899],[-40.148,-15.905],[-40.127,-15.907],[-40.117,-15.903],[-40.11,-15.913],[-40.097,-15.908],[-40.097,-15.9],[-40.085,-15.897],[-40.082,-15.905],[-40.087,-15.914],[-40.08,-15.924],[-40.075,-15.92],[-40.066,-15.94],[-40.066,-15.959],[-40.061,-15.964],[-40.046,-15.962],[-40.044,-15.974],[-40.033,-15.978],[-40.028,-15.986],[-40.014,-15.984],[-40.004,-16.002],[-39.993,-15.996],[-39.98,-15.998],[-39.98,-16.006],[-39.964,-16.004],[-39.963,-15.996],[-39.958,-15.992],[-39.936,-15.995],[-39.924,-15.995],[-39.915,-16],[-39.918,-16.007],[-39.926,-16.012],[-39.936,-16.024],[-39.922,-16.029],[-39.919,-16.033],[-39.899,-16.05],[-39.9,-16.059],[-39.884,-16.066],[-39.877,-16.078],[-39.878,-16.089],[-39.875,-16.094],[-39.867,-16.096],[-39.865,-16.104],[-39.857,-16.114],[-39.861,-16.125],[-39.87,-16.135],[-39.884,-16.145],[-39.892,-16.138],[-39.896,-16.148],[-39.887,-16.151],[-39.883,-16.164],[-39.883,-16.195],[-39.9,-16.203],[-39.902,-16.209],[-39.913,-16.21],[-39.912,-16.216],[-39.936,-16.244],[-39.936,-16.248],[-39.928,-16.258],[-39.92,-16.264],[-39.916,-16.281],[-39.918,-16.284],[-39.933,-16.284],[-39.939,-16.294],[-39.951,-16.297],[-39.958,-16.308],[-39.961,-16.322],[-39.97,-16.328],[-39.971,-16.32],[-39.978,-16.318],[-39.981,-16.311],[-39.99,-16.312],[-39.997,-16.325],[-39.995,-16.331],[-40.011,-16.34],[-40.017,-16.348],[-40.025,-16.357],[-40.026,-16.366],[-40.032,-16.392],[-40.042,-16.406],[-40.041,-16.412],[-40.046,-16.422],[-40.055,-16.433],[-40.062,-16.431],[-40.066,-16.457],[-40.079,-16.464],[-40.088,-16.452],[-40.097,-16.448],[-40.092,-16.435],[-40.095,-16.424],[-40.1,-16.424],[-40.103,-16.437],[-40.11,-16.449],[-40.114,-16.454],[-40.117,-16.467],[-40.121,-16.467],[-40.133,-16.482],[-40.142,-16.498],[-40.153,-16.507],[-40.16,-16.517],[-40.17,-16.525],[-40.169,-16.539],[-40.163,-16.55],[-40.154,-16.56],[-40.154,-16.566],[-40.16,-16.571],[-40.158,-16.579],[-40.173,-16.577],[-40.186,-16.573],[-40.198,-16.57],[-40.213,-16.573],[-40.218,-16.567],[-40.23,-16.561],[-40.253,-16.57],[-40.26,-16.574],[-40.276,-16.573],[-40.276,-16.579],[-40.283,-16.587],[-40.288,-16.601],[-40.284,-16.605],[-40.292,-16.622],[-40.298,-16.644],[-40.298,-16.652],[-40.303,-16.658],[-40.313,-16.679],[-40.311,-16.696],[-40.307,-16.697],[-40.303,-16.704],[-40.304,-16.712],[-40.311,-16.719],[-40.31,-16.733],[-40.32,-16.746],[-40.333,-16.77],[-40.336,-16.788],[-40.324,-16.801],[-40.295,-16.797],[-40.283,-16.804],[-40.269,-16.796],[-40.258,-16.806],[-40.258,-16.821],[-40.251,-16.831],[-40.252,-16.858],[-40.266,-16.86],[-40.272,-16.87],[-40.272,-16.878],[-40.282,-16.901],[-40.295,-16.904],[-40.303,-16.892],[-40.31,-16.897],[-40.316,-16.905],[-40.323,-16.904],[-40.331,-16.908],[-40.34,-16.898],[-40.349,-16.899],[-40.348,-16.888],[-40.354,-16.886],[-40.365,-16.875],[-40.378,-16.887],[-40.394,-16.887],[-40.401,-16.89],[-40.408,-16.899],[-40.418,-16.899],[-40.427,-16.89],[-40.434,-16.887],[-40.444,-16.893],[-40.452,-16.891],[-40.454,-16.882],[-40.46,-16.878],[-40.48,-16.877],[-40.492,-16.887],[-40.491,-16.896],[-40.497,-16.917],[-40.506,-16.931],[-40.516,-16.963],[-40.532,-16.975],[-40.535,-16.981],[-40.544,-16.983],[-40.548,-16.991],[-40.55,-17.001],[-40.556,-17.013],[-40.556,-17.023],[-40.56,-17.042],[-40.572,-17.066],[-40.571,-17.08],[-40.561,-17.082],[-40.557,-17.09],[-40.557,-17.105],[-40.562,-17.112],[-40.562,-17.123],[-40.571,-17.141],[-40.579,-17.15],[-40.576,-17.157],[-40.578,-17.168],[-40.572,-17.182],[-40.558,-17.186],[-40.554,-17.189],[-40.554,-17.203],[-40.562,-17.209],[-40.563,-17.218],[-40.559,-17.232],[-40.571,-17.253],[-40.564,-17.257],[-40.562,-17.273],[-40.55,-17.279],[-40.548,-17.284],[-40.555,-17.288],[-40.563,-17.289],[-40.572,-17.295],[-40.582,-17.311],[-40.59,-17.313],[-40.595,-17.324],[-40.606,-17.323],[-40.609,-17.327],[-40.602,-17.341],[-40.593,-17.346],[-40.605,-17.356],[-40.599,-17.364],[-40.598,-17.377],[-40.601,-17.381],[-40.599,-17.392],[-40.614,-17.398],[-40.623,-17.403],[-40.62,-17.41],[-40.609,-17.417],[-40.597,-17.421],[-40.578,-17.414],[-40.568,-17.418],[-40.564,-17.425],[-40.554,-17.436],[-40.539,-17.442],[-40.52,-17.447],[-40.521,-17.458],[-40.511,-17.466],[-40.505,-17.476],[-40.498,-17.479],[-40.495,-17.487],[-40.483,-17.488],[-40.486,-17.5],[-40.484,-17.506],[-40.489,-17.52],[-40.486,-17.527],[-40.475,-17.534],[-40.459,-17.57],[-40.445,-17.579],[-40.438,-17.57],[-40.428,-17.567],[-40.414,-17.574],[-40.41,-17.586],[-40.417,-17.588],[-40.418,-17.599],[-40.414,-17.61],[-40.404,-17.611],[-40.397,-17.626],[-40.389,-17.621],[-40.38,-17.611],[-40.372,-17.613],[-40.368,-17.618],[-40.361,-17.637],[-40.353,-17.637],[-40.349,-17.631],[-40.352,-17.622],[-40.344,-17.616],[-40.336,-17.626],[-40.334,-17.632],[-40.324,-17.641],[-40.326,-17.654],[-40.323,-17.661],[-40.309,-17.665],[-40.299,-17.675],[-40.3,-17.689],[-40.295,-17.7],[-40.286,-17.701],[-40.283,-17.718],[-40.273,-17.727],[-40.256,-17.72],[-40.249,-17.731],[-40.24,-17.735],[-40.224,-17.734],[-40.214,-17.752],[-40.218,-17.77],[-40.214,-17.777],[-40.218,-17.796],[-40.205,-17.805],[-40.202,-17.816],[-40.204,-17.829],[-40.198,-17.828],[-40.182,-17.836],[-40.174,-17.852],[-40.212,-17.895],[-40.264,-17.922],[-40.266,-17.932],[-40.26,-17.94],[-40.239,-17.954],[-40.227,-17.958],[-40.223,-17.967],[-40.222,-17.98],[-40.22,-17.982],[-40.062,-18.084],[-40.02,-18.11],[-39.912,-18.179],[-39.777,-18.265],[-39.689,-18.321],[-39.674,-18.325],[-39.668,-18.337],[-39.658,-18.323],[-39.66,-18.318],[-39.652,-18.295],[-39.653,-18.287],[-39.645,-18.265],[-39.638,-18.249],[-39.635,-18.232],[-39.609,-18.185],[-39.588,-18.151],[-39.563,-18.116],[-39.549,-18.102],[-39.545,-18.086],[-39.54,-18.076],[-39.516,-18.034],[-39.491,-17.998],[-39.481,-17.985],[-39.46,-17.962],[-39.444,-17.947],[-39.426,-17.933],[-39.407,-17.922],[-39.382,-17.912],[-39.364,-17.906],[-39.359,-17.902],[-39.364,-17.891],[-39.33,-17.893],[-39.318,-17.891],[-39.279,-17.873],[-39.268,-17.863],[-39.267,-17.849],[-39.258,-17.828],[-39.253,-17.82],[-39.229,-17.794],[-39.207,-17.774],[-39.204,-17.761],[-39.208,-17.747],[-39.191,-17.742],[-39.179,-17.729],[-39.17,-17.722],[-39.138,-17.693],[-39.137,-17.685],[-39.143,-17.676],[-39.164,-17.648],[-39.176,-17.631],[-39.184,-17.615],[-39.192,-17.591],[-39.194,-17.581],[-39.188,-17.571],[-39.191,-17.527],[-39.192,-17.474],[-39.192,-17.446],[-39.195,-17.431],[-39.206,-17.402],[-39.203,-17.396],[-39.21,-17.37],[-39.218,-17.335],[-39.221,-17.302],[-39.221,-17.282],[-39.219,-17.266],[-39.213,-17.239],[-39.214,-17.226],[-39.212,-17.161],[-39.206,-17.142],[-39.198,-17.127],[-39.187,-17.119],[-39.182,-17.112],[-39.179,-17.095],[-39.18,-17.08],[-39.176,-17.066],[-39.17,-17.059],[-39.174,-17.054],[-39.171,-17.037],[-39.172,-17.013],[-39.167,-16.998],[-39.156,-16.98],[-39.151,-16.942],[-39.145,-16.931],[-39.127,-16.908],[-39.111,-16.896],[-39.117,-16.892],[-39.13,-16.884],[-39.142,-16.869],[-39.142,-16.854],[-39.145,-16.844],[-39.145,-16.809],[-39.142,-16.762],[-39.14,-16.753],[-39.128,-16.747],[-39.126,-16.732],[-39.116,-16.715],[-39.109,-16.711],[-39.104,-16.698],[-39.105,-16.684],[-39.101,-16.66],[-39.093,-16.653],[-39.096,-16.645],[-39.09,-16.628],[-39.094,-16.609],[-39.088,-16.591],[-39.089,-16.582],[-39.086,-16.574],[-39.086,-16.555],[-39.083,-16.537],[-39.077,-16.518],[-39.074,-16.514],[-39.067,-16.489],[-39.062,-16.473],[-39.06,-16.459],[-39.062,-16.436],[-39.041,-16.397],[-39.028,-16.382],[-39.009,-16.375],[-39.013,-16.352],[-39.009,-16.346],[-39.006,-16.333],[-39.015,-16.33],[-39.02,-16.324],[-39.023,-16.312],[-39.022,-16.285],[-39.01,-16.252],[-39.011,-16.246],[-38.989,-16.22],[-38.975,-16.214],[-38.972,-16.199],[-38.959,-16.18],[-38.959,-16.171],[-38.948,-16.156],[-38.948,-16.151],[-38.956,-16.136],[-38.956,-16.122],[-38.952,-16.097],[-38.948,-16.092],[-38.944,-16.073],[-38.931,-16.036],[-38.924,-16.029],[-38.922,-16.019],[-38.905,-15.97],[-38.897,-15.951],[-38.868,-15.882],[-38.863,-15.869],[-38.853,-15.849],[-38.854,-15.836],[-38.859,-15.826],[-38.871,-15.814],[-38.894,-15.767],[-38.912,-15.718],[-38.917,-15.716],[-38.925,-15.696],[-38.935,-15.665],[-38.938,-15.645],[-38.941,-15.598],[-38.944,-15.592],[-38.942,-15.539],[-38.944,-15.522],[-38.949,-15.485],[-38.954,-15.474],[-38.952,-15.469],[-38.966,-15.418],[-38.973,-15.386],[-38.987,-15.301],[-38.993,-15.297],[-38.991,-15.288],[-38.993,-15.241],[-38.996,-15.219],[-38.996,-15.195],[-38.995,-15.169],[-38.995,-15.137],[-38.996,-15.085],[-38.997,-15.002],[-38.998,-14.987],[-39.004,-14.971],[-39.007,-14.951],[-39.013,-14.939],[-39.018,-14.923],[-39.022,-14.894],[-39.024,-14.845],[-39.024,-14.805],[-39.029,-14.803],[-39.028,-14.783],[-39.038,-14.784],[-39.049,-14.777],[-39.056,-14.767],[-39.062,-14.747],[-39.065,-14.709],[-39.065,-14.674],[-39.063,-14.637],[-39.062,-14.625],[-39.053,-14.599],[-39.053,-14.589],[-39.048,-14.581],[-39.047,-14.569],[-39.043,-14.559],[-39.035,-14.532],[-39.034,-14.515],[-39.033,-14.488],[-39.028,-14.476],[-39.025,-14.454],[-39.018,-14.418],[-39.01,-14.384],[-39.004,-14.36],[-39.0,-14.356],[-39.001,-14.346],[-38.989,-14.309],[-38.981,-14.299],[-38.984,-14.29],[-38.984,-14.275],[-38.992,-14.274],[-38.995,-14.266],[-38.994,-14.243],[-38.989,-14.217],[-38.99,-14.202],[-38.986,-14.182],[-38.978,-14.168],[-38.979,-14.157],[-38.976,-14.143],[-38.964,-14.102],[-38.955,-14.077],[-38.955,-14.066],[-38.949,-14.037],[-38.943,-14.015],[-38.943,-13.997],[-38.928,-13.94],[-38.931,-13.932],[-38.929,-13.907],[-38.936,-13.887],[-38.947,-13.879],[-38.952,-13.872],[-38.968,-13.849],[-38.972,-13.842],[-38.985,-13.825],[-38.997,-13.798],[-39.0,-13.776],[-38.998,-13.748],[-38.988,-13.717],[-38.976,-13.698],[-38.963,-13.687],[-38.968,-13.683],[-38.968,-13.672],[-38.95,-13.668],[-38.936,-13.658],[-38.921,-13.661],[-38.917,-13.674],[-38.898,-13.666],[-38.899,-13.659],[-38.893,-13.656],[-38.891,-13.64],[-38.896,-13.631],[-38.906,-13.623],[-38.907,-13.609],[-38.901,-13.602],[-38.915,-13.589],[-38.914,-13.581],[-38.927,-13.577],[-38.933,-13.563],[-38.933,-13.546],[-38.929,-13.523],[-38.926,-13.513],[-38.911,-13.493],[-38.917,-13.484],[-38.915,-13.475],[-38.907,-13.475],[-38.892,-13.461],[-38.892,-13.451],[-38.9,-13.442],[-38.906,-13.427],[-38.908,-13.396],[-38.905,-13.386],[-38.918,-13.377],[-38.93,-13.388],[-38.946,-13.399],[-38.951,-13.39],[-38.956,-13.38],[-38.964,-13.357],[-38.967,-13.341],[-38.967,-13.321],[-38.965,-13.295],[-38.956,-13.264],[-38.948,-13.245],[-38.933,-13.222],[-38.919,-13.214],[-38.908,-13.213],[-38.904,-13.206],[-38.883,-13.193],[-38.867,-13.186],[-38.856,-13.171],[-38.83,-13.153],[-38.804,-13.142],[-38.797,-13.137],[-38.782,-13.131],[-38.762,-13.119],[-38.746,-13.091],[-38.736,-13.09],[-38.724,-13.072],[-38.713,-13.061],[-38.69,-13.052],[-38.672,-13.038],[-38.656,-13.032],[-38.643,-13.015],[-38.586,-13.013],[-38.528,-13.01],[-38.508,-13.012],[-38.493,-13.012],[-38.487,-13.017],[-38.482,-13.015],[-38.469,-13.015],[-38.458,-13.007],[-38.44,-12.996],[-38.432,-12.986],[-38.398,-12.963],[-38.385,-12.956],[-38.364,-12.951],[-38.353,-12.957],[-38.335,-12.945],[-38.318,-12.928],[-38.304,-12.911],[-38.28,-12.881],[-38.269,-12.876],[-38.256,-12.862],[-38.244,-12.852],[-38.232,-12.836],[-38.211,-12.815],[-38.19,-12.785],[-38.177,-12.775],[-38.167,-12.761],[-38.138,-12.727],[-38.122,-12.707],[-38.104,-12.688],[-38.091,-12.677],[-38.074,-12.656],[-38.061,-12.648],[-38.058,-12.642],[-38.048,-12.636],[-38.041,-12.61],[-38.03,-12.597],[-38.023,-12.589],[-38.012,-12.582],[-38.002,-12.578],[-37.992,-12.559],[-37.983,-12.546],[-37.982,-12.539],[-37.973,-12.521],[-37.962,-12.506],[-37.959,-12.499],[-37.94,-12.471],[-37.933,-12.462],[-37.92,-12.443],[-37.893,-12.408],[-37.882,-12.394],[-37.846,-12.338],[-37.826,-12.31],[-37.813,-12.293],[-37.792,-12.269],[-37.77,-12.239],[-37.741,-12.191],[-37.731,-12.176],[-37.712,-12.143],[-37.686,-12.099],[-37.67,-12.067],[-37.646,-12.022],[-37.63,-11.995],[-37.61,-11.956],[-37.596,-11.922],[-37.589,-11.909],[-37.568,-11.861],[-37.538,-11.798],[-37.525,-11.766],[-37.513,-11.741],[-37.51,-11.737],[-37.492,-11.702],[-37.468,-11.656],[-37.445,-11.609],[-37.406,-11.537],[-37.384,-11.504],[-37.349,-11.462],[-37.347,-11.448],[-37.341,-11.442],[-37.355,-11.444],[-37.368,-11.459],[-37.394,-11.482],[-37.432,-11.511],[-37.458,-11.524],[-37.475,-11.522],[-37.505,-11.525],[-37.516,-11.536],[-37.52,-11.549],[-37.529,-11.547],[-37.536,-11.55],[-37.555,-11.548],[-37.568,-11.54],[-37.575,-11.543],[-37.579,-11.552],[-37.586,-11.541],[-37.58,-11.535],[-37.587,-11.528],[-37.603,-11.54],[-37.611,-11.537],[-37.616,-11.539],[-37.625,-11.533],[-37.633,-11.523],[-37.632,-11.518],[-37.652,-11.527],[-37.663,-11.536],[-37.661,-11.546],[-37.672,-11.557],[-37.673,-11.569],[-37.682,-11.562],[-37.699,-11.563],[-37.696,-11.545],[-37.702,-11.54],[-37.707,-11.549],[-37.713,-11.553],[-37.719,-11.55],[-37.729,-11.552],[-37.73,-11.538],[-37.741,-11.536],[-37.749,-11.539],[-37.759,-11.525],[-37.77,-11.532],[-37.774,-11.525],[-37.79,-11.525],[-37.8,-11.521],[-37.815,-11.514],[-37.816,-11.506],[-37.809,-11.496],[-37.824,-11.491],[-37.833,-11.482],[-37.853,-11.467],[-37.864,-11.467],[-37.861,-11.451],[-37.853,-11.452],[-37.849,-11.441],[-37.867,-11.443],[-37.87,-11.435],[-37.881,-11.431],[-37.889,-11.432],[-37.898,-11.438],[-37.91,-11.411],[-37.917,-11.403],[-37.928,-11.401],[-37.928,-11.409],[-37.936,-11.422],[-37.943,-11.419],[-37.952,-11.405],[-37.952,-11.395],[-37.961,-11.397],[-37.968,-11.389],[-37.975,-11.393],[-37.981,-11.386],[-37.968,-11.38],[-37.969,-11.373],[-37.978,-11.366],[-37.982,-11.348],[-37.986,-11.342],[-37.994,-11.343],[-37.997,-11.335],[-37.988,-11.332],[-37.992,-11.313],[-38.001,-11.303],[-38.006,-11.286],[-37.992,-11.279],[-37.987,-11.271],[-37.996,-11.259],[-37.983,-11.249],[-37.994,-11.24],[-37.986,-11.236],[-37.99,-11.228],[-37.977,-11.222],[-37.978,-11.205],[-37.981,-11.199],[-37.997,-11.191],[-38.003,-11.194],[-38.023,-11.178],[-38.029,-11.177],[-38.047,-11.182],[-38.048,-11.176],[-38.057,-11.172],[-38.066,-11.159],[-38.071,-11.143],[-38.066,-11.135],[-38.065,-11.124],[-38.089,-11.116],[-38.087,-11.109],[-38.094,-11.101],[-38.086,-11.098],[-38.081,-11.084],[-38.075,-11.077],[-38.091,-11.052],[-38.102,-11.044],[-38.101,-11.032],[-38.106,-11.026],[-38.102,-11.017],[-38.121,-11.007],[-38.128,-11.019],[-38.135,-11.015],[-38.144,-11.002],[-38.169,-10.99],[-38.18,-10.975],[-38.18,-10.968],[-38.186,-10.961],[-38.179,-10.949],[-38.181,-10.943],[-38.202,-10.935],[-38.199,-10.928],[-38.207,-10.924],[-38.21,-10.931],[-38.215,-10.923],[-38.228,-10.914],[-38.228,-10.9],[-38.236,-10.882],[-38.236,-10.853],[-38.232,-10.841],[-38.239,-10.828],[-38.245,-10.823],[-38.234,-10.812],[-38.238,-10.8],[-38.233,-10.791],[-38.223,-10.787],[-38.218,-10.779],[-38.215,-10.767],[-38.209,-10.758],[-38.215,-10.747],[-38.213,-10.731],[-38.216,-10.727],[-38.209,-10.712],[-38.205,-10.711],[-38.189,-10.71],[-38.177,-10.706],[-38.172,-10.711],[-38.163,-10.711],[-38.145,-10.718],[-38.134,-10.72],[-38.098,-10.712],[-38.083,-10.712],[-38.068,-10.716],[-38.055,-10.711],[-38.042,-10.701],[-38.032,-10.708],[-38.03,-10.714],[-38.034,-10.725],[-38.026,-10.726],[-37.977,-10.758],[-37.972,-10.757],[-37.964,-10.758],[-37.953,-10.75],[-37.946,-10.757],[-37.937,-10.746],[-37.924,-10.735],[-37.91,-10.716],[-37.868,-10.703],[-37.847,-10.699],[-37.846,-10.694],[-37.831,-10.682],[-37.81,-10.686],[-37.809,-10.674],[-37.814,-10.67],[-37.804,-10.651],[-37.81,-10.649],[-37.807,-10.639],[-37.817,-10.631],[-37.811,-10.625],[-37.81,-10.612],[-37.806,-10.601],[-37.815,-10.595],[-37.817,-10.586],[-37.831,-10.585],[-37.833,-10.561],[-37.841,-10.555],[-37.838,-10.548],[-37.832,-10.552],[-37.829,-10.54],[-37.822,-10.54],[-37.822,-10.531],[-37.815,-10.517],[-37.813,-10.509],[-37.821,-10.483],[-37.825,-10.479],[-37.848,-10.444],[-37.859,-10.428],[-37.854,-10.426],[-37.852,-10.416],[-37.853,-10.406],[-37.843,-10.403],[-37.839,-10.381],[-37.831,-10.375],[-37.799,-10.363],[-37.788,-10.356],[-37.786,-10.348],[-37.767,-10.342],[-37.757,-10.343],[-37.743,-10.338],[-37.745,-10.314],[-37.769,-10.289],[-37.755,-10.293],[-37.75,-10.289],[-37.749,-10.264],[-37.759,-10.254],[-37.766,-10.252],[-37.747,-10.238],[-37.766,-10.196],[-37.782,-10.186],[-37.783,-10.18],[-37.775,-10.145],[-37.778,-10.134],[-37.786,-10.129],[-37.792,-10.12],[-37.802,-10.113],[-37.799,-10.098],[-37.8,-10.09],[-37.795,-10.087],[-37.792,-10.071],[-37.788,-10.069],[-37.783,-10.044],[-37.791,-10.033],[-37.814,-10.032],[-37.826,-10.037],[-37.825,-10.024],[-37.833,-10.019],[-37.852,-9.991],[-37.863,-9.989],[-37.876,-9.977],[-37.878,-9.972],[-37.896,-9.954],[-37.897,-9.942],[-37.909,-9.94],[-37.913,-9.933],[-37.907,-9.929],[-37.902,-9.919],[-37.908,-9.911],[-37.912,-9.918],[-37.929,-9.931],[-37.931,-9.935],[-37.945,-9.943],[-37.955,-9.943],[-37.967,-9.938],[-37.975,-9.937],[-37.989,-9.92],[-37.997,-9.919],[-38.004,-9.905],[-37.997,-9.905],[-37.992,-9.894],[-37.995,-9.878],[-38.007,-9.869],[-38.01,-9.854],[-38.002,-9.857],[-37.995,-9.846],[-38.003,-9.838],[-37.998,-9.826],[-38.001,-9.816],[-38.018,-9.803],[-38.022,-9.788],[-38.02,-9.778],[-38.033,-9.77],[-38.032,-9.761],[-38.039,-9.749],[-38.037,-9.74],[-38.043,-9.723],[-38.043,-9.705],[-38.045,-9.698],[-38.041,-9.687],[-38.034,-9.687],[-38.032,-9.661],[-38.028,-9.656],[-38.02,-9.66],[-38.009,-9.65],[-38.017,-9.643],[-38.02,-9.637],[-38.035,-9.633],[-38.039,-9.628],[-38.053,-9.633],[-38.051,-9.622],[-38.056,-9.614],[-38.053,-9.605],[-38.06,-9.595],[-38.061,-9.588],[-38.05,-9.588],[-38.037,-9.581],[-38.042,-9.575],[-38.037,-9.569],[-38.031,-9.574],[-38.021,-9.562],[-38.019,-9.551],[-38.024,-9.549],[-38.023,-9.54],[-38.015,-9.536],[-38.014,-9.528],[-38.003,-9.515],[-37.998,-9.499],[-38.011,-9.479],[-38.019,-9.477],[-38.022,-9.47],[-38.036,-9.466],[-38.043,-9.469],[-38.058,-9.459],[-38.069,-9.456],[-38.07,-9.448],[-38.078,-9.441],[-38.097,-9.437],[-38.113,-9.436],[-38.118,-9.442],[-38.13,-9.439],[-38.142,-9.438],[-38.155,-9.443],[-38.157,-9.44],[-38.181,-9.426],[-38.203,-9.42],[-38.205,-9.417],[-38.203,-9.403],[-38.194,-9.394],[-38.194,-9.386],[-38.2,-9.379],[-38.206,-9.364],[-38.215,-9.353],[-38.224,-9.347],[-38.238,-9.33],[-38.241,-9.323],[-38.251,-9.29],[-38.288,-9.217],[-38.28,-9.207],[-38.28,-9.201],[-38.285,-9.179],[-38.289,-9.172],[-38.299,-9.164],[-38.306,-9.153],[-38.313,-9.148],[-38.319,-9.141],[-38.321,-9.117],[-38.315,-9.107],[-38.306,-9.102],[-38.307,-9.095],[-38.32,-9.091],[-38.326,-9.081],[-38.321,-9.07],[-38.304,-9.062],[-38.29,-9.047],[-38.29,-9.036],[-38.303,-9.014],[-38.317,-9.001],[-38.317,-8.995],[-38.324,-8.99],[-38.34,-8.99],[-38.362,-9.001],[-38.386,-9.025],[-38.404,-9.037],[-38.418,-9.038],[-38.449,-9.026],[-38.484,-9.001],[-38.488,-8.994],[-38.504,-8.981],[-38.514,-8.96],[-38.52,-8.948],[-38.519,-8.939],[-38.511,-8.925],[-38.502,-8.917],[-38.492,-8.913],[-38.479,-8.902],[-38.473,-8.889],[-38.47,-8.866],[-38.481,-8.849],[-38.502,-8.835],[-38.512,-8.831],[-38.541,-8.823],[-38.552,-8.823],[-38.57,-8.83],[-38.577,-8.837],[-38.59,-8.857],[-38.604,-8.881],[-38.608,-8.893],[-38.607,-8.918],[-38.609,-8.935],[-38.608,-8.95],[-38.61,-8.957],[-38.624,-8.98],[-38.635,-8.987],[-38.645,-8.987],[-38.658,-8.982],[-38.674,-8.972],[-38.689,-8.947],[-38.693,-8.936],[-38.694,-8.919],[-38.694,-8.903],[-38.698,-8.882],[-38.706,-8.862],[-38.717,-8.853],[-38.74,-8.845],[-38.772,-8.817],[-38.775,-8.812],[-38.797,-8.793],[-38.807,-8.788],[-38.855,-8.784],[-38.868,-8.784],[-38.885,-8.79],[-38.916,-8.793],[-38.928,-8.796],[-38.944,-8.804],[-38.952,-8.805],[-38.967,-8.794],[-38.977,-8.793],[-38.989,-8.772],[-38.999,-8.761],[-39.011,-8.756],[-39.024,-8.747],[-39.033,-8.736],[-39.043,-8.733],[-39.065,-8.732],[-39.102,-8.72],[-39.144,-8.713],[-39.157,-8.707],[-39.167,-8.693],[-39.181,-8.706],[-39.192,-8.707],[-39.201,-8.711],[-39.218,-8.709],[-39.228,-8.71],[-39.234,-8.705],[-39.245,-8.684],[-39.248,-8.669],[-39.245,-8.662],[-39.247,-8.648],[-39.242,-8.636],[-39.248,-8.625],[-39.263,-8.615],[-39.273,-8.597],[-39.273,-8.584],[-39.275,-8.577],[-39.286,-8.564],[-39.293,-8.561],[-39.312,-8.558],[-39.32,-8.56],[-39.345,-8.559],[-39.357,-8.547]]]},"properties":{"uf":"BA","code":29}},{"type":"Feature","geometry":{"type":"Polygon","coordinates":[[[-47.68,-18.356],[-47.694,-18.375],[-47.707,-18.38],[-47.713,-18.377],[-47.715,-18.364],[-47.737,-18.363],[-47.739,-18.369],[-47.733,-18.376],[-47.745,-18.378],[-47.755,-18.392],[-47.756,-18.399],[-47.748,-18.406],[-47.749,-18.413],[-47.759,-18.41],[-47.77,-18.418],[-47.779,-18.424],[-47.789,-18.418],[-47.8,-18.415],[-47.797,-18.407],[-47.808,-18.4],[-47.815,-18.406],[-47.83,-18.411],[-47.831,-18.425],[-47.837,-18.436],[-47.832,-18.442],[-47.832,-18.45],[-47.839,-18.452],[-47.849,-18.441],[-47.861,-18.44],[-47.865,-18.449],[-47.874,-18.459],[-47.864,-18.463],[-47.863,-18.47],[-47.876,-18.476],[-47.887,-18.47],[-47.888,-18.477],[-47.902,-18.473],[-47.914,-18.467],[-47.927,-18.473],[-47.929,-18.488],[-47.941,-18.488],[-47.953,-18.494],[-47.955,-18.5],[-47.962,-18.496],[-47.963,-18.48],[-47.969,-18.475],[-47.976,-18.478],[-47.98,-18.463],[-47.976,-18.453],[-47.981,-18.443],[-47.997,-18.453],[-48.012,-18.45],[-48.014,-18.444],[-48.027,-18.436],[-48.036,-18.435],[-48.047,-18.418],[-48.059,-18.413],[-48.067,-18.426],[-48.079,-18.43],[-48.094,-18.431],[-48.104,-18.426],[-48.116,-18.426],[-48.126,-18.417],[-48.147,-18.41],[-48.151,-18.395],[-48.159,-18.385],[-48.159,-18.375],[-48.164,-18.371],[-48.171,-18.375],[-48.186,-18.37],[-48.197,-18.363],[-48.221,-18.362],[-48.228,-18.357],[-48.227,-18.346],[-48.257,-18.343],[-48.262,-18.332],[-48.272,-18.329],[-48.281,-18.333],[-48.287,-18.347],[-48.296,-18.355],[-48.305,-18.358],[-48.318,-18.367],[-48.315,-18.377],[-48.307,-18.38],[-48.31,-18.387],[-48.327,-18.381],[-48.342,-18.371],[-48.353,-18.368],[-48.385,-18.372],[-48.4,-18.373],[-48.404,-18.363],[-48.411,-18.358],[-48.42,-18.363],[-48.43,-18.365],[-48.44,-18.363],[-48.442,-18.357],[-48.449,-18.357],[-48.455,-18.363],[-48.469,-18.371],[-48.479,-18.38],[-48.486,-18.375],[-48.481,-18.361],[-48.488,-18.352],[-48.493,-18.353],[-48.509,-18.364],[-48.516,-18.366],[-48.526,-18.358],[-48.526,-18.354],[-48.538,-18.35],[-48.547,-18.352],[-48.554,-18.347],[-48.554,-18.331],[-48.561,-18.324],[-48.574,-18.328],[-48.582,-18.327],[-48.591,-18.334],[-48.602,-18.335],[-48.624,-18.328],[-48.634,-18.328],[-48.642,-18.333],[-48.641,-18.34],[-48.654,-18.343],[-48.671,-18.346],[-48.678,-18.344],[-48.698,-18.35],[-48.715,-18.348],[-48.731,-18.353],[-48.742,-18.352],[-48.758,-18.345],[-48.771,-18.358],[-48.787,-18.353],[-48.806,-18.365],[-48.811,-18.376],[-48.816,-18.38],[-48.828,-18.375],[-48.832,-18.346],[-48.837,-18.341],[-48.852,-18.339],[-48.873,-18.333],[-48.879,-18.322],[-48.888,-18.317],[-48.907,-18.316],[-48.918,-18.306],[-48.937,-18.306],[-48.955,-18.318],[-48.959,-18.323],[-48.971,-18.331],[-48.977,-18.342],[-48.983,-18.341],[-48.981,-18.356],[-48.991,-18.359],[-48.996,-18.371],[-49.006,-18.374],[-49.03,-18.369],[-49.042,-18.377],[-49.045,-18.389],[-49.054,-18.403],[-49.057,-18.406],[-49.079,-18.417],[-49.091,-18.414],[-49.097,-18.404],[-49.108,-18.404],[-49.114,-18.397],[-49.108,-18.389],[-49.126,-18.384],[-49.141,-18.396],[-49.156,-18.407],[-49.159,-18.417],[-49.172,-18.416],[-49.191,-18.419],[-49.201,-18.415],[-49.21,-18.415],[-49.211,-18.423],[-49.203,-18.429],[-49.194,-18.441],[-49.193,-18.45],[-49.201,-18.461],[-49.213,-18.465],[-49.228,-18.479],[-49.239,-18.499],[-49.245,-18.507],[-49.249,-18.523],[-49.256,-18.526],[-49.269,-18.526],[-49.286,-18.536],[-49.289,-18.543],[-49.293,-18.564],[-49.303,-18.566],[-49.319,-18.561],[-49.328,-18.562],[-49.332,-18.57],[-49.343,-18.596],[-49.373,-18.635],[-49.38,-18.644],[-49.393,-18.647],[-49.406,-18.645],[-49.42,-18.632],[-49.424,-18.619],[-49.429,-18.611],[-49.444,-18.597],[-49.456,-18.578],[-49.478,-18.564],[-49.485,-18.552],[-49.486,-18.532],[-49.486,-18.509],[-49.493,-18.494],[-49.5,-18.491],[-49.519,-18.493],[-49.535,-18.492],[-49.546,-18.5],[-49.547,-18.509],[-49.542,-18.524],[-49.542,-18.531],[-49.548,-18.54],[-49.557,-18.547],[-49.575,-18.542],[-49.592,-18.546],[-49.608,-18.547],[-49.642,-18.555],[-49.652,-18.561],[-49.653,-18.574],[-49.639,-18.586],[-49.635,-18.592],[-49.638,-18.599],[-49.648,-18.602],[-49.665,-18.592],[-49.682,-18.589],[-49.694,-18.591],[-49.706,-18.595],[-49.723,-18.609],[-49.733,-18.616],[-49.744,-18.616],[-49.758,-18.61],[-49.772,-18.613],[-49.775,-18.627],[-49.784,-18.641],[-49.795,-18.644],[-49.8,-18.643],[-49.823,-18.632],[-49.836,-18.637],[-49.853,-18.623],[-49.868,-18.622],[-49.874,-18.611],[-49.889,-18.61],[-49.904,-18.621],[-49.913,-18.62],[-49.932,-18.624],[-49.946,-18.622],[-49.975,-18.613],[-49.981,-18.605],[-49.998,-18.604],[-50.02,-18.599],[-50.029,-18.602],[-50.04,-18.614],[-50.05,-18.643],[-50.068,-18.656],[-50.08,-18.672],[-50.104,-18.669],[-50.12,-18.669],[-50.143,-18.666],[-50.164,-18.664],[-50.187,-18.672],[-50.199,-18.679],[-50.208,-18.679],[-50.222,-18.681],[-50.25,-18.678],[-50.27,-18.684],[-50.296,-18.691],[-50.315,-18.701],[-50.332,-18.725],[-50.345,-18.751],[-50.352,-18.76],[-50.361,-18.78],[-50.37,-18.804],[-50.379,-18.815],[-50.394,-18.823],[-50.407,-18.824],[-50.419,-18.828],[-50.423,-18.833],[-50.436,-18.877],[-50.443,-18.894],[-50.461,-18.914],[-50.473,-18.921],[-50.506,-18.932],[-50.511,-18.939],[-50.512,-18.952],[-50.501,-18.976],[-50.501,-18.996],[-50.504,-19.005],[-50.495,-19.013],[-50.499,-19.034],[-50.503,-19.047],[-50.511,-19.061],[-50.529,-19.088],[-50.535,-19.099],[-50.552,-19.113],[-50.572,-19.122],[-50.578,-19.133],[-50.587,-19.14],[-50.605,-19.136],[-50.646,-19.135],[-50.655,-19.134],[-50.675,-19.136],[-50.678,-19.14],[-50.672,-19.161],[-50.676,-19.171],[-50.682,-19.176],[-50.701,-19.177],[-50.733,-19.187],[-50.741,-19.197],[-50.74,-19.213],[-50.744,-19.235],[-50.746,-19.24],[-50.764,-19.25],[-50.769,-19.259],[-50.783,-19.261],[-50.799,-19.277],[-50.817,-19.289],[-50.828,-19.311],[-50.836,-19.327],[-50.842,-19.351],[-50.853,-19.378],[-50.861,-19.392],[-50.871,-19.404],[-50.876,-19.415],[-50.875,-19.423],[-50.869,-19.434],[-50.86,-19.442],[-50.839,-19.458],[-50.826,-19.473],[-50.827,-19.488],[-50.836,-19.496],[-50.849,-19.498],[-50.889,-19.481],[-50.906,-19.478],[-50.919,-19.472],[-50.935,-19.468],[-50.949,-19.471],[-50.957,-19.476],[-50.964,-19.486],[-50.963,-19.501],[-50.945,-19.526],[-50.931,-19.542],[-50.924,-19.559],[-50.924,-19.581],[-50.931,-19.59],[-50.947,-19.592],[-50.962,-19.582],[-50.978,-19.582],[-50.988,-19.59],[-50.99,-19.605],[-51.011,-19.645],[-51.013,-19.654],[-51.022,-19.661],[-51.038,-19.692],[-51.04,-19.713],[-51.038,-19.72],[-51.045,-19.727],[-51.046,-19.736],[-51.03,-19.751],[-51.028,-19.757],[-51.04,-19.777],[-51.04,-19.782],[-51.033,-19.791],[-51.024,-19.804],[-51.021,-19.828],[-51.018,-19.837],[-51.02,-19.857],[-51.019,-19.87],[-50.999,-19.906],[-51.002,-19.925],[-51.01,-19.935],[-51.021,-19.959],[-51.021,-19.968],[-51.015,-19.981],[-51.005,-19.996],[-51.006,-20.025],[-51.017,-20.042],[-51.018,-20.048],[-51.01,-20.072],[-51.001,-20.085],[-50.996,-20.077],[-50.981,-20.058],[-50.969,-20.036],[-50.962,-20.032],[-50.953,-20.034],[-50.946,-20.03],[-50.934,-20.015],[-50.912,-20.003],[-50.908,-19.994],[-50.897,-19.99],[-50.886,-19.99],[-50.876,-19.991],[-50.868,-19.987],[-50.855,-19.972],[-50.844,-19.968],[-50.817,-19.958],[-50.796,-19.943],[-50.784,-19.937],[-50.735,-19.93],[-50.709,-19.92],[-50.686,-19.916],[-50.658,-19.907],[-50.647,-19.895],[-50.64,-19.881],[-50.632,-19.871],[-50.614,-19.861],[-50.605,-19.856],[-50.599,-19.845],[-50.578,-19.816],[-50.562,-19.814],[-50.545,-19.81],[-50.527,-19.8],[-50.517,-19.796],[-50.499,-19.796],[-50.486,-19.786],[-50.469,-19.78],[-50.454,-19.786],[-50.444,-19.793],[-50.427,-19.797],[-50.417,-19.801],[-50.395,-19.821],[-50.389,-19.829],[-50.373,-19.845],[-50.368,-19.846],[-50.355,-19.857],[-50.353,-19.865],[-50.337,-19.869],[-50.329,-19.869],[-50.306,-19.874],[-50.291,-19.868],[-50.279,-19.869],[-50.245,-19.877],[-50.238,-19.876],[-50.216,-19.867],[-50.196,-19.867],[-50.176,-19.873],[-50.172,-19.875],[-50.16,-19.878],[-50.134,-19.874],[-50.106,-19.874],[-50.097,-19.875],[-50.08,-19.886],[-50.044,-19.916],[-50.019,-19.925],[-50.003,-19.926],[-49.97,-19.92],[-49.946,-19.924],[-49.906,-19.937],[-49.888,-19.945],[-49.86,-19.944],[-49.854,-19.947],[-49.835,-19.933],[-49.822,-19.931],[-49.8,-19.931],[-49.782,-19.924],[-49.749,-19.925],[-49.734,-19.926],[-49.712,-19.931],[-49.678,-19.93],[-49.676,-19.933],[-49.657,-19.931],[-49.634,-19.932],[-49.625,-19.929],[-49.613,-19.92],[-49.606,-19.916],[-49.583,-19.91],[-49.559,-19.911],[-49.551,-19.906],[-49.54,-19.907],[-49.514,-19.914],[-49.504,-19.92],[-49.5,-19.926],[-49.493,-19.95],[-49.477,-19.963],[-49.454,-19.978],[-49.434,-19.982],[-49.397,-19.984],[-49.372,-19.987],[-49.356,-19.987],[-49.333,-19.98],[-49.329,-19.975],[-49.312,-19.965],[-49.297,-19.96],[-49.281,-19.963],[-49.265,-19.962],[-49.25,-19.969],[-49.246,-19.979],[-49.248,-20.0],[-49.263,-20.007],[-49.275,-20.004],[-49.284,-20.005],[-49.297,-20.017],[-49.298,-20.033],[-49.307,-20.06],[-49.309,-20.104],[-49.306,-20.117],[-49.3,-20.143],[-49.299,-20.167],[-49.286,-20.192],[-49.283,-20.2],[-49.274,-20.214],[-49.265,-20.23],[-49.259,-20.248],[-49.26,-20.259],[-49.245,-20.282],[-49.225,-20.305],[-49.203,-20.305],[-49.193,-20.307],[-49.184,-20.315],[-49.171,-20.312],[-49.17,-20.306],[-49.159,-20.298],[-49.134,-20.285],[-49.121,-20.27],[-49.112,-20.251],[-49.096,-20.226],[-49.089,-20.212],[-49.073,-20.169],[-49.072,-20.162],[-49.066,-20.154],[-49.059,-20.151],[-49.033,-20.15],[-49.017,-20.154],[-49.0,-20.161],[-48.986,-20.171],[-48.981,-20.182],[-48.972,-20.208],[-48.962,-20.263],[-48.966,-20.279],[-48.964,-20.283],[-48.966,-20.303],[-48.965,-20.329],[-48.968,-20.345],[-48.966,-20.358],[-48.97,-20.39],[-48.963,-20.403],[-48.952,-20.411],[-48.929,-20.422],[-48.913,-20.431],[-48.904,-20.439],[-48.895,-20.442],[-48.886,-20.437],[-48.879,-20.43],[-48.872,-20.417],[-48.867,-20.399],[-48.869,-20.379],[-48.878,-20.356],[-48.88,-20.338],[-48.876,-20.318],[-48.877,-20.311],[-48.888,-20.297],[-48.886,-20.285],[-48.887,-20.275],[-48.883,-20.263],[-48.872,-20.242],[-48.859,-20.232],[-48.853,-20.215],[-48.857,-20.203],[-48.855,-20.18],[-48.829,-20.163],[-48.822,-20.162],[-48.781,-20.164],[-48.77,-20.162],[-48.757,-20.154],[-48.739,-20.15],[-48.73,-20.15],[-48.707,-20.16],[-48.688,-20.164],[-48.674,-20.161],[-48.666,-20.166],[-48.647,-20.167],[-48.627,-20.16],[-48.609,-20.146],[-48.593,-20.136],[-48.574,-20.131],[-48.555,-20.13],[-48.537,-20.134],[-48.527,-20.134],[-48.509,-20.139],[-48.491,-20.138],[-48.476,-20.135],[-48.465,-20.129],[-48.452,-20.126],[-48.439,-20.12],[-48.406,-20.113],[-48.375,-20.123],[-48.362,-20.123],[-48.346,-20.12],[-48.342,-20.115],[-48.329,-20.113],[-48.315,-20.114],[-48.295,-20.124],[-48.286,-20.137],[-48.265,-20.144],[-48.255,-20.144],[-48.241,-20.14],[-48.237,-20.136],[-48.225,-20.134],[-48.219,-20.128],[-48.219,-20.115],[-48.228,-20.104],[-48.248,-20.088],[-48.253,-20.078],[-48.246,-20.059],[-48.244,-20.047],[-48.247,-20.034],[-48.241,-20.029],[-48.228,-20.028],[-48.217,-20.032],[-48.203,-20.046],[-48.191,-20.061],[-48.182,-20.078],[-48.182,-20.09],[-48.179,-20.096],[-48.168,-20.104],[-48.156,-20.105],[-48.148,-20.124],[-48.127,-20.131],[-48.117,-20.142],[-48.105,-20.146],[-48.077,-20.148],[-48.049,-20.137],[-48.046,-20.127],[-48.039,-20.12],[-48.02,-20.124],[-48.001,-20.101],[-48.001,-20.097],[-47.99,-20.073],[-47.992,-20.049],[-47.989,-20.04],[-47.981,-20.036],[-47.976,-20.035],[-47.957,-20.048],[-47.946,-20.061],[-47.945,-20.085],[-47.942,-20.095],[-47.931,-20.11],[-47.913,-20.12],[-47.899,-20.126],[-47.894,-20.123],[-47.889,-20.115],[-47.875,-20.098],[-47.87,-20.076],[-47.87,-20.064],[-47.861,-20.055],[-47.861,-20.045],[-47.871,-20.04],[-47.876,-20.032],[-47.875,-20.019],[-47.86,-19.993],[-47.851,-19.99],[-47.835,-19.996],[-47.828,-19.992],[-47.806,-19.985],[-47.763,-19.986],[-47.751,-19.99],[-47.734,-19.988],[-47.713,-19.978],[-47.704,-19.98],[-47.688,-19.99],[-47.676,-20.002],[-47.676,-20.014],[-47.671,-20.023],[-47.64,-20.047],[-47.635,-20.049],[-47.625,-20.042],[-47.614,-20.042],[-47.601,-20.033],[-47.595,-20.026],[-47.594,-20.011],[-47.591,-20.003],[-47.584,-19.997],[-47.576,-19.994],[-47.56,-19.997],[-47.549,-19.994],[-47.545,-19.987],[-47.537,-19.984],[-47.521,-19.984],[-47.507,-19.982],[-47.498,-19.972],[-47.49,-19.969],[-47.479,-19.969],[-47.473,-19.961],[-47.463,-19.966],[-47.447,-19.991],[-47.438,-19.997],[-47.424,-20.015],[-47.435,-20.024],[-47.445,-20.03],[-47.44,-20.049],[-47.418,-20.065],[-47.408,-20.08],[-47.401,-20.084],[-47.39,-20.081],[-47.377,-20.083],[-47.372,-20.086],[-47.365,-20.098],[-47.359,-20.104],[-47.347,-20.105],[-47.341,-20.111],[-47.329,-20.115],[-47.31,-20.125],[-47.306,-20.133],[-47.296,-20.146],[-47.289,-20.151],[-47.279,-20.152],[-47.262,-20.16],[-47.257,-20.166],[-47.257,-20.185],[-47.251,-20.2],[-47.231,-20.219],[-47.233,-20.227],[-47.239,-20.244],[-47.247,-20.259],[-47.257,-20.269],[-47.264,-20.281],[-47.273,-20.286],[-47.277,-20.292],[-47.286,-20.316],[-47.285,-20.332],[-47.29,-20.334],[-47.298,-20.348],[-47.293,-20.364],[-47.295,-20.37],[-47.288,-20.393],[-47.292,-20.398],[-47.285,-20.406],[-47.294,-20.419],[-47.296,-20.427],[-47.287,-20.435],[-47.286,-20.442],[-47.291,-20.451],[-47.279,-20.46],[-47.26,-20.469],[-47.254,-20.478],[-47.23,-20.487],[-47.224,-20.491],[-47.212,-20.502],[-47.196,-20.504],[-47.186,-20.511],[-47.163,-20.519],[-47.154,-20.52],[-47.144,-20.535],[-47.144,-20.541],[-47.139,-20.552],[-47.138,-20.561],[-47.143,-20.566],[-47.136,-20.579],[-47.132,-20.591],[-47.123,-20.595],[-47.126,-20.603],[-47.123,-20.613],[-47.108,-20.622],[-47.113,-20.638],[-47.097,-20.644],[-47.097,-20.662],[-47.103,-20.67],[-47.101,-20.682],[-47.113,-20.698],[-47.115,-20.707],[-47.127,-20.709],[-47.134,-20.706],[-47.147,-20.707],[-47.157,-20.704],[-47.169,-20.703],[-47.173,-20.712],[-47.17,-20.719],[-47.186,-20.731],[-47.177,-20.736],[-47.182,-20.741],[-47.189,-20.771],[-47.195,-20.775],[-47.205,-20.774],[-47.212,-20.781],[-47.214,-20.792],[-47.225,-20.801],[-47.223,-20.809],[-47.215,-20.821],[-47.215,-20.827],[-47.227,-20.855],[-47.227,-20.857],[-47.24,-20.885],[-47.225,-20.912],[-47.211,-20.924],[-47.19,-20.928],[-47.193,-20.942],[-47.181,-20.954],[-47.169,-20.956],[-47.168,-20.962],[-47.153,-20.971],[-47.144,-20.982],[-47.151,-20.997],[-47.151,-21.007],[-47.157,-21.019],[-47.148,-21.035],[-47.146,-21.059],[-47.139,-21.069],[-47.141,-21.086],[-47.134,-21.09],[-47.128,-21.099],[-47.115,-21.105],[-47.127,-21.122],[-47.133,-21.133],[-47.127,-21.144],[-47.118,-21.153],[-47.124,-21.168],[-47.119,-21.175],[-47.118,-21.186],[-47.114,-21.188],[-47.096,-21.21],[-47.075,-21.208],[-47.068,-21.214],[-47.072,-21.226],[-47.079,-21.231],[-47.076,-21.241],[-47.062,-21.24],[-47.052,-21.247],[-47.051,-21.257],[-47.044,-21.267],[-47.039,-21.281],[-47.042,-21.287],[-47.036,-21.296],[-47.03,-21.3],[-47.035,-21.31],[-47.021,-21.322],[-47.024,-21.328],[-47.017,-21.342],[-47.004,-21.349],[-46.997,-21.357],[-47.008,-21.37],[-47.006,-21.385],[-47.009,-21.393],[-47.016,-21.396],[-47.008,-21.411],[-47.013,-21.419],[-46.987,-21.424],[-46.984,-21.427],[-46.964,-21.418],[-46.954,-21.424],[-46.949,-21.42],[-46.933,-21.425],[-46.893,-21.416],[-46.885,-21.407],[-46.868,-21.404],[-46.865,-21.396],[-46.853,-21.391],[-46.842,-21.389],[-46.836,-21.384],[-46.836,-21.371],[-46.831,-21.366],[-46.817,-21.366],[-46.805,-21.371],[-46.789,-21.373],[-46.782,-21.371],[-46.778,-21.364],[-46.765,-21.36],[-46.758,-21.365],[-46.762,-21.375],[-46.751,-21.385],[-46.741,-21.388],[-46.739,-21.393],[-46.715,-21.393],[-46.708,-21.405],[-46.701,-21.401],[-46.694,-21.391],[-46.693,-21.384],[-46.684,-21.376],[-46.675,-21.375],[-46.667,-21.361],[-46.647,-21.364],[-46.645,-21.373],[-46.648,-21.38],[-46.649,-21.392],[-46.639,-21.402],[-46.637,-21.411],[-46.625,-21.413],[-46.618,-21.422],[-46.616,-21.43],[-46.62,-21.435],[-46.615,-21.442],[-46.602,-21.444],[-46.583,-21.433],[-46.577,-21.427],[-46.57,-21.437],[-46.558,-21.443],[-46.545,-21.441],[-46.536,-21.449],[-46.529,-21.445],[-46.519,-21.449],[-46.52,-21.462],[-46.509,-21.47],[-46.512,-21.477],[-46.509,-21.489],[-46.519,-21.501],[-46.516,-21.511],[-46.524,-21.522],[-46.523,-21.53],[-46.511,-21.536],[-46.501,-21.55],[-46.503,-21.562],[-46.512,-21.565],[-46.512,-21.572],[-46.522,-21.584],[-46.518,-21.593],[-46.524,-21.601],[-46.516,-21.606],[-46.518,-21.613],[-46.534,-21.621],[-46.535,-21.629],[-46.547,-21.63],[-46.553,-21.638],[-46.548,-21.648],[-46.555,-21.653],[-46.56,-21.653],[-46.567,-21.659],[-46.565,-21.679],[-46.573,-21.682],[-46.593,-21.683],[-46.605,-21.681],[-46.614,-21.677],[-46.622,-21.675],[-46.629,-21.695],[-46.629,-21.706],[-46.623,-21.713],[-46.623,-21.72],[-46.629,-21.73],[-46.626,-21.734],[-46.631,-21.741],[-46.627,-21.748],[-46.626,-21.766],[-46.631,-21.769],[-46.639,-21.768],[-46.646,-21.776],[-46.654,-21.779],[-46.652,-21.791],[-46.669,-21.809],[-46.671,-21.817],[-46.685,-21.828],[-46.691,-21.838],[-46.676,-21.851],[-46.666,-21.848],[-46.661,-21.862],[-46.656,-21.87],[-46.658,-21.875],[-46.648,-21.881],[-46.653,-21.896],[-46.664,-21.898],[-46.674,-21.911],[-46.665,-21.923],[-46.668,-21.931],[-46.653,-21.944],[-46.651,-21.962],[-46.643,-21.977],[-46.631,-21.981],[-46.622,-21.995],[-46.618,-21.995],[-46.612,-22.005],[-46.613,-22.015],[-46.618,-22.017],[-46.628,-22.015],[-46.64,-22.009],[-46.65,-22.009],[-46.655,-22.018],[-46.662,-22.024],[-46.676,-22.022],[-46.684,-22.03],[-46.685,-22.037],[-46.676,-22.055],[-46.663,-22.06],[-46.665,-22.069],[-46.684,-22.074],[-46.696,-22.073],[-46.706,-22.079],[-46.716,-22.074],[-46.723,-22.076],[-46.719,-22.083],[-46.715,-22.091],[-46.7,-22.095],[-46.695,-22.09],[-46.689,-22.093],[-46.681,-22.091],[-46.675,-22.096],[-46.647,-22.092],[-46.633,-22.108],[-46.624,-22.108],[-46.616,-22.131],[-46.604,-22.132],[-46.613,-22.15],[-46.628,-22.156],[-46.641,-22.158],[-46.64,-22.166],[-46.646,-22.181],[-46.653,-22.178],[-46.663,-22.18],[-46.672,-22.178],[-46.671,-22.184],[-46.68,-22.208],[-46.68,-22.216],[-46.678,-22.222],[-46.693,-22.238],[-46.694,-22.247],[-46.707,-22.258],[-46.711,-22.27],[-46.703,-22.28],[-46.711,-22.285],[-46.705,-22.296],[-46.713,-22.305],[-46.723,-22.307],[-46.715,-22.316],[-46.701,-22.322],[-46.697,-22.338],[-46.688,-22.349],[-46.675,-22.369],[-46.661,-22.366],[-46.666,-22.382],[-46.663,-22.392],[-46.668,-22.406],[-46.666,-22.415],[-46.646,-22.429],[-46.64,-22.426],[-46.632,-22.436],[-46.616,-22.439],[-46.606,-22.442],[-46.585,-22.439],[-46.574,-22.446],[-46.555,-22.447],[-46.549,-22.455],[-46.552,-22.46],[-46.55,-22.47],[-46.543,-22.468],[-46.531,-22.471],[-46.536,-22.488],[-46.542,-22.494],[-46.507,-22.507],[-46.507,-22.515],[-46.491,-22.51],[-46.485,-22.519],[-46.467,-22.518],[-46.456,-22.522],[-46.447,-22.532],[-46.44,-22.535],[-46.439,-22.541],[-46.426,-22.548],[-46.418,-22.547],[-46.412,-22.537],[-46.406,-22.541],[-46.415,-22.558],[-46.433,-22.571],[-46.427,-22.584],[-46.412,-22.585],[-46.424,-22.599],[-46.413,-22.607],[-46.406,-22.622],[-46.423,-22.625],[-46.425,-22.634],[-46.421,-22.638],[-46.406,-22.641],[-46.396,-22.646],[-46.392,-22.655],[-46.393,-22.663],[-46.402,-22.671],[-46.406,-22.663],[-46.413,-22.66],[-46.418,-22.665],[-46.428,-22.661],[-46.442,-22.669],[-46.469,-22.673],[-46.481,-22.68],[-46.479,-22.686],[-46.47,-22.694],[-46.479,-22.698],[-46.473,-22.705],[-46.469,-22.701],[-46.457,-22.707],[-46.453,-22.728],[-46.44,-22.727],[-46.437,-22.732],[-46.426,-22.736],[-46.393,-22.743],[-46.388,-22.74],[-46.373,-22.747],[-46.359,-22.761],[-46.355,-22.757],[-46.334,-22.76],[-46.333,-22.766],[-46.341,-22.769],[-46.343,-22.777],[-46.362,-22.789],[-46.374,-22.82],[-46.377,-22.828],[-46.371,-22.835],[-46.374,-22.844],[-46.373,-22.862],[-46.381,-22.864],[-46.376,-22.877],[-46.364,-22.894],[-46.356,-22.9],[-46.345,-22.905],[-46.339,-22.898],[-46.316,-22.887],[-46.295,-22.898],[-46.279,-22.878],[-46.267,-22.876],[-46.263,-22.878],[-46.257,-22.891],[-46.248,-22.889],[-46.237,-22.893],[-46.235,-22.883],[-46.215,-22.877],[-46.192,-22.865],[-46.182,-22.867],[-46.158,-22.863],[-46.147,-22.858],[-46.141,-22.868],[-46.142,-22.881],[-46.138,-22.885],[-46.138,-22.895],[-46.15,-22.91],[-46.139,-22.923],[-46.124,-22.91],[-46.103,-22.902],[-46.095,-22.894],[-46.084,-22.892],[-46.072,-22.894],[-46.064,-22.892],[-46.051,-22.897],[-46.037,-22.888],[-46.028,-22.885],[-46.008,-22.89],[-46.0,-22.879],[-45.99,-22.876],[-45.993,-22.87],[-45.975,-22.868],[-45.974,-22.863],[-45.956,-22.85],[-45.947,-22.846],[-45.939,-22.847],[-45.924,-22.832],[-45.924,-22.826],[-45.912,-22.816],[-45.905,-22.82],[-45.909,-22.83],[-45.891,-22.846],[-45.894,-22.849],[-45.887,-22.872],[-45.88,-22.875],[-45.871,-22.872],[-45.865,-22.869],[-45.857,-22.859],[-45.857,-22.851],[-45.85,-22.847],[-45.848,-22.838],[-45.837,-22.832],[-45.826,-22.834],[-45.823,-22.83],[-45.803,-22.834],[-45.801,-22.848],[-45.791,-22.859],[-45.782,-22.855],[-45.77,-22.847],[-45.768,-22.836],[-45.771,-22.806],[-45.759,-22.801],[-45.755,-22.793],[-45.743,-22.795],[-45.742,-22.808],[-45.73,-22.81],[-45.724,-22.816],[-45.714,-22.815],[-45.726,-22.8],[-45.73,-22.799],[-45.729,-22.785],[-45.717,-22.78],[-45.712,-22.77],[-45.713,-22.757],[-45.724,-22.734],[-45.733,-22.722],[-45.747,-22.723],[-45.757,-22.721],[-45.782,-22.732],[-45.796,-22.739],[-45.805,-22.737],[-45.815,-22.73],[-45.82,-22.723],[-45.818,-22.711],[-45.812,-22.699],[-45.793,-22.693],[-45.788,-22.693],[-45.779,-22.684],[-45.761,-22.677],[-45.743,-22.659],[-45.732,-22.657],[-45.718,-22.662],[-45.709,-22.659],[-45.698,-22.65],[-45.7,-22.642],[-45.709,-22.64],[-45.718,-22.621],[-45.73,-22.619],[-45.737,-22.61],[-45.735,-22.597],[-45.728,-22.594],[-45.727,-22.587],[-45.714,-22.579],[-45.695,-22.586],[-45.679,-22.573],[-45.663,-22.577],[-45.663,-22.587],[-45.66,-22.599],[-45.664,-22.6],[-45.666,-22.613],[-45.681,-22.636],[-45.666,-22.651],[-45.648,-22.648],[-45.618,-22.638],[-45.609,-22.624],[-45.601,-22.619],[-45.59,-22.619],[-45.589,-22.612],[-45.577,-22.602],[-45.573,-22.609],[-45.564,-22.613],[-45.555,-22.626],[-45.56,-22.628],[-45.573,-22.641],[-45.582,-22.645],[-45.58,-22.653],[-45.575,-22.657],[-45.545,-22.651],[-45.533,-22.647],[-45.525,-22.647],[-45.517,-22.641],[-45.501,-22.626],[-45.489,-22.629],[-45.475,-22.599],[-45.48,-22.59],[-45.474,-22.589],[-45.452,-22.606],[-45.438,-22.612],[-45.435,-22.618],[-45.42,-22.621],[-45.413,-22.622],[-45.409,-22.634],[-45.412,-22.641],[-45.41,-22.652],[-45.4,-22.654],[-45.384,-22.647],[-45.381,-22.642],[-45.369,-22.637],[-45.361,-22.639],[-45.347,-22.626],[-45.336,-22.623],[-45.333,-22.618],[-45.317,-22.614],[-45.301,-22.616],[-45.294,-22.614],[-45.276,-22.617],[-45.269,-22.611],[-45.263,-22.609],[-45.255,-22.582],[-45.241,-22.576],[-45.221,-22.563],[-45.215,-22.564],[-45.204,-22.557],[-45.177,-22.547],[-45.164,-22.538],[-45.167,-22.531],[-45.16,-22.517],[-45.129,-22.497],[-45.124,-22.497],[-45.103,-22.49],[-45.091,-22.483],[-45.08,-22.485],[-45.072,-22.477],[-45.066,-22.477],[-45.055,-22.471],[-45.041,-22.469],[-45.028,-22.463],[-45.027,-22.469],[-45.01,-22.466],[-45.0,-22.469],[-44.991,-22.466],[-44.97,-22.472],[-44.966,-22.475],[-44.96,-22.467],[-44.952,-22.463],[-44.94,-22.453],[-44.931,-22.452],[-44.918,-22.455],[-44.898,-22.449],[-44.89,-22.432],[-44.875,-22.429],[-44.873,-22.425],[-44.86,-22.423],[-44.855,-22.428],[-44.844,-22.428],[-44.835,-22.431],[-44.824,-22.419],[-44.808,-22.414],[-44.809,-22.406],[-44.809,-22.404],[-44.803,-22.394],[-44.793,-22.387],[-44.756,-22.375],[-44.747,-22.376],[-44.741,-22.373],[-44.73,-22.361],[-44.721,-22.36],[-44.708,-22.369],[-44.67,-22.375],[-44.666,-22.373],[-44.662,-22.381],[-44.658,-22.373],[-44.646,-22.365],[-44.642,-22.356],[-44.628,-22.345],[-44.626,-22.335],[-44.616,-22.332],[-44.61,-22.327],[-44.593,-22.323],[-44.58,-22.328],[-44.571,-22.325],[-44.563,-22.332],[-44.555,-22.331],[-44.549,-22.324],[-44.544,-22.332],[-44.533,-22.331],[-44.53,-22.323],[-44.517,-22.316],[-44.515,-22.311],[-44.497,-22.304],[-44.473,-22.283],[-44.466,-22.279],[-44.459,-22.27],[-44.462,-22.265],[-44.457,-22.258],[-44.439,-22.256],[-44.433,-22.251],[-44.395,-22.259],[-44.39,-22.27],[-44.377,-22.268],[-44.375,-22.261],[-44.36,-22.254],[-44.352,-22.258],[-44.345,-22.253],[-44.317,-22.259],[-44.315,-22.254],[-44.302,-22.254],[-44.291,-22.243],[-44.263,-22.244],[-44.26,-22.268],[-44.25,-22.261],[-44.247,-22.267],[-44.237,-22.266],[-44.224,-22.259],[-44.222,-22.253],[-44.214,-22.248],[-44.208,-22.251],[-44.189,-22.24],[-44.179,-22.229],[-44.174,-22.23],[-44.154,-22.227],[-44.152,-22.219],[-44.146,-22.214],[-44.138,-22.215],[-44.122,-22.209],[-44.125,-22.199],[-44.121,-22.191],[-44.112,-22.189],[-44.101,-22.174],[-44.087,-22.182],[-44.084,-22.175],[-44.076,-22.175],[-44.072,-22.165],[-44.06,-22.16],[-44.049,-22.162],[-44.033,-22.152],[-44.015,-22.154],[-44.005,-22.163],[-43.998,-22.156],[-43.977,-22.146],[-43.965,-22.139],[-43.953,-22.142],[-43.943,-22.133],[-43.929,-22.131],[-43.92,-22.125],[-43.892,-22.114],[-43.88,-22.114],[-43.881,-22.101],[-43.864,-22.1],[-43.858,-22.095],[-43.842,-22.099],[-43.831,-22.091],[-43.824,-22.091],[-43.81,-22.082],[-43.8,-22.083],[-43.789,-22.073],[-43.776,-22.066],[-43.768,-22.068],[-43.761,-22.079],[-43.752,-22.088],[-43.731,-22.096],[-43.719,-22.08],[-43.709,-22.076],[-43.696,-22.076],[-43.693,-22.071],[-43.682,-22.072],[-43.68,-22.081],[-43.673,-22.09],[-43.668,-22.086],[-43.664,-22.073],[-43.657,-22.074],[-43.653,-22.067],[-43.646,-22.065],[-43.636,-22.069],[-43.621,-22.083],[-43.612,-22.081],[-43.612,-22.072],[-43.603,-22.072],[-43.591,-22.056],[-43.575,-22.078],[-43.569,-22.077],[-43.566,-22.087],[-43.548,-22.079],[-43.542,-22.079],[-43.526,-22.073],[-43.518,-22.061],[-43.512,-22.059],[-43.505,-22.066],[-43.505,-22.075],[-43.482,-22.073],[-43.477,-22.069],[-43.465,-22.073],[-43.437,-22.06],[-43.423,-22.055],[-43.405,-22.042],[-43.383,-22.03],[-43.368,-22.02],[-43.365,-22.011],[-43.35,-22.008],[-43.347,-22.004],[-43.341,-22.009],[-43.331,-22.011],[-43.327,-22.008],[-43.316,-22.008],[-43.317,-22.017],[-43.31,-22.016],[-43.302,-22.021],[-43.281,-22.011],[-43.267,-22.012],[-43.261,-22.008],[-43.255,-22.012],[-43.247,-22.007],[-43.234,-22.014],[-43.237,-22.023],[-43.228,-22.029],[-43.221,-22.034],[-43.208,-22.03],[-43.202,-22.038],[-43.179,-22.029],[-43.17,-22.022],[-43.163,-22.029],[-43.154,-22.033],[-43.142,-22.033],[-43.131,-22.029],[-43.131,-22.035],[-43.128,-22.047],[-43.134,-22.051],[-43.133,-22.058],[-43.153,-22.074],[-43.15,-22.081],[-43.142,-22.104],[-43.136,-22.11],[-43.127,-22.104],[-43.122,-22.089],[-43.106,-22.083],[-43.09,-22.088],[-43.078,-22.083],[-43.075,-22.093],[-43.066,-22.09],[-43.053,-22.082],[-43.033,-22.066],[-43.033,-22.059],[-43.039,-22.053],[-43.039,-22.045],[-43.027,-22.043],[-43.008,-22.032],[-43.002,-22.033],[-42.997,-22.036],[-42.988,-22.032],[-42.984,-22.026],[-42.969,-22.015],[-42.959,-22.015],[-42.947,-22.006],[-42.938,-22.003],[-42.91,-21.991],[-42.897,-21.982],[-42.894,-21.975],[-42.879,-21.966],[-42.881,-21.959],[-42.867,-21.953],[-42.836,-21.944],[-42.816,-21.936],[-42.81,-21.938],[-42.788,-21.93],[-42.772,-21.922],[-42.74,-21.909],[-42.72,-21.897],[-42.685,-21.879],[-42.665,-21.873],[-42.64,-21.866],[-42.627,-21.859],[-42.614,-21.856],[-42.605,-21.851],[-42.606,-21.846],[-42.601,-21.845],[-42.488,-21.798],[-42.463,-21.786],[-42.46,-21.785],[-42.438,-21.776],[-42.43,-21.776],[-42.396,-21.762],[-42.394,-21.757],[-42.378,-21.748],[-42.358,-21.741],[-42.353,-21.744],[-42.334,-21.746],[-42.314,-21.738],[-42.307,-21.728],[-42.289,-21.721],[-42.269,-21.717],[-42.267,-21.715],[-42.273,-21.704],[-42.265,-21.694],[-42.273,-21.678],[-42.282,-21.681],[-42.288,-21.668],[-42.302,-21.655],[-42.311,-21.66],[-42.315,-21.657],[-42.331,-21.661],[-42.34,-21.66],[-42.346,-21.652],[-42.348,-21.642],[-42.355,-21.648],[-42.365,-21.646],[-42.37,-21.64],[-42.365,-21.632],[-42.359,-21.631],[-42.369,-21.618],[-42.364,-21.614],[-42.363,-21.605],[-42.353,-21.592],[-42.346,-21.583],[-42.325,-21.57],[-42.331,-21.561],[-42.314,-21.556],[-42.303,-21.539],[-42.306,-21.529],[-42.297,-21.524],[-42.286,-21.528],[-42.279,-21.512],[-42.274,-21.504],[-42.26,-21.496],[-42.255,-21.487],[-42.257,-21.482],[-42.272,-21.475],[-42.268,-21.469],[-42.292,-21.459],[-42.284,-21.446],[-42.286,-21.442],[-42.275,-21.427],[-42.278,-21.414],[-42.275,-21.404],[-42.268,-21.4],[-42.26,-21.41],[-42.238,-21.404],[-42.237,-21.394],[-42.25,-21.39],[-42.252,-21.387],[-42.241,-21.377],[-42.242,-21.373],[-42.23,-21.366],[-42.23,-21.359],[-42.236,-21.343],[-42.224,-21.338],[-42.229,-21.329],[-42.237,-21.324],[-42.238,-21.318],[-42.229,-21.307],[-42.229,-21.282],[-42.22,-21.272],[-42.214,-21.273],[-42.2,-21.256],[-42.19,-21.25],[-42.195,-21.239],[-42.189,-21.233],[-42.191,-21.224],[-42.203,-21.221],[-42.202,-21.207],[-42.195,-21.203],[-42.208,-21.179],[-42.2,-21.173],[-42.195,-21.16],[-42.19,-21.146],[-42.182,-21.143],[-42.175,-21.132],[-42.169,-21.117],[-42.171,-21.115],[-42.164,-21.101],[-42.152,-21.104],[-42.14,-21.103],[-42.131,-21.087],[-42.131,-21.079],[-42.118,-21.075],[-42.12,-21.069],[-42.105,-21.055],[-42.104,-21.046],[-42.095,-21.037],[-42.08,-21.036],[-42.08,-21.03],[-42.085,-21.023],[-42.103,-21.014],[-42.114,-21.012],[-42.12,-21.0],[-42.127,-21.001],[-42.141,-20.993],[-42.15,-20.981],[-42.151,-20.974],[-42.138,-20.96],[-42.127,-20.956],[-42.122,-20.96],[-42.115,-20.958],[-42.115,-20.952],[-42.101,-20.944],[-42.094,-20.936],[-42.086,-20.94],[-42.073,-20.936],[-42.068,-20.939],[-42.048,-20.935],[-42.038,-20.927],[-42.017,-20.929],[-42.0,-20.927],[-41.979,-20.935],[-41.974,-20.917],[-41.967,-20.917],[-41.964,-20.907],[-41.965,-20.897],[-41.96,-20.89],[-41.96,-20.883],[-41.95,-20.872],[-41.955,-20.866],[-41.95,-20.859],[-41.937,-20.856],[-41.93,-20.844],[-41.927,-20.839],[-41.932,-20.826],[-41.93,-20.808],[-41.926,-20.802],[-41.928,-20.794],[-41.916,-20.793],[-41.905,-20.797],[-41.896,-20.788],[-41.885,-20.783],[-41.875,-20.766],[-41.88,-20.757],[-41.876,-20.747],[-41.86,-20.739],[-41.865,-20.722],[-41.858,-20.719],[-41.861,-20.707],[-41.855,-20.706],[-41.851,-20.691],[-41.839,-20.683],[-41.831,-20.669],[-41.813,-20.653],[-41.816,-20.647],[-41.807,-20.644],[-41.821,-20.637],[-41.821,-20.628],[-41.839,-20.625],[-41.856,-20.617],[-41.853,-20.608],[-41.846,-20.607],[-41.841,-20.6],[-41.834,-20.569],[-41.828,-20.557],[-41.812,-20.55],[-41.804,-20.538],[-41.809,-20.531],[-41.815,-20.509],[-41.819,-20.504],[-41.825,-20.483],[-41.8,-20.477],[-41.799,-20.463],[-41.803,-20.443],[-41.798,-20.435],[-41.804,-20.429],[-41.803,-20.422],[-41.833,-20.413],[-41.837,-20.409],[-41.84,-20.392],[-41.845,-20.386],[-41.845,-20.377],[-41.859,-20.373],[-41.852,-20.357],[-41.853,-20.351],[-41.837,-20.331],[-41.83,-20.324],[-41.822,-20.311],[-41.807,-20.308],[-41.803,-20.299],[-41.782,-20.294],[-41.776,-20.286],[-41.781,-20.282],[-41.775,-20.26],[-41.77,-20.255],[-41.767,-20.229],[-41.764,-20.218],[-41.757,-20.207],[-41.666,-20.207],[-41.416,-20.207],[-41.412,-20.206],[-41.409,-20.198],[-41.402,-20.199],[-41.397,-20.195],[-41.382,-20.189],[-41.374,-20.168],[-41.376,-20.162],[-41.368,-20.157],[-41.362,-20.142],[-41.356,-20.139],[-41.352,-20.131],[-41.351,-20.12],[-41.344,-20.1],[-41.345,-20.089],[-41.338,-20.088],[-41.338,-20.075],[-41.333,-20.058],[-41.326,-20.055],[-41.319,-20.041],[-41.317,-20.027],[-41.309,-20.016],[-41.308,-20.009],[-41.31,-19.995],[-41.32,-19.979],[-41.312,-19.972],[-41.308,-19.948],[-41.303,-19.938],[-41.298,-19.938],[-41.29,-19.94],[-41.271,-19.942],[-41.255,-19.932],[-41.245,-19.937],[-41.233,-19.919],[-41.23,-19.907],[-41.219,-19.901],[-41.205,-19.903],[-41.195,-19.893],[-41.187,-19.892],[-41.185,-19.889],[-41.184,-19.868],[-41.184,-19.849],[-41.176,-19.839],[-41.185,-19.83],[-41.175,-19.825],[-41.164,-19.806],[-41.166,-19.793],[-41.174,-19.786],[-41.172,-19.778],[-41.175,-19.767],[-41.188,-19.757],[-41.191,-19.746],[-41.18,-19.741],[-41.182,-19.732],[-41.179,-19.72],[-41.174,-19.716],[-41.178,-19.708],[-41.177,-19.699],[-41.169,-19.672],[-41.157,-19.661],[-41.148,-19.664],[-41.137,-19.658],[-41.13,-19.643],[-41.12,-19.639],[-41.109,-19.64],[-41.1,-19.615],[-41.099,-19.604],[-41.091,-19.596],[-41.075,-19.599],[-41.072,-19.584],[-41.06,-19.585],[-41.057,-19.578],[-41.037,-19.57],[-41.037,-19.557],[-41.045,-19.535],[-41.041,-19.516],[-41.05,-19.503],[-41.047,-19.487],[-41.019,-19.505],[-41.009,-19.507],[-40.988,-19.508],[-40.972,-19.505],[-40.971,-19.495],[-40.963,-19.483],[-40.954,-19.473],[-40.945,-19.461],[-40.958,-19.45],[-40.959,-19.439],[-40.968,-19.43],[-40.966,-19.424],[-40.961,-19.419],[-40.962,-19.408],[-40.957,-19.399],[-40.951,-19.393],[-40.93,-19.384],[-40.933,-19.363],[-40.939,-19.36],[-40.938,-19.346],[-40.923,-19.322],[-40.916,-19.319],[-40.908,-19.309],[-40.912,-19.302],[-40.925,-19.302],[-40.933,-19.296],[-40.928,-19.286],[-40.938,-19.286],[-40.944,-19.279],[-40.937,-19.273],[-40.922,-19.272],[-40.916,-19.259],[-40.92,-19.252],[-40.932,-19.251],[-40.934,-19.244],[-40.94,-19.239],[-40.942,-19.23],[-40.935,-19.223],[-40.923,-19.203],[-40.929,-19.194],[-40.926,-19.19],[-40.941,-19.181],[-40.941,-19.163],[-40.947,-19.156],[-40.944,-19.147],[-40.948,-19.142],[-40.962,-19.144],[-40.956,-19.129],[-40.964,-19.122],[-40.97,-19.122],[-40.974,-19.116],[-40.981,-19.113],[-40.989,-19.102],[-41.007,-19.101],[-41.013,-19.091],[-41.013,-19.076],[-41.028,-19.075],[-41.035,-19.072],[-41.054,-19.069],[-41.053,-19.061],[-41.061,-19.056],[-41.066,-19.051],[-41.063,-19.039],[-41.072,-19.026],[-41.062,-19.006],[-41.051,-18.999],[-41.032,-18.991],[-41.017,-18.979],[-41.018,-18.974],[-41.031,-18.975],[-41.034,-18.98],[-41.043,-18.98],[-41.052,-18.974],[-41.051,-18.966],[-41.061,-18.968],[-41.064,-18.96],[-41.065,-18.945],[-41.09,-18.935],[-41.104,-18.934],[-41.116,-18.919],[-41.114,-18.913],[-41.12,-18.908],[-41.127,-18.895],[-41.137,-18.891],[-41.144,-18.885],[-41.153,-18.887],[-41.159,-18.864],[-41.166,-18.858],[-41.187,-18.864],[-41.201,-18.863],[-41.208,-18.855],[-41.215,-18.878],[-41.224,-18.869],[-41.23,-18.858],[-41.243,-18.854],[-41.244,-18.844],[-41.238,-18.835],[-41.245,-18.82],[-41.24,-18.816],[-41.232,-18.797],[-41.149,-18.797],[-41.147,-18.798],[-41.133,-18.797],[-41.13,-18.807],[-41.119,-18.81],[-41.12,-18.818],[-41.111,-18.839],[-41.097,-18.842],[-41.084,-18.837],[-41.025,-18.837],[-41.001,-18.838],[-40.964,-18.841],[-40.963,-18.836],[-40.951,-18.835],[-40.946,-18.825],[-40.937,-18.831],[-40.928,-18.82],[-40.917,-18.816],[-40.92,-18.8],[-40.929,-18.793],[-40.932,-18.78],[-40.94,-18.77],[-40.941,-18.691],[-40.954,-18.682],[-40.977,-18.677],[-40.988,-18.678],[-40.989,-18.673],[-41.005,-18.667],[-41.007,-18.663],[-41.02,-18.655],[-41.03,-18.654],[-41.029,-18.647],[-41.051,-18.634],[-41.039,-18.62],[-41.033,-18.619],[-41.034,-18.607],[-41.042,-18.605],[-41.026,-18.528],[-41.016,-18.477],[-41.016,-18.468],[-41.023,-18.457],[-41.173,-18.443],[-41.182,-18.44],[-41.181,-18.433],[-41.167,-18.415],[-41.161,-18.416],[-41.145,-18.41],[-41.144,-18.405],[-41.16,-18.403],[-41.163,-18.391],[-41.16,-18.381],[-41.148,-18.379],[-41.146,-18.374],[-41.15,-18.366],[-41.148,-18.353],[-41.151,-18.336],[-41.154,-18.33],[-41.159,-18.308],[-41.143,-18.298],[-41.141,-18.291],[-41.132,-18.285],[-41.127,-18.277],[-41.12,-18.274],[-41.096,-18.256],[-41.096,-18.251],[-41.103,-18.237],[-41.091,-18.23],[-41.104,-18.212],[-41.093,-18.206],[-41.093,-18.195],[-41.068,-18.181],[-41.056,-18.179],[-41.052,-18.165],[-41.039,-18.165],[-41.034,-18.172],[-41.028,-18.158],[-41.015,-18.158],[-41.01,-18.168],[-40.993,-18.166],[-40.987,-18.162],[-40.989,-18.156],[-40.987,-18.147],[-40.974,-18.142],[-40.966,-18.147],[-40.962,-18.154],[-40.955,-18.154],[-40.952,-18.134],[-40.944,-18.13],[-40.941,-18.137],[-40.932,-18.137],[-40.925,-18.127],[-40.909,-18.115],[-40.892,-18.113],[-40.894,-18.119],[-40.889,-18.124],[-40.879,-18.12],[-40.866,-18.13],[-40.863,-18.139],[-40.857,-18.14],[-40.845,-18.15],[-40.838,-18.148],[-40.833,-18.151],[-40.824,-18.149],[-40.805,-18.153],[-40.795,-18.16],[-40.772,-18.156],[-40.773,-18.144],[-40.77,-18.135],[-40.773,-18.129],[-40.773,-18.108],[-40.902,-17.986],[-40.891,-17.983],[-40.882,-17.971],[-40.877,-17.982],[-40.863,-17.988],[-40.859,-17.979],[-40.853,-17.977],[-40.848,-17.968],[-40.831,-17.954],[-40.825,-17.964],[-40.813,-17.958],[-40.808,-17.952],[-40.798,-17.957],[-40.792,-17.971],[-40.792,-17.982],[-40.782,-17.975],[-40.771,-17.986],[-40.775,-17.997],[-40.772,-18.003],[-40.76,-18.004],[-40.753,-18.01],[-40.726,-18.001],[-40.716,-18.005],[-40.71,-18.021],[-40.704,-18.024],[-40.691,-18.013],[-40.681,-18.01],[-40.662,-18.013],[-40.651,-18.007],[-40.646,-17.994],[-40.638,-17.991],[-40.626,-17.991],[-40.624,-17.976],[-40.614,-17.966],[-40.622,-17.961],[-40.613,-17.95],[-40.615,-17.942],[-40.609,-17.938],[-40.597,-17.936],[-40.587,-17.939],[-40.585,-17.918],[-40.568,-17.916],[-40.54,-17.903],[-40.536,-17.896],[-40.527,-17.892],[-40.517,-17.894],[-40.509,-17.907],[-40.501,-17.912],[-40.49,-17.907],[-40.484,-17.909],[-40.477,-17.918],[-40.463,-17.928],[-40.459,-17.921],[-40.445,-17.919],[-40.433,-17.921],[-40.417,-17.927],[-40.403,-17.924],[-40.389,-17.925],[-40.386,-17.928],[-40.373,-17.928],[-40.368,-17.923],[-40.356,-17.93],[-40.346,-17.924],[-40.334,-17.927],[-40.323,-17.939],[-40.31,-17.941],[-40.305,-17.948],[-40.291,-17.947],[-40.291,-17.952],[-40.276,-17.963],[-40.269,-17.962],[-40.26,-17.966],[-40.255,-17.972],[-40.236,-17.975],[-40.222,-17.98],[-40.223,-17.967],[-40.227,-17.958],[-40.239,-17.954],[-40.26,-17.94],[-40.266,-17.932],[-40.264,-17.922],[-40.212,-17.895],[-40.174,-17.852],[-40.182,-17.836],[-40.198,-17.828],[-40.204,-17.829],[-40.202,-17.816],[-40.205,-17.805],[-40.218,-17.796],[-40.214,-17.777],[-40.218,-17.77],[-40.214,-17.752],[-40.224,-17.734],[-40.24,-17.735],[-40.249,-17.731],[-40.256,-17.72],[-40.273,-17.727],[-40.283,-17.718],[-40.286,-17.701],[-40.295,-17.7],[-40.3,-17.689],[-40.299,-17.675],[-40.309,-17.665],[-40.323,-17.661],[-40.326,-17.654],[-40.324,-17.641],[-40.334,-17.632],[-40.336,-17.626],[-40.344,-17.616],[-40.352,-17.622],[-40.349,-17.631],[-40.353,-17.637],[-40.361,-17.637],[-40.368,-17.618],[-40.372,-17.613],[-40.38,-17.611],[-40.389,-17.621],[-40.397,-17.626],[-40.404,-17.611],[-40.414,-17.61],[-40.418,-17.599],[-40.417,-17.588],[-40.41,-17.586],[-40.414,-17.574],[-40.428,-17.567],[-40.438,-17.57],[-40.445,-17.579],[-40.459,-17.57],[-40.475,-17.534],[-40.486,-17.527],[-40.489,-17.52],[-40.484,-17.506],[-40.486,-17.5],[-40.483,-17.488],[-40.495,-17.487],[-40.498,-17.479],[-40.505,-17.476],[-40.511,-17.466],[-40.521,-17.458],[-40.52,-17.447],[-40.539,-17.442],[-40.554,-17.436],[-40.564,-17.425],[-40.568,-17.418],[-40.578,-17.414],[-40.597,-17.421],[-40.609,-17.417],[-40.62,-17.41],[-40.623,-17.403],[-40.614,-17.398],[-40.599,-17.392],[-40.601,-17.381],[-40.598,-17.377],[-40.599,-17.364],[-40.605,-17.356],[-40.593,-17.346],[-40.602,-17.341],[-40.609,-17.327],[-40.606,-17.323],[-40.595,-17.324],[-40.59,-17.313],[-40.582,-17.311],[-40.572,-17.295],[-40.563,-17.289],[-40.555,-17.288],[-40.548,-17.284],[-40.55,-17.279],[-40.562,-17.273],[-40.564,-17.257],[-40.571,-17.253],[-40.559,-17.232],[-40.563,-17.218],[-40.562,-17.209],[-40.554,-17.203],[-40.554,-17.189],[-40.558,-17.186],[-40.572,-17.182],[-40.578,-17.168],[-40.576,-17.157],[-40.579,-17.15],[-40.571,-17.141],[-40.562,-17.123],[-40.562,-17.112],[-40.557,-17.105],[-40.557,-17.09],[-40.561,-17.082],[-40.571,-17.08],[-40.572,-17.066],[-40.56,-17.042],[-40.556,-17.023],[-40.556,-17.013],[-40.55,-17.001],[-40.548,-16.991],[-40.544,-16.983],[-40.535,-16.981],[-40.532,-16.975],[-40.516,-16.963],[-40.506,-16.931],[-40.497,-16.917],[-40.491,-16.896],[-40.492,-16.887],[-40.48,-16.877],[-40.46,-16.878],[-40.454,-16.882],[-40.452,-16.891],[-40.444,-16.893],[-40.434,-16.887],[-40.427,-16.89],[-40.418,-16.899],[-40.408,-16.899],[-40.401,-16.89],[-40.394,-16.887],[-40.378,-16.887],[-40.365,-16.875],[-40.354,-16.886],[-40.348,-16.888],[-40.349,-16.899],[-40.34,-16.898],[-40.331,-16.908],[-40.323,-16.904],[-40.316,-16.905],[-40.31,-16.897],[-40.303,-16.892],[-40.295,-16.904],[-40.282,-16.901],[-40.272,-16.878],[-40.272,-16.87],[-40.266,-16.86],[-40.252,-16.858],[-40.251,-16.831],[-40.258,-16.821],[-40.258,-16.806],[-40.269,-16.796],[-40.283,-16.804],[-40.295,-16.797],[-40.324,-16.801],[-40.336,-16.788],[-40.333,-16.77],[-40.32,-16.746],[-40.31,-16.733],[-40.311,-16.719],[-40.304,-16.712],[-40.303,-16.704],[-40.307,-16.697],[-40.311,-16.696],[-40.313,-16.679],[-40.303,-16.658],[-40.298,-16.652],[-40.298,-16.644],[-40.292,-16.622],[-40.284,-16.605],[-40.288,-16.601],[-40.283,-16.587],[-40.276,-16.579],[-40.276,-16.573],[-40.26,-16.574],[-40.253,-16.57],[-40.23,-16.561],[-40.218,-16.567],[-40.213,-16.573],[-40.198,-16.57],[-40.186,-16.573],[-40.173,-16.577],[-40.158,-16.579],[-40.16,-16.571],[-40.154,-16.566],[-40.154,-16.56],[-40.163,-16.55],[-40.169,-16.539],[-40.17,-16.525],[-40.16,-16.517],[-40.153,-16.507],[-40.142,-16.498],[-40.133,-16.482],[-40.121,-16.467],[-40.117,-16.467],[-40.114,-16.454],[-40.11,-16.449],[-40.103,-16.437],[-40.1,-16.424],[-40.095,-16.424],[-40.092,-16.435],[-40.097,-16.448],[-40.088,-16.452],[-40.079,-16.464],[-40.066,-16.457],[-40.062,-16.431],[-40.055,-16.433],[-40.046,-16.422],[-40.041,-16.412],[-40.042,-16.406],[-40.032,-16.392],[-40.026,-16.366],[-40.025,-16.357],[-40.017,-16.348],[-40.011,-16.34],[-39.995,-16.331],[-39.997,-16.325],[-39.99,-16.312],[-39.981,-16.311],[-39.978,-16.318],[-39.971,-16.32],[-39.97,-16.328],[-39.961,-16.322],[-39.958,-16.308],[-39.951,-16.297],[-39.939,-16.294],[-39.933,-16.284],[-39.918,-16.284],[-39.916,-16.281],[-39.92,-16.264],[-39.928,-16.258],[-39.936,-16.248],[-39.936,-16.244],[-39.912,-16.216],[-39.913,-16.21],[-39.902,-16.209],[-39.9,-16.203],[-39.883,-16.195],[-39.883,-16.164],[-39.887,-16.151],[-39.896,-16.148],[-39.892,-16.138],[-39.884,-16.145],[-39.87,-16.135],[-39.861,-16.125],[-39.857,-16.114],[-39.865,-16.104],[-39.867,-16.096],[-39.875,-16.094],[-39.878,-16.089],[-39.877,-16.078],[-39.884,-16.066],[-39.9,-16.059],[-39.899,-16.05],[-39.919,-16.033],[-39.922,-16.029],[-39.936,-16.024],[-39.926,-16.012],[-39.918,-16.007],[-39.915,-16],[-39.924,-15.995],[-39.936,-15.995],[-39.958,-15.992],[-39.963,-15.996],[-39.964,-16.004],[-39.98,-16.006],[-39.98,-15.998],[-39.993,-15.996],[-40.004,-16.002],[-40.014,-15.984],[-40.028,-15.986],[-40.033,-15.978],[-40.044,-15.974],[-40.046,-15.962],[-40.061,-15.964],[-40.066,-15.959],[-40.066,-15.94],[-40.075,-15.92],[-40.08,-15.924],[-40.087,-15.914],[-40.082,-15.905],[-40.085,-15.897],[-40.097,-15.9],[-40.097,-15.908],[-40.11,-15.913],[-40.117,-15.903],[-40.127,-15.907],[-40.148,-15.905],[-40.157,-15.899],[-40.16,-15.909],[-40.175,-15.904],[-40.174,-15.898],[-40.166,-15.894],[-40.166,-15.868],[-40.174,-15.87],[-40.193,-15.858],[-40.207,-15.854],[-40.208,-15.847],[-40.219,-15.836],[-40.223,-15.821],[-40.228,-15.819],[-40.229,-15.809],[-40.236,-15.803],[-40.263,-15.809],[-40.271,-15.817],[-40.283,-15.808],[-40.294,-15.817],[-40.312,-15.816],[-40.321,-15.821],[-40.328,-15.818],[-40.337,-15.824],[-40.343,-15.818],[-40.357,-15.813],[-40.368,-15.817],[-40.378,-15.818],[-40.406,-15.812],[-40.425,-15.806],[-40.432,-15.779],[-40.45,-15.762],[-40.457,-15.755],[-40.464,-15.756],[-40.475,-15.771],[-40.484,-15.776],[-40.495,-15.766],[-40.506,-15.767],[-40.514,-15.773],[-40.519,-15.783],[-40.517,-15.791],[-40.52,-15.798],[-40.542,-15.795],[-40.553,-15.804],[-40.561,-15.804],[-40.571,-15.792],[-40.573,-15.786],[-40.567,-15.778],[-40.579,-15.773],[-40.591,-15.773],[-40.593,-15.762],[-40.604,-15.759],[-40.6,-15.753],[-40.601,-15.743],[-40.607,-15.737],[-40.614,-15.735],[-40.626,-15.718],[-40.633,-15.718],[-40.638,-15.73],[-40.645,-15.729],[-40.662,-15.707],[-40.672,-15.701],[-40.681,-15.7],[-40.689,-15.683],[-40.701,-15.667],[-40.707,-15.666],[-40.714,-15.672],[-40.732,-15.675],[-40.744,-15.684],[-40.737,-15.7],[-40.742,-15.705],[-40.76,-15.713],[-40.768,-15.714],[-40.778,-15.708],[-40.786,-15.692],[-40.78,-15.68],[-40.795,-15.664],[-40.808,-15.656],[-40.817,-15.648],[-40.829,-15.648],[-40.832,-15.654],[-40.831,-15.669],[-40.84,-15.675],[-40.841,-15.682],[-40.851,-15.682],[-40.855,-15.687],[-40.882,-15.694],[-40.892,-15.691],[-40.903,-15.692],[-40.908,-15.684],[-40.907,-15.675],[-40.914,-15.661],[-40.926,-15.656],[-40.947,-15.657],[-40.963,-15.648],[-40.973,-15.664],[-40.977,-15.675],[-40.978,-15.688],[-40.986,-15.693],[-41.006,-15.714],[-41.025,-15.712],[-41.036,-15.714],[-41.048,-15.724],[-41.079,-15.72],[-41.083,-15.729],[-41.098,-15.741],[-41.122,-15.743],[-41.133,-15.753],[-41.136,-15.766],[-41.142,-15.772],[-41.156,-15.761],[-41.166,-15.761],[-41.2,-15.749],[-41.21,-15.739],[-41.215,-15.737],[-41.237,-15.738],[-41.254,-15.747],[-41.269,-15.749],[-41.282,-15.741],[-41.293,-15.739],[-41.305,-15.743],[-41.33,-15.743],[-41.331,-15.745],[-41.342,-15.639],[-41.356,-15.5],[-41.362,-15.495],[-41.364,-15.493],[-41.423,-15.44],[-41.433,-15.432],[-41.456,-15.41],[-41.464,-15.402],[-41.499,-15.373],[-41.651,-15.236],[-41.76,-15.138],[-41.802,-15.1],[-41.81,-15.101],[-41.816,-15.108],[-41.838,-15.112],[-41.848,-15.117],[-41.867,-15.115],[-41.873,-15.117],[-41.879,-15.136],[-41.888,-15.142],[-41.897,-15.152],[-41.91,-15.154],[-41.915,-15.161],[-41.928,-15.163],[-41.932,-15.175],[-41.953,-15.176],[-41.976,-15.167],[-41.988,-15.168],[-41.995,-15.159],[-42.004,-15.16],[-42.048,-15.171],[-42.073,-15.176],[-42.085,-15.187],[-42.096,-15.182],[-42.097,-15.171],[-42.106,-15.168],[-42.109,-15.156],[-42.116,-15.144],[-42.125,-15.135],[-42.141,-15.129],[-42.151,-15.118],[-42.152,-15.105],[-42.155,-15.098],[-42.163,-15.098],[-42.173,-15.086],[-42.18,-15.088],[-42.183,-15.1],[-42.193,-15.103],[-42.203,-15.1],[-42.216,-15.106],[-42.223,-15.1],[-42.247,-15.109],[-42.259,-15.122],[-42.266,-15.125],[-42.273,-15.115],[-42.278,-15.114],[-42.283,-15.118],[-42.29,-15.11],[-42.306,-15.104],[-42.324,-15.094],[-42.328,-15.085],[-42.335,-15.079],[-42.355,-15.098],[-42.364,-15.089],[-42.372,-15.074],[-42.381,-15.071],[-42.393,-15.077],[-42.401,-15.077],[-42.409,-15.071],[-42.422,-15.066],[-42.443,-15.061],[-42.444,-15.056],[-42.442,-15.035],[-42.436,-15.026],[-42.444,-15.021],[-42.462,-15.021],[-42.479,-15.014],[-42.489,-15.0],[-42.516,-14.983],[-42.522,-14.983],[-42.533,-14.976],[-42.533,-14.968],[-42.554,-14.959],[-42.561,-14.962],[-42.575,-14.946],[-42.578,-14.939],[-42.586,-14.932],[-42.599,-14.924],[-42.602,-14.925],[-42.613,-14.938],[-42.619,-14.94],[-42.628,-14.941],[-42.64,-14.932],[-42.649,-14.93],[-42.664,-14.916],[-42.672,-14.912],[-42.68,-14.903],[-42.693,-14.902],[-42.7,-14.895],[-42.7,-14.888],[-42.707,-14.881],[-42.723,-14.886],[-42.727,-14.879],[-42.736,-14.877],[-42.747,-14.868],[-42.753,-14.857],[-42.755,-14.846],[-42.767,-14.842],[-42.787,-14.84],[-42.795,-14.837],[-42.818,-14.822],[-42.825,-14.813],[-42.835,-14.808],[-42.842,-14.796],[-42.856,-14.79],[-42.861,-14.781],[-42.872,-14.775],[-42.867,-14.771],[-42.872,-14.765],[-42.881,-14.769],[-42.89,-14.767],[-42.898,-14.761],[-42.906,-14.761],[-42.911,-14.746],[-42.916,-14.748],[-42.927,-14.743],[-42.925,-14.736],[-42.937,-14.722],[-42.939,-14.708],[-42.953,-14.708],[-42.977,-14.698],[-42.987,-14.701],[-43.003,-14.696],[-43.011,-14.702],[-43.016,-14.697],[-43.027,-14.694],[-43.027,-14.686],[-43.037,-14.683],[-43.049,-14.69],[-43.057,-14.691],[-43.059,-14.685],[-43.068,-14.681],[-43.071,-14.687],[-43.079,-14.69],[-43.083,-14.698],[-43.092,-14.683],[-43.101,-14.675],[-43.108,-14.673],[-43.116,-14.679],[-43.127,-14.666],[-43.151,-14.666],[-43.175,-14.651],[-43.179,-14.661],[-43.193,-14.65],[-43.201,-14.651],[-43.208,-14.658],[-43.225,-14.658],[-43.245,-14.656],[-43.261,-14.663],[-43.281,-14.666],[-43.284,-14.674],[-43.298,-14.676],[-43.311,-14.67],[-43.32,-14.678],[-43.331,-14.68],[-43.336,-14.689],[-43.354,-14.698],[-43.373,-14.699],[-43.383,-14.706],[-43.399,-14.71],[-43.417,-14.724],[-43.424,-14.72],[-43.435,-14.726],[-43.446,-14.737],[-43.456,-14.74],[-43.461,-14.746],[-43.456,-14.758],[-43.463,-14.766],[-43.472,-14.762],[-43.481,-14.768],[-43.48,-14.773],[-43.469,-14.779],[-43.468,-14.785],[-43.478,-14.792],[-43.487,-14.79],[-43.494,-14.791],[-43.497,-14.796],[-43.511,-14.797],[-43.509,-14.806],[-43.521,-14.806],[-43.525,-14.814],[-43.531,-14.816],[-43.531,-14.815],[-43.54,-14.803],[-43.534,-14.789],[-43.542,-14.779],[-43.574,-14.765],[-43.579,-14.753],[-43.586,-14.75],[-43.599,-14.754],[-43.606,-14.759],[-43.615,-14.76],[-43.63,-14.75],[-43.657,-14.746],[-43.671,-14.737],[-43.677,-14.729],[-43.696,-14.724],[-43.71,-14.73],[-43.72,-14.729],[-43.72,-14.721],[-43.712,-14.715],[-43.718,-14.711],[-43.721,-14.702],[-43.726,-14.698],[-43.742,-14.701],[-43.755,-14.701],[-43.763,-14.693],[-43.776,-14.692],[-43.786,-14.686],[-43.799,-14.688],[-43.813,-14.684],[-43.82,-14.679],[-43.838,-14.676],[-43.847,-14.672],[-43.859,-14.674],[-43.863,-14.663],[-43.872,-14.664],[-43.883,-14.652],[-43.875,-14.637],[-43.881,-14.631],[-43.875,-14.622],[-43.877,-14.609],[-43.877,-14.591],[-43.887,-14.585],[-43.879,-14.568],[-43.881,-14.562],[-43.875,-14.537],[-43.875,-14.524],[-43.87,-14.513],[-43.858,-14.493],[-43.832,-14.443],[-43.827,-14.429],[-43.82,-14.392],[-43.818,-14.388],[-43.814,-14.381],[-43.804,-14.371],[-43.799,-14.36],[-43.783,-14.339],[-43.807,-14.332],[-43.809,-14.325],[-43.815,-14.325],[-43.828,-14.316],[-43.837,-14.312],[-43.843,-14.317],[-43.855,-14.308],[-43.86,-14.312],[-43.87,-14.31],[-43.881,-14.312],[-43.897,-14.299],[-43.902,-14.298],[-43.915,-14.304],[-43.915,-14.297],[-43.933,-14.296],[-43.943,-14.3],[-43.946,-14.29],[-43.962,-14.291],[-43.968,-14.275],[-43.981,-14.282],[-43.983,-14.276],[-43.991,-14.273],[-43.997,-14.266],[-44.006,-14.267],[-44.009,-14.272],[-44.026,-14.277],[-44.032,-14.288],[-44.046,-14.284],[-44.051,-14.286],[-44.067,-14.279],[-44.073,-14.281],[-44.074,-14.272],[-44.083,-14.269],[-44.097,-14.274],[-44.106,-14.267],[-44.107,-14.259],[-44.114,-14.26],[-44.117,-14.267],[-44.132,-14.282],[-44.137,-14.264],[-44.16,-14.258],[-44.165,-14.269],[-44.17,-14.269],[-44.183,-14.258],[-44.201,-14.255],[-44.209,-14.247],[-44.209,-14.239],[-44.217,-14.233],[-44.218,-14.245],[-44.241,-14.241],[-44.235,-14.247],[-44.238,-14.252],[-44.25,-14.259],[-44.254,-14.252],[-44.272,-14.247],[-44.277,-14.252],[-44.284,-14.248],[-44.296,-14.253],[-44.302,-14.253],[-44.316,-14.24],[-44.32,-14.244],[-44.341,-14.249],[-44.34,-14.257],[-44.351,-14.26],[-44.353,-14.266],[-44.362,-14.273],[-44.375,-14.274],[-44.382,-14.279],[-44.391,-14.276],[-44.412,-14.282],[-44.429,-14.287],[-44.439,-14.303],[-44.448,-14.306],[-44.454,-14.312],[-44.464,-14.311],[-44.47,-14.316],[-44.475,-14.314],[-44.488,-14.329],[-44.498,-14.328],[-44.503,-14.322],[-44.511,-14.323],[-44.518,-14.33],[-44.529,-14.328],[-44.541,-14.332],[-44.543,-14.341],[-44.553,-14.338],[-44.566,-14.341],[-44.587,-14.354],[-44.59,-14.361],[-44.599,-14.368],[-44.61,-14.366],[-44.618,-14.376],[-44.626,-14.376],[-44.633,-14.388],[-44.644,-14.393],[-44.659,-14.396],[-44.662,-14.403],[-44.659,-14.417],[-44.671,-14.416],[-44.675,-14.424],[-44.687,-14.417],[-44.694,-14.423],[-44.698,-14.432],[-44.701,-14.45],[-44.713,-14.444],[-44.725,-14.45],[-44.726,-14.458],[-44.735,-14.461],[-44.741,-14.467],[-44.757,-14.478],[-44.767,-14.477],[-44.782,-14.483],[-44.793,-14.49],[-44.794,-14.497],[-44.809,-14.498],[-44.811,-14.503],[-44.824,-14.504],[-44.833,-14.5],[-44.835,-14.508],[-44.825,-14.519],[-44.831,-14.52],[-44.83,-14.533],[-44.833,-14.543],[-44.843,-14.542],[-44.848,-14.547],[-44.847,-14.558],[-44.854,-14.567],[-44.851,-14.578],[-44.862,-14.579],[-44.869,-14.593],[-44.876,-14.597],[-44.89,-14.597],[-44.897,-14.605],[-44.91,-14.603],[-44.908,-14.613],[-44.917,-14.62],[-44.931,-14.623],[-44.935,-14.626],[-44.955,-14.634],[-44.96,-14.632],[-44.981,-14.646],[-44.985,-14.661],[-44.997,-14.659],[-44.996,-14.668],[-45.032,-14.676],[-45.04,-14.681],[-45.04,-14.691],[-45.048,-14.691],[-45.054,-14.7],[-45.055,-14.707],[-45.065,-14.731],[-45.083,-14.749],[-45.096,-14.753],[-45.117,-14.748],[-45.136,-14.747],[-45.153,-14.742],[-45.166,-14.735],[-45.182,-14.745],[-45.19,-14.743],[-45.191,-14.75],[-45.206,-14.745],[-45.217,-14.755],[-45.222,-14.762],[-45.229,-14.766],[-45.232,-14.775],[-45.243,-14.786],[-45.25,-14.784],[-45.259,-14.79],[-45.265,-14.802],[-45.272,-14.801],[-45.274,-14.812],[-45.287,-14.822],[-45.289,-14.828],[-45.302,-14.828],[-45.306,-14.834],[-45.318,-14.853],[-45.322,-14.852],[-45.35,-14.868],[-45.356,-14.877],[-45.364,-14.872],[-45.372,-14.881],[-45.369,-14.89],[-45.383,-14.899],[-45.387,-14.907],[-45.4,-14.918],[-45.41,-14.923],[-45.425,-14.925],[-45.429,-14.92],[-45.435,-14.923],[-45.455,-14.949],[-45.47,-14.95],[-45.49,-14.961],[-45.498,-14.946],[-45.514,-14.954],[-45.526,-14.949],[-45.526,-14.946],[-45.536,-14.938],[-45.547,-14.939],[-45.554,-14.945],[-45.568,-14.946],[-45.567,-14.957],[-45.578,-14.967],[-45.594,-14.979],[-45.594,-14.984],[-45.603,-14.989],[-45.617,-15.014],[-45.625,-15.021],[-45.65,-15.024],[-45.658,-15.028],[-45.66,-15.038],[-45.656,-15.049],[-45.666,-15.063],[-45.673,-15.078],[-45.697,-15.093],[-45.7,-15.09],[-45.719,-15.096],[-45.718,-15.105],[-45.722,-15.112],[-45.728,-15.113],[-45.74,-15.12],[-45.751,-15.123],[-45.765,-15.117],[-45.784,-15.114],[-45.803,-15.119],[-45.812,-15.113],[-45.83,-15.12],[-45.834,-15.137],[-45.844,-15.145],[-45.859,-15.145],[-45.861,-15.152],[-45.872,-15.159],[-45.88,-15.156],[-45.891,-15.148],[-45.906,-15.142],[-45.919,-15.133],[-45.939,-15.136],[-45.961,-15.144],[-45.972,-15.157],[-45.972,-15.17],[-45.984,-15.196],[-45.994,-15.201],[-46.001,-15.196],[-46.016,-15.197],[-46.029,-15.202],[-46.033,-15.214],[-46.039,-15.217],[-46.038,-15.227],[-46.042,-15.236],[-46.047,-15.236],[-46.056,-15.251],[-46.054,-15.26],[-46.058,-15.263],[-46.077,-15.265],[-46.08,-15.251],[-46.085,-15.246],[-46.092,-15.248],[-46.097,-15.243],[-46.101,-15.23],[-46.099,-15.217],[-46.117,-15.205],[-46.121,-15.197],[-46.115,-15.191],[-46.098,-15.193],[-46.093,-15.185],[-46.081,-15.182],[-46.079,-15.175],[-46.062,-15.175],[-46.054,-15.172],[-46.048,-15.164],[-46.047,-15.15],[-46.044,-15.143],[-46.05,-15.133],[-46.044,-15.118],[-46.029,-15.114],[-46.027,-15.101],[-46.02,-15.093],[-46.019,-15.081],[-46.012,-15.072],[-45.996,-15.059],[-45.975,-15.037],[-45.974,-15.027],[-45.975,-15.005],[-45.978,-14.999],[-45.97,-14.992],[-45.967,-14.98],[-45.966,-14.966],[-45.972,-14.949],[-45.979,-14.947],[-45.991,-14.937],[-45.996,-14.928],[-46.005,-14.928],[-46.008,-14.92],[-46.003,-14.909],[-46.004,-14.902],[-46.011,-14.897],[-46.021,-14.884],[-46.034,-14.88],[-46.038,-14.875],[-46.039,-14.875],[-46.049,-14.878],[-46.061,-14.902],[-46.067,-14.91],[-46.079,-14.905],[-46.083,-14.928],[-46.088,-14.936],[-46.098,-14.939],[-46.11,-14.937],[-46.119,-14.921],[-46.134,-14.922],[-46.139,-14.928],[-46.151,-14.923],[-46.16,-14.914],[-46.164,-14.914],[-46.162,-14.931],[-46.172,-14.947],[-46.177,-14.949],[-46.191,-14.945],[-46.2,-14.938],[-46.211,-14.937],[-46.216,-14.944],[-46.224,-14.942],[-46.232,-14.922],[-46.246,-14.922],[-46.26,-14.93],[-46.287,-14.928],[-46.292,-14.922],[-46.294,-14.91],[-46.308,-14.911],[-46.316,-14.901],[-46.319,-14.9],[-46.318,-14.883],[-46.309,-14.878],[-46.3,-14.858],[-46.315,-14.854],[-46.319,-14.848],[-46.325,-14.846],[-46.32,-14.836],[-46.322,-14.815],[-46.333,-14.814],[-46.336,-14.803],[-46.355,-14.794],[-46.366,-14.795],[-46.368,-14.79],[-46.379,-14.785],[-46.386,-14.776],[-46.394,-14.772],[-46.404,-14.76],[-46.424,-14.756],[-46.441,-14.742],[-46.447,-14.732],[-46.464,-14.73],[-46.466,-14.714],[-46.475,-14.705],[-46.484,-14.709],[-46.493,-14.709],[-46.503,-14.704],[-46.51,-14.716],[-46.507,-14.726],[-46.51,-14.738],[-46.522,-14.745],[-46.537,-14.748],[-46.544,-14.753],[-46.543,-14.769],[-46.564,-14.783],[-46.566,-14.792],[-46.558,-14.807],[-46.56,-14.815],[-46.559,-14.822],[-46.546,-14.824],[-46.532,-14.83],[-46.528,-14.843],[-46.522,-14.851],[-46.523,-14.86],[-46.533,-14.888],[-46.54,-14.892],[-46.544,-14.905],[-46.543,-14.914],[-46.546,-14.929],[-46.539,-14.941],[-46.541,-14.952],[-46.532,-14.958],[-46.529,-14.965],[-46.518,-14.97],[-46.517,-14.982],[-46.526,-14.986],[-46.531,-15.005],[-46.521,-15.014],[-46.52,-15.02],[-46.514,-15.026],[-46.509,-15.04],[-46.503,-15.051],[-46.516,-15.062],[-46.526,-15.056],[-46.532,-15.056],[-46.551,-15.064],[-46.565,-15.073],[-46.578,-15.084],[-46.588,-15.081],[-46.6,-15.088],[-46.611,-15.084],[-46.625,-15.089],[-46.641,-15.088],[-46.656,-15.082],[-46.67,-15.067],[-46.682,-15.059],[-46.696,-15.055],[-46.708,-15.05],[-46.727,-15.038],[-46.758,-15.03],[-46.768,-15.024],[-46.786,-15.018],[-46.803,-15.017],[-46.821,-15.011],[-46.83,-15.009],[-46.857,-15.01],[-46.864,-15.02],[-46.895,-15.035],[-46.908,-15.046],[-46.918,-15.049],[-46.925,-15.057],[-46.926,-15.074],[-46.91,-15.088],[-46.897,-15.095],[-46.896,-15.105],[-46.888,-15.113],[-46.89,-15.12],[-46.899,-15.137],[-46.905,-15.143],[-46.914,-15.158],[-46.921,-15.178],[-46.937,-15.205],[-46.938,-15.211],[-46.934,-15.226],[-46.94,-15.232],[-46.935,-15.237],[-46.932,-15.25],[-46.928,-15.255],[-46.911,-15.245],[-46.906,-15.237],[-46.892,-15.235],[-46.889,-15.242],[-46.888,-15.268],[-46.889,-15.282],[-46.874,-15.285],[-46.858,-15.304],[-46.837,-15.321],[-46.836,-15.326],[-46.848,-15.347],[-46.857,-15.349],[-46.868,-15.357],[-46.869,-15.364],[-46.851,-15.368],[-46.849,-15.373],[-46.871,-15.388],[-46.886,-15.393],[-46.891,-15.4],[-46.912,-15.412],[-46.931,-15.443],[-46.933,-15.46],[-46.932,-15.483],[-46.944,-15.518],[-46.949,-15.555],[-46.946,-15.563],[-46.934,-15.576],[-46.918,-15.59],[-46.897,-15.593],[-46.889,-15.606],[-46.883,-15.61],[-46.874,-15.614],[-46.855,-15.618],[-46.855,-15.628],[-46.859,-15.64],[-46.853,-15.653],[-46.852,-15.671],[-46.856,-15.682],[-46.85,-15.693],[-46.843,-15.715],[-46.828,-15.729],[-46.827,-15.754],[-46.821,-15.766],[-46.813,-15.787],[-46.814,-15.793],[-46.822,-15.805],[-46.821,-15.817],[-46.823,-15.825],[-46.817,-15.84],[-46.806,-15.859],[-46.806,-15.871],[-46.807,-15.879],[-46.814,-15.887],[-46.825,-15.886],[-46.953,-15.917],[-46.984,-15.924],[-47.02,-15.929],[-47.035,-15.935],[-47.056,-15.938],[-47.074,-15.954],[-47.077,-15.958],[-47.089,-15.961],[-47.096,-15.957],[-47.107,-15.958],[-47.125,-15.946],[-47.135,-15.949],[-47.132,-15.934],[-47.137,-15.927],[-47.147,-15.932],[-47.155,-15.941],[-47.16,-15.941],[-47.172,-15.954],[-47.17,-15.971],[-47.179,-15.978],[-47.194,-15.983],[-47.209,-15.99],[-47.207,-15.995],[-47.211,-16.004],[-47.226,-16.016],[-47.239,-16.014],[-47.26,-16.018],[-47.267,-16.012],[-47.278,-16.009],[-47.287,-16.009],[-47.29,-16.015],[-47.301,-16.018],[-47.31,-16.036],[-47.309,-16.05],[-47.305,-16.061],[-47.311,-16.065],[-47.308,-16.079],[-47.313,-16.089],[-47.321,-16.091],[-47.333,-16.087],[-47.337,-16.094],[-47.332,-16.101],[-47.337,-16.119],[-47.342,-16.122],[-47.343,-16.131],[-47.352,-16.134],[-47.35,-16.148],[-47.346,-16.148],[-47.342,-16.157],[-47.345,-16.164],[-47.332,-16.172],[-47.333,-16.191],[-47.328,-16.204],[-47.323,-16.209],[-47.329,-16.211],[-47.328,-16.222],[-47.322,-16.231],[-47.334,-16.248],[-47.334,-16.259],[-47.344,-16.265],[-47.352,-16.275],[-47.348,-16.287],[-47.355,-16.294],[-47.353,-16.307],[-47.359,-16.315],[-47.365,-16.33],[-47.375,-16.337],[-47.38,-16.348],[-47.396,-16.363],[-47.398,-16.368],[-47.412,-16.38],[-47.42,-16.383],[-47.427,-16.399],[-47.424,-16.403],[-47.424,-16.42],[-47.429,-16.437],[-47.446,-16.458],[-47.455,-16.466],[-47.457,-16.478],[-47.454,-16.489],[-47.459,-16.504],[-47.441,-16.528],[-47.442,-16.541],[-47.435,-16.542],[-47.431,-16.549],[-47.421,-16.55],[-47.414,-16.547],[-47.406,-16.555],[-47.412,-16.563],[-47.41,-16.573],[-47.402,-16.571],[-47.387,-16.578],[-47.377,-16.578],[-47.374,-16.593],[-47.365,-16.593],[-47.358,-16.587],[-47.347,-16.591],[-47.334,-16.608],[-47.316,-16.605],[-47.319,-16.613],[-47.306,-16.626],[-47.299,-16.624],[-47.296,-16.635],[-47.288,-16.633],[-47.288,-16.642],[-47.274,-16.662],[-47.263,-16.654],[-47.252,-16.665],[-47.25,-16.675],[-47.259,-16.677],[-47.258,-16.685],[-47.246,-16.683],[-47.246,-16.701],[-47.23,-16.712],[-47.226,-16.721],[-47.224,-16.73],[-47.232,-16.733],[-47.228,-16.74],[-47.234,-16.743],[-47.236,-16.755],[-47.231,-16.775],[-47.22,-16.778],[-47.221,-16.788],[-47.217,-16.792],[-47.221,-16.802],[-47.22,-16.81],[-47.214,-16.811],[-47.213,-16.828],[-47.2,-16.829],[-47.206,-16.838],[-47.206,-16.852],[-47.2,-16.857],[-47.202,-16.863],[-47.21,-16.864],[-47.208,-16.875],[-47.201,-16.881],[-47.203,-16.893],[-47.195,-16.895],[-47.196,-16.905],[-47.181,-16.902],[-47.175,-16.917],[-47.168,-16.914],[-47.161,-16.92],[-47.168,-16.928],[-47.174,-16.93],[-47.17,-16.939],[-47.16,-16.943],[-47.167,-16.953],[-47.154,-16.953],[-47.157,-16.964],[-47.146,-16.968],[-47.143,-16.972],[-47.13,-16.975],[-47.13,-16.986],[-47.134,-16.99],[-47.144,-16.991],[-47.144,-17.0],[-47.132,-17.011],[-47.14,-17.019],[-47.147,-17.032],[-47.159,-17.03],[-47.162,-17.038],[-47.178,-17.041],[-47.186,-17.059],[-47.196,-17.06],[-47.198,-17.072],[-47.225,-17.078],[-47.242,-17.087],[-47.248,-17.099],[-47.261,-17.1],[-47.267,-17.108],[-47.275,-17.106],[-47.278,-17.111],[-47.275,-17.122],[-47.283,-17.131],[-47.283,-17.144],[-47.293,-17.139],[-47.303,-17.146],[-47.327,-17.154],[-47.334,-17.165],[-47.352,-17.166],[-47.349,-17.176],[-47.357,-17.195],[-47.366,-17.222],[-47.376,-17.222],[-47.385,-17.226],[-47.381,-17.238],[-47.384,-17.248],[-47.399,-17.243],[-47.411,-17.249],[-47.416,-17.257],[-47.417,-17.27],[-47.428,-17.271],[-47.434,-17.276],[-47.433,-17.284],[-47.425,-17.284],[-47.419,-17.292],[-47.421,-17.304],[-47.429,-17.308],[-47.422,-17.316],[-47.424,-17.324],[-47.438,-17.318],[-47.451,-17.325],[-47.454,-17.332],[-47.441,-17.346],[-47.461,-17.346],[-47.464,-17.356],[-47.476,-17.345],[-47.487,-17.349],[-47.494,-17.346],[-47.498,-17.336],[-47.511,-17.331],[-47.511,-17.326],[-47.513,-17.335],[-47.505,-17.34],[-47.516,-17.346],[-47.522,-17.354],[-47.515,-17.358],[-47.517,-17.369],[-47.514,-17.374],[-47.529,-17.388],[-47.54,-17.39],[-47.534,-17.401],[-47.525,-17.412],[-47.533,-17.41],[-47.529,-17.424],[-47.528,-17.44],[-47.541,-17.445],[-47.537,-17.457],[-47.528,-17.461],[-47.522,-17.458],[-47.513,-17.463],[-47.512,-17.477],[-47.504,-17.482],[-47.503,-17.49],[-47.509,-17.501],[-47.505,-17.509],[-47.491,-17.519],[-47.477,-17.513],[-47.467,-17.534],[-47.455,-17.542],[-47.45,-17.533],[-47.426,-17.522],[-47.415,-17.521],[-47.4,-17.512],[-47.384,-17.515],[-47.375,-17.523],[-47.359,-17.523],[-47.345,-17.526],[-47.334,-17.522],[-47.325,-17.524],[-47.313,-17.543],[-47.307,-17.558],[-47.289,-17.57],[-47.279,-17.584],[-47.276,-17.598],[-47.265,-17.611],[-47.264,-17.619],[-47.269,-17.635],[-47.279,-17.643],[-47.279,-17.654],[-47.271,-17.666],[-47.273,-17.674],[-47.286,-17.684],[-47.296,-17.682],[-47.314,-17.7],[-47.313,-17.712],[-47.317,-17.725],[-47.331,-17.733],[-47.342,-17.746],[-47.336,-17.763],[-47.332,-17.765],[-47.342,-17.774],[-47.348,-17.785],[-47.353,-17.787],[-47.351,-17.797],[-47.355,-17.815],[-47.363,-17.816],[-47.363,-17.824],[-47.371,-17.83],[-47.365,-17.837],[-47.364,-17.845],[-47.357,-17.855],[-47.354,-17.87],[-47.358,-17.88],[-47.357,-17.894],[-47.342,-17.9],[-47.344,-17.907],[-47.34,-17.916],[-47.343,-17.924],[-47.341,-17.933],[-47.334,-17.938],[-47.335,-17.948],[-47.314,-17.963],[-47.313,-17.975],[-47.323,-17.983],[-47.319,-17.995],[-47.31,-18.007],[-47.297,-18.01],[-47.296,-18.022],[-47.291,-18.039],[-47.283,-18.041],[-47.283,-18.058],[-47.295,-18.064],[-47.301,-18.062],[-47.305,-18.075],[-47.312,-18.068],[-47.324,-18.07],[-47.333,-18.075],[-47.345,-18.087],[-47.358,-18.085],[-47.362,-18.096],[-47.354,-18.1],[-47.357,-18.105],[-47.367,-18.109],[-47.37,-18.116],[-47.381,-18.117],[-47.387,-18.121],[-47.392,-18.117],[-47.4,-18.127],[-47.408,-18.133],[-47.408,-18.142],[-47.426,-18.139],[-47.435,-18.151],[-47.43,-18.165],[-47.438,-18.167],[-47.443,-18.161],[-47.451,-18.16],[-47.459,-18.168],[-47.463,-18.177],[-47.473,-18.181],[-47.481,-18.178],[-47.497,-18.199],[-47.503,-18.193],[-47.517,-18.198],[-47.517,-18.211],[-47.529,-18.218],[-47.528,-18.227],[-47.538,-18.23],[-47.539,-18.217],[-47.536,-18.209],[-47.535,-18.196],[-47.54,-18.194],[-47.55,-18.199],[-47.553,-18.205],[-47.568,-18.211],[-47.571,-18.221],[-47.588,-18.227],[-47.58,-18.234],[-47.592,-18.236],[-47.607,-18.246],[-47.602,-18.258],[-47.607,-18.264],[-47.613,-18.263],[-47.612,-18.25],[-47.617,-18.248],[-47.625,-18.261],[-47.618,-18.269],[-47.63,-18.277],[-47.638,-18.289],[-47.633,-18.292],[-47.625,-18.306],[-47.618,-18.308],[-47.61,-18.316],[-47.624,-18.323],[-47.625,-18.33],[-47.646,-18.34],[-47.647,-18.33],[-47.653,-18.326],[-47.663,-18.335],[-47.671,-18.358],[-47.68,-18.356]]]},"properties":{"uf":"MG","code":31}},{"type":"Feature","geometry":{"type":"MultiPolygon","coordinates":[[[[-41.271,-19.942],[-41.29,-19.94],[-41.298,-19.938],[-41.303,-19.938],[-41.308,-19.948],[-41.312,-19.972],[-41.32,-19.979],[-41.31,-19.995],[-41.308,-20.009],[-41.309,-20.016],[-41.317,-20.027],[-41.319,-20.041],[-41.326,-20.055],[-41.333,-20.058],[-41.338,-20.075],[-41.338,-20.088],[-41.345,-20.089],[-41.344,-20.1],[-41.351,-20.12],[-41.352,-20.131],[-41.356,-20.139],[-41.362,-20.142],[-41.368,-20.157],[-41.376,-20.162],[-41.374,-20.168],[-41.382,-20.189],[-41.397,-20.195],[-41.402,-20.199],[-41.409,-20.198],[-41.412,-20.206],[-41.416,-20.207],[-41.666,-20.207],[-41.757,-20.207],[-41.764,-20.218],[-41.767,-20.229],[-41.77,-20.255],[-41.775,-20.26],[-41.781,-20.282],[-41.776,-20.286],[-41.782,-20.294],[-41.803,-20.299],[-41.807,-20.308],[-41.822,-20.311],[-41.83,-20.324],[-41.837,-20.331],[-41.853,-20.351],[-41.852,-20.357],[-41.859,-20.373],[-41.845,-20.377],[-41.845,-20.386],[-41.84,-20.392],[-41.837,-20.409],[-41.833,-20.413],[-41.803,-20.422],[-41.804,-20.429],[-41.798,-20.435],[-41.803,-20.443],[-41.799,-20.463],[-41.8,-20.477],[-41.825,-20.483],[-41.819,-20.504],[-41.815,-20.509],[-41.809,-20.531],[-41.804,-20.538],[-41.812,-20.55],[-41.828,-20.557],[-41.834,-20.569],[-41.841,-20.6],[-41.846,-20.607],[-41.853,-20.608],[-41.856,-20.617],[-41.839,-20.625],[-41.821,-20.628],[-41.821,-20.637],[-41.807,-20.644],[-41.816,-20.647],[-41.813,-20.653],[-41.831,-20.669],[-41.839,-20.683],[-41.851,-20.691],[-41.855,-20.706],[-41.861,-20.707],[-41.858,-20.719],[-41.865,-20.722],[-41.86,-20.739],[-41.876,-20.747],[-41.88,-20.757],[-41.875,-20.766],[-41.86,-20.763],[-41.852,-20.764],[-41.845,-20.777],[-41.836,-20.78],[-41.825,-20.788],[-41.829,-20.794],[-41.817,-20.801],[-41.799,-20.805],[-41.794,-20.798],[-41.775,-20.8],[-41.755,-20.807],[-41.753,-20.814],[-41.746,-20.813],[-41.74,-20.817],[-41.743,-20.826],[-41.736,-20.836],[-41.742,-20.841],[-41.744,-20.855],[-41.739,-20.866],[-41.742,-20.873],[-41.725,-20.866],[-41.712,-20.868],[-41.726,-20.892],[-41.718,-20.901],[-41.722,-20.92],[-41.737,-20.928],[-41.734,-20.943],[-41.726,-20.951],[-41.717,-20.953],[-41.718,-20.965],[-41.71,-20.991],[-41.716,-20.991],[-41.721,-21.0],[-41.722,-21.009],[-41.715,-21.015],[-41.715,-21.022],[-41.723,-21.026],[-41.725,-21.033],[-41.722,-21.043],[-41.716,-21.047],[-41.724,-21.056],[-41.728,-21.049],[-41.733,-21.066],[-41.724,-21.067],[-41.722,-21.073],[-41.731,-21.087],[-41.736,-21.103],[-41.726,-21.107],[-41.717,-21.105],[-41.711,-21.111],[-41.718,-21.116],[-41.717,-21.125],[-41.705,-21.128],[-41.705,-21.12],[-41.696,-21.116],[-41.689,-21.122],[-41.678,-21.124],[-41.679,-21.13],[-41.664,-21.125],[-41.665,-21.132],[-41.652,-21.138],[-41.645,-21.143],[-41.622,-21.147],[-41.613,-21.157],[-41.589,-21.15],[-41.586,-21.16],[-41.579,-21.17],[-41.57,-21.172],[-41.57,-21.179],[-41.565,-21.184],[-41.558,-21.173],[-41.549,-21.183],[-41.53,-21.18],[-41.52,-21.187],[-41.515,-21.184],[-41.512,-21.176],[-41.502,-21.183],[-41.486,-21.18],[-41.482,-21.184],[-41.479,-21.194],[-41.47,-21.203],[-41.446,-21.215],[-41.435,-21.216],[-41.416,-21.2],[-41.405,-21.202],[-41.403,-21.198],[-41.391,-21.202],[-41.389,-21.199],[-41.37,-21.204],[-41.338,-21.207],[-41.333,-21.215],[-41.326,-21.219],[-41.316,-21.213],[-41.303,-21.229],[-41.283,-21.235],[-41.276,-21.24],[-41.269,-21.233],[-41.261,-21.233],[-41.257,-21.225],[-41.241,-21.22],[-41.231,-21.225],[-41.222,-21.233],[-41.213,-21.236],[-41.19,-21.249],[-41.183,-21.239],[-41.176,-21.245],[-41.156,-21.24],[-41.14,-21.238],[-41.137,-21.227],[-41.127,-21.23],[-41.116,-21.229],[-41.105,-21.22],[-41.09,-21.22],[-41.059,-21.235],[-41.04,-21.255],[-41.024,-21.246],[-41.015,-21.252],[-41.005,-21.253],[-40.998,-21.267],[-40.999,-21.279],[-40.995,-21.286],[-40.977,-21.29],[-40.965,-21.296],[-40.961,-21.301],[-40.962,-21.265],[-40.958,-21.246],[-40.95,-21.23],[-40.926,-21.19],[-40.917,-21.175],[-40.904,-21.163],[-40.892,-21.156],[-40.887,-21.149],[-40.876,-21.139],[-40.858,-21.128],[-40.856,-21.118],[-40.843,-21.088],[-40.832,-21.053],[-40.829,-21.046],[-40.822,-21.043],[-40.812,-21.032],[-40.809,-21.014],[-40.805,-21.005],[-40.809,-20.996],[-40.811,-20.977],[-40.809,-20.959],[-40.803,-20.942],[-40.795,-20.925],[-40.782,-20.908],[-40.777,-20.904],[-40.773,-20.893],[-40.768,-20.892],[-40.758,-20.878],[-40.761,-20.874],[-40.759,-20.866],[-40.746,-20.85],[-40.728,-20.842],[-40.72,-20.846],[-40.701,-20.835],[-40.691,-20.828],[-40.672,-20.821],[-40.665,-20.812],[-40.653,-20.806],[-40.639,-20.811],[-40.628,-20.82],[-40.633,-20.83],[-40.631,-20.841],[-40.622,-20.834],[-40.61,-20.808],[-40.593,-20.802],[-40.583,-20.801],[-40.578,-20.792],[-40.576,-20.774],[-40.571,-20.765],[-40.559,-20.749],[-40.547,-20.74],[-40.533,-20.737],[-40.516,-20.708],[-40.511,-20.691],[-40.502,-20.676],[-40.492,-20.669],[-40.495,-20.662],[-40.489,-20.655],[-40.481,-20.652],[-40.474,-20.655],[-40.47,-20.642],[-40.47,-20.634],[-40.464,-20.624],[-40.452,-20.624],[-40.442,-20.635],[-40.431,-20.637],[-40.42,-20.62],[-40.405,-20.599],[-40.403,-20.583],[-40.391,-20.556],[-40.377,-20.535],[-40.369,-20.522],[-40.36,-20.517],[-40.359,-20.509],[-40.352,-20.496],[-40.347,-20.476],[-40.33,-20.446],[-40.322,-20.428],[-40.32,-20.406],[-40.314,-20.392],[-40.302,-20.371],[-40.293,-20.36],[-40.284,-20.354],[-40.28,-20.336],[-40.273,-20.332],[-40.267,-20.324],[-40.274,-20.32],[-40.284,-20.31],[-40.289,-20.309],[-40.291,-20.299],[-40.289,-20.284],[-40.278,-20.272],[-40.259,-20.266],[-40.248,-20.284],[-40.237,-20.295],[-40.231,-20.291],[-40.234,-20.276],[-40.224,-20.257],[-40.223,-20.25],[-40.215,-20.243],[-40.216,-20.235],[-40.199,-20.216],[-40.198,-20.208],[-40.19,-20.193],[-40.188,-20.176],[-40.184,-20.167],[-40.184,-20.148],[-40.182,-20.135],[-40.172,-20.108],[-40.174,-20.091],[-40.173,-20.077],[-40.176,-20.072],[-40.192,-20.055],[-40.184,-20.04],[-40.174,-20.037],[-40.164,-20.039],[-40.159,-20.036],[-40.159,-20.021],[-40.154,-20.012],[-40.147,-20.001],[-40.149,-19.993],[-40.143,-19.985],[-40.137,-19.97],[-40.133,-19.966],[-40.141,-19.954],[-40.154,-19.953],[-40.15,-19.946],[-40.136,-19.941],[-40.129,-19.934],[-40.119,-19.932],[-40.102,-19.921],[-40.097,-19.912],[-40.098,-19.905],[-40.083,-19.876],[-40.069,-19.862],[-40.062,-19.849],[-40.058,-19.84],[-40.059,-19.828],[-40.055,-19.815],[-40.045,-19.801],[-40.015,-19.768],[-39.989,-19.744],[-39.968,-19.726],[-39.94,-19.705],[-39.912,-19.687],[-39.881,-19.672],[-39.85,-19.66],[-39.827,-19.654],[-39.819,-19.656],[-39.811,-19.65],[-39.809,-19.634],[-39.804,-19.625],[-39.779,-19.576],[-39.767,-19.551],[-39.748,-19.505],[-39.73,-19.468],[-39.724,-19.448],[-39.706,-19.402],[-39.697,-19.367],[-39.693,-19.34],[-39.689,-19.305],[-39.691,-19.273],[-39.704,-19.209],[-39.71,-19.167],[-39.719,-19.097],[-39.729,-19.03],[-39.731,-19.008],[-39.736,-18.978],[-39.737,-18.956],[-39.743,-18.936],[-39.745,-18.892],[-39.75,-18.838],[-39.748,-18.78],[-39.746,-18.727],[-39.746,-18.706],[-39.743,-18.668],[-39.737,-18.635],[-39.728,-18.611],[-39.728,-18.597],[-39.731,-18.587],[-39.73,-18.547],[-39.728,-18.518],[-39.722,-18.485],[-39.715,-18.462],[-39.691,-18.395],[-39.672,-18.353],[-39.668,-18.337],[-39.674,-18.325],[-39.689,-18.321],[-39.777,-18.265],[-39.912,-18.179],[-40.02,-18.11],[-40.062,-18.084],[-40.22,-17.982],[-40.222,-17.98],[-40.236,-17.975],[-40.255,-17.972],[-40.26,-17.966],[-40.269,-17.962],[-40.276,-17.963],[-40.291,-17.952],[-40.291,-17.947],[-40.305,-17.948],[-40.31,-17.941],[-40.323,-17.939],[-40.334,-17.927],[-40.346,-17.924],[-40.356,-17.93],[-40.368,-17.923],[-40.373,-17.928],[-40.386,-17.928],[-40.389,-17.925],[-40.403,-17.924],[-40.417,-17.927],[-40.433,-17.921],[-40.445,-17.919],[-40.459,-17.921],[-40.463,-17.928],[-40.477,-17.918],[-40.484,-17.909],[-40.49,-17.907],[-40.501,-17.912],[-40.509,-17.907],[-40.517,-17.894],[-40.527,-17.892],[-40.536,-17.896],[-40.54,-17.903],[-40.568,-17.916],[-40.585,-17.918],[-40.587,-17.939],[-40.597,-17.936],[-40.609,-17.938],[-40.615,-17.942],[-40.613,-17.95],[-40.622,-17.961],[-40.614,-17.966],[-40.624,-17.976],[-40.626,-17.991],[-40.638,-17.991],[-40.646,-17.994],[-40.651,-18.007],[-40.662,-18.013],[-40.681,-18.01],[-40.691,-18.013],[-40.704,-18.024],[-40.71,-18.021],[-40.716,-18.005],[-40.726,-18.001],[-40.753,-18.01],[-40.76,-18.004],[-40.772,-18.003],[-40.775,-17.997],[-40.771,-17.986],[-40.782,-17.975],[-40.792,-17.982],[-40.792,-17.971],[-40.798,-17.957],[-40.808,-17.952],[-40.813,-17.958],[-40.825,-17.964],[-40.831,-17.954],[-40.848,-17.968],[-40.853,-17.977],[-40.859,-17.979],[-40.863,-17.988],[-40.877,-17.982],[-40.882,-17.971],[-40.891,-17.983],[-40.902,-17.986],[-40.773,-18.108],[-40.773,-18.129],[-40.77,-18.135],[-40.773,-18.144],[-40.772,-18.156],[-40.795,-18.16],[-40.805,-18.153],[-40.824,-18.149],[-40.833,-18.151],[-40.838,-18.148],[-40.845,-18.15],[-40.857,-18.14],[-40.863,-18.139],[-40.866,-18.13],[-40.879,-18.12],[-40.889,-18.124],[-40.894,-18.119],[-40.892,-18.113],[-40.909,-18.115],[-40.925,-18.127],[-40.932,-18.137],[-40.941,-18.137],[-40.944,-18.13],[-40.952,-18.134],[-40.955,-18.154],[-40.962,-18.154],[-40.966,-18.147],[-40.974,-18.142],[-40.987,-18.147],[-40.989,-18.156],[-40.987,-18.162],[-40.993,-18.166],[-41.01,-18.168],[-41.015,-18.158],[-41.028,-18.158],[-41.034,-18.172],[-41.039,-18.165],[-41.052,-18.165],[-41.056,-18.179],[-41.068,-18.181],[-41.093,-18.195],[-41.093,-18.206],[-41.104,-18.212],[-41.091,-18.23],[-41.103,-18.237],[-41.096,-18.251],[-41.096,-18.256],[-41.12,-18.274],[-41.127,-18.277],[-41.132,-18.285],[-41.141,-18.291],[-41.143,-18.298],[-41.159,-18.308],[-41.154,-18.33],[-41.151,-18.336],[-41.148,-18.353],[-41.15,-18.366],[-41.146,-18.374],[-41.148,-18.379],[-41.16,-18.381],[-41.163,-18.391],[-41.16,-18.403],[-41.144,-18.405],[-41.145,-18.41],[-41.161,-18.416],[-41.167,-18.415],[-41.181,-18.433],[-41.182,-18.44],[-41.173,-18.443],[-41.023,-18.457],[-41.016,-18.468],[-41.016,-18.477],[-41.026,-18.528],[-41.042,-18.605],[-41.034,-18.607],[-41.033,-18.619],[-41.039,-18.62],[-41.051,-18.634],[-41.029,-18.647],[-41.03,-18.654],[-41.02,-18.655],[-41.007,-18.663],[-41.005,-18.667],[-40.989,-18.673],[-40.988,-18.678],[-40.977,-18.677],[-40.954,-18.682],[-40.941,-18.691],[-40.94,-18.77],[-40.932,-18.78],[-40.929,-18.793],[-40.92,-18.8],[-40.917,-18.816],[-40.928,-18.82],[-40.937,-18.831],[-40.946,-18.825],[-40.951,-18.835],[-40.963,-18.836],[-40.964,-18.841],[-41.001,-18.838],[-41.025,-18.837],[-41.084,-18.837],[-41.097,-18.842],[-41.111,-18.839],[-41.12,-18.818],[-41.119,-18.81],[-41.13,-18.807],[-41.133,-18.797],[-41.147,-18.798],[-41.149,-18.797],[-41.232,-18.797],[-41.24,-18.816],[-41.245,-18.82],[-41.238,-18.835],[-41.244,-18.844],[-41.243,-18.854],[-41.23,-18.858],[-41.224,-18.869],[-41.215,-18.878],[-41.208,-18.855],[-41.201,-18.863],[-41.187,-18.864],[-41.166,-18.858],[-41.159,-18.864],[-41.153,-18.887],[-41.144,-18.885],[-41.137,-18.891],[-41.127,-18.895],[-41.12,-18.908],[-41.114,-18.913],[-41.116,-18.919],[-41.104,-18.934],[-41.09,-18.935],[-41.065,-18.945],[-41.064,-18.96],[-41.061,-18.968],[-41.051,-18.966],[-41.052,-18.974],[-41.043,-18.98],[-41.034,-18.98],[-41.031,-18.975],[-41.018,-18.974],[-41.017,-18.979],[-41.032,-18.991],[-41.051,-18.999],[-41.062,-19.006],[-41.072,-19.026],[-41.063,-19.039],[-41.066,-19.051],[-41.061,-19.056],[-41.053,-19.061],[-41.054,-19.069],[-41.035,-19.072],[-41.028,-19.075],[-41.013,-19.076],[-41.013,-19.091],[-41.007,-19.101],[-40.989,-19.102],[-40.981,-19.113],[-40.974,-19.116],[-40.97,-19.122],[-40.964,-19.122],[-40.956,-19.129],[-40.962,-19.144],[-40.948,-19.142],[-40.944,-19.147],[-40.947,-19.156],[-40.941,-19.163],[-40.941,-19.181],[-40.926,-19.19],[-40.929,-19.194],[-40.923,-19.203],[-40.935,-19.223],[-40.942,-19.23],[-40.94,-19.239],[-40.934,-19.244],[-40.932,-19.251],[-40.92,-19.252],[-40.916,-19.259],[-40.922,-19.272],[-40.937,-19.273],[-40.944,-19.279],[-40.938,-19.286],[-40.928,-19.286],[-40.933,-19.296],[-40.925,-19.302],[-40.912,-19.302],[-40.908,-19.309],[-40.916,-19.319],[-40.923,-19.322],[-40.938,-19.346],[-40.939,-19.36],[-40.933,-19.363],[-40.93,-19.384],[-40.951,-19.393],[-40.957,-19.399],[-40.962,-19.408],[-40.961,-19.419],[-40.966,-19.424],[-40.968,-19.43],[-40.959,-19.439],[-40.958,-19.45],[-40.945,-19.461],[-40.954,-19.473],[-40.963,-19.483],[-40.971,-19.495],[-40.972,-19.505],[-40.988,-19.508],[-41.009,-19.507],[-41.019,-19.505],[-41.047,-19.487],[-41.05,-19.503],[-41.041,-19.516],[-41.045,-19.535],[-41.037,-19.557],[-41.037,-19.57],[-41.057,-19.578],[-41.06,-19.585],[-41.072,-19.584],[-41.075,-19.599],[-41.091,-19.596],[-41.099,-19.604],[-41.1,-19.615],[-41.109,-19.64],[-41.12,-19.639],[-41.13,-19.643],[-41.137,-19.658],[-41.148,-19.664],[-41.157,-19.661],[-41.169,-19.672],[-41.177,-19.699],[-41.178,-19.708],[-41.174,-19.716],[-41.179,-19.72],[-41.182,-19.732],[-41.18,-19.741],[-41.191,-19.746],[-41.188,-19.757],[-41.175,-19.767],[-41.172,-19.778],[-41.174,-19.786],[-41.166,-19.793],[-41.164,-19.806],[-41.175,-19.825],[-41.185,-19.83],[-41.176,-19.839],[-41.184,-19.849],[-41.184,-19.868],[-41.185,-19.889],[-41.187,-19.892],[-41.195,-19.893],[-41.205,-19.903],[-41.219,-19.901],[-41.23,-19.907],[-41.233,-19.919],[-41.245,-19.937],[-41.255,-19.932],[-41.271,-19.942]]]]},"properties":{"uf":"ES","code":32}},{"type":"Feature","geometry":{"type":"MultiPolygon","coordinates":[[[[-44.639,-22.914],[-44.663,-22.927],[-44.675,-22.919],[-44.679,-22.926],[-44.687,-22.933],[-44.696,-22.932],[-44.703,-22.936],[-44.714,-22.93],[-44.728,-22.942],[-44.743,-22.947],[-44.751,-22.962],[-44.749,-22.97],[-44.765,-22.983],[-44.777,-22.978],[-44.792,-22.982],[-44.793,-22.993],[-44.803,-22.999],[-44.799,-23.007],[-44.793,-23.01],[-44.799,-23.02],[-44.797,-23.027],[-44.802,-23.032],[-44.802,-23.049],[-44.812,-23.055],[-44.807,-23.062],[-44.819,-23.091],[-44.812,-23.092],[-44.809,-23.101],[-44.816,-23.108],[-44.811,-23.115],[-44.819,-23.131],[-44.816,-23.14],[-44.825,-23.144],[-44.821,-23.154],[-44.824,-23.163],[-44.833,-23.166],[-44.843,-23.167],[-44.861,-23.181],[-44.875,-23.185],[-44.875,-23.197],[-44.883,-23.203],[-44.88,-23.213],[-44.889,-23.227],[-44.886,-23.236],[-44.87,-23.25],[-44.856,-23.248],[-44.842,-23.256],[-44.84,-23.264],[-44.828,-23.271],[-44.824,-23.281],[-44.825,-23.292],[-44.808,-23.284],[-44.805,-23.29],[-44.787,-23.299],[-44.787,-23.31],[-44.779,-23.314],[-44.782,-23.326],[-44.778,-23.338],[-44.76,-23.341],[-44.757,-23.349],[-44.742,-23.359],[-44.736,-23.366],[-44.724,-23.368],[-44.731,-23.363],[-44.727,-23.354],[-44.715,-23.345],[-44.701,-23.34],[-44.699,-23.344],[-44.684,-23.343],[-44.674,-23.337],[-44.671,-23.346],[-44.655,-23.343],[-44.649,-23.336],[-44.639,-23.331],[-44.616,-23.346],[-44.607,-23.348],[-44.609,-23.356],[-44.591,-23.362],[-44.583,-23.358],[-44.573,-23.346],[-44.562,-23.33],[-44.566,-23.323],[-44.552,-23.308],[-44.542,-23.302],[-44.536,-23.292],[-44.53,-23.29],[-44.516,-23.292],[-44.527,-23.273],[-44.539,-23.266],[-44.544,-23.272],[-44.553,-23.271],[-44.559,-23.273],[-44.567,-23.271],[-44.58,-23.271],[-44.584,-23.266],[-44.581,-23.258],[-44.576,-23.254],[-44.577,-23.245],[-44.567,-23.236],[-44.587,-23.232],[-44.599,-23.236],[-44.596,-23.243],[-44.607,-23.251],[-44.614,-23.252],[-44.627,-23.271],[-44.63,-23.282],[-44.638,-23.29],[-44.646,-23.29],[-44.639,-23.302],[-44.647,-23.302],[-44.65,-23.295],[-44.657,-23.293],[-44.642,-23.277],[-44.636,-23.267],[-44.635,-23.259],[-44.619,-23.242],[-44.616,-23.233],[-44.632,-23.24],[-44.638,-23.234],[-44.651,-23.235],[-44.659,-23.24],[-44.664,-23.248],[-44.678,-23.243],[-44.673,-23.231],[-44.667,-23.235],[-44.66,-23.231],[-44.657,-23.215],[-44.647,-23.217],[-44.64,-23.214],[-44.633,-23.222],[-44.625,-23.222],[-44.627,-23.215],[-44.624,-23.207],[-44.627,-23.196],[-44.646,-23.194],[-44.654,-23.191],[-44.657,-23.205],[-44.667,-23.205],[-44.673,-23.216],[-44.684,-23.224],[-44.69,-23.221],[-44.695,-23.233],[-44.71,-23.235],[-44.715,-23.231],[-44.709,-23.219],[-44.721,-23.202],[-44.706,-23.185],[-44.711,-23.177],[-44.698,-23.174],[-44.708,-23.163],[-44.696,-23.148],[-44.698,-23.142],[-44.695,-23.131],[-44.688,-23.125],[-44.699,-23.121],[-44.694,-23.107],[-44.694,-23.096],[-44.686,-23.081],[-44.684,-23.072],[-44.669,-23.054],[-44.656,-23.052],[-44.651,-23.056],[-44.645,-23.047],[-44.638,-23.049],[-44.616,-23.044],[-44.607,-23.049],[-44.593,-23.047],[-44.59,-23.05],[-44.593,-23.059],[-44.578,-23.054],[-44.555,-23.036],[-44.531,-23.027],[-44.521,-23.027],[-44.502,-23.027],[-44.487,-23.016],[-44.484,-23.009],[-44.476,-23.006],[-44.471,-23.011],[-44.462,-23.008],[-44.451,-23.017],[-44.449,-23.025],[-44.438,-23.021],[-44.445,-23.012],[-44.44,-23.003],[-44.43,-22.998],[-44.441,-22.992],[-44.434,-22.985],[-44.437,-22.974],[-44.434,-22.963],[-44.427,-22.961],[-44.423,-22.951],[-44.414,-22.954],[-44.389,-22.952],[-44.378,-22.958],[-44.366,-22.96],[-44.362,-22.955],[-44.353,-22.952],[-44.355,-22.945],[-44.372,-22.938],[-44.367,-22.929],[-44.358,-22.927],[-44.353,-22.931],[-44.345,-22.923],[-44.338,-22.923],[-44.321,-22.936],[-44.323,-22.942],[-44.333,-22.947],[-44.335,-22.965],[-44.319,-22.956],[-44.302,-22.957],[-44.311,-22.97],[-44.312,-22.979],[-44.333,-22.996],[-44.337,-22.991],[-44.345,-22.991],[-44.355,-22.998],[-44.356,-23.007],[-44.363,-23.016],[-44.346,-23.027],[-44.335,-23.024],[-44.329,-23.016],[-44.303,-23.002],[-44.297,-23.01],[-44.304,-23.022],[-44.298,-23.026],[-44.29,-23.024],[-44.288,-23.017],[-44.28,-23.014],[-44.273,-23.004],[-44.267,-23.002],[-44.259,-23.006],[-44.251,-22.998],[-44.24,-23.003],[-44.23,-23.014],[-44.231,-23.022],[-44.248,-23.049],[-44.238,-23.056],[-44.224,-23.049],[-44.219,-23.05],[-44.201,-23.038],[-44.194,-23.041],[-44.195,-23.054],[-44.186,-23.05],[-44.173,-23.048],[-44.176,-23.036],[-44.166,-23.034],[-44.154,-23.038],[-44.13,-23.032],[-44.124,-23.026],[-44.113,-23.023],[-44.104,-23.011],[-44.096,-23.004],[-44.097,-22.997],[-44.085,-22.992],[-44.078,-22.979],[-44.076,-22.971],[-44.081,-22.959],[-44.074,-22.952],[-44.062,-22.949],[-44.054,-22.942],[-44.047,-22.942],[-44.04,-22.953],[-44.042,-22.962],[-44.055,-22.979],[-44.048,-22.984],[-44.032,-22.98],[-44.031,-22.964],[-44.023,-22.956],[-44.011,-22.949],[-44.006,-22.942],[-43.991,-22.94],[-43.99,-22.937],[-43.976,-22.931],[-43.966,-22.934],[-43.95,-22.927],[-43.94,-22.93],[-43.932,-22.929],[-43.91,-22.931],[-43.894,-22.923],[-43.882,-22.921],[-43.881,-22.916],[-43.871,-22.905],[-43.857,-22.902],[-43.846,-22.902],[-43.839,-22.911],[-43.852,-22.924],[-43.842,-22.932],[-43.832,-22.931],[-43.81,-22.918],[-43.803,-22.925],[-43.796,-22.917],[-43.79,-22.926],[-43.784,-22.924],[-43.776,-22.932],[-43.745,-22.947],[-43.732,-22.958],[-43.725,-22.961],[-43.717,-22.971],[-43.711,-22.971],[-43.7,-22.986],[-43.691,-22.989],[-43.681,-22.981],[-43.675,-22.98],[-43.664,-22.987],[-43.654,-23],[-43.643,-23.001],[-43.639,-23.006],[-43.628,-23.007],[-43.614,-23.018],[-43.6,-23.023],[-43.594,-23.032],[-43.58,-23.04],[-43.579,-23.045],[-43.562,-23.053],[-43.562,-23.058],[-43.569,-23.066],[-43.566,-23.075],[-43.554,-23.074],[-43.549,-23.061],[-43.542,-23.059],[-43.532,-23.05],[-43.508,-23.047],[-43.507,-23.043],[-43.493,-23.035],[-43.468,-23.03],[-43.454,-23.025],[-43.42,-23.018],[-43.388,-23.013],[-43.358,-23.011],[-43.336,-23.011],[-43.303,-23.016],[-43.285,-23.015],[-43.287,-23.011],[-43.275,-23.002],[-43.252,-22.999],[-43.246,-23.001],[-43.232,-22.995],[-43.231,-22.991],[-43.218,-22.987],[-43.198,-22.988],[-43.188,-22.986],[-43.185,-22.974],[-43.159,-22.959],[-43.15,-22.951],[-43.156,-22.943],[-43.163,-22.944],[-43.17,-22.952],[-43.18,-22.948],[-43.169,-22.939],[-43.171,-22.932],[-43.168,-22.923],[-43.163,-22.917],[-43.161,-22.905],[-43.169,-22.905],[-43.181,-22.895],[-43.196,-22.892],[-43.211,-22.898],[-43.216,-22.887],[-43.201,-22.872],[-43.21,-22.867],[-43.213,-22.873],[-43.226,-22.874],[-43.236,-22.862],[-43.245,-22.841],[-43.255,-22.837],[-43.267,-22.823],[-43.273,-22.81],[-43.271,-22.795],[-43.277,-22.787],[-43.277,-22.78],[-43.258,-22.756],[-43.245,-22.751],[-43.239,-22.743],[-43.225,-22.741],[-43.213,-22.734],[-43.215,-22.728],[-43.2,-22.725],[-43.195,-22.722],[-43.18,-22.72],[-43.161,-22.71],[-43.142,-22.708],[-43.135,-22.715],[-43.125,-22.714],[-43.117,-22.707],[-43.116,-22.696],[-43.108,-22.694],[-43.1,-22.686],[-43.093,-22.686],[-43.081,-22.68],[-43.066,-22.687],[-43.057,-22.685],[-43.051,-22.693],[-43.039,-22.693],[-43.033,-22.718],[-43.026,-22.726],[-43.027,-22.743],[-43.039,-22.75],[-43.047,-22.757],[-43.064,-22.765],[-43.068,-22.779],[-43.081,-22.79],[-43.079,-22.799],[-43.065,-22.803],[-43.083,-22.821],[-43.097,-22.828],[-43.095,-22.834],[-43.103,-22.856],[-43.109,-22.865],[-43.115,-22.864],[-43.134,-22.881],[-43.125,-22.895],[-43.136,-22.898],[-43.131,-22.908],[-43.116,-22.905],[-43.11,-22.911],[-43.1,-22.914],[-43.095,-22.921],[-43.099,-22.932],[-43.112,-22.935],[-43.12,-22.926],[-43.131,-22.939],[-43.116,-22.939],[-43.11,-22.954],[-43.101,-22.953],[-43.072,-22.957],[-43.054,-22.962],[-43.04,-22.974],[-43.014,-22.977],[-43.013,-22.971],[-43.002,-22.97],[-42.967,-22.97],[-42.921,-22.975],[-42.91,-22.974],[-42.881,-22.967],[-42.833,-22.963],[-42.776,-22.96],[-42.727,-22.956],[-42.712,-22.956],[-42.684,-22.959],[-42.682,-22.947],[-42.669,-22.942],[-42.641,-22.938],[-42.612,-22.934],[-42.579,-22.933],[-42.519,-22.933],[-42.475,-22.938],[-42.456,-22.935],[-42.429,-22.935],[-42.397,-22.936],[-42.382,-22.936],[-42.355,-22.936],[-42.281,-22.939],[-42.2,-22.944],[-42.135,-22.949],[-42.074,-22.956],[-42.048,-22.962],[-42.038,-22.967],[-42.029,-22.983],[-42.02,-22.984],[-42.015,-22.992],[-42.008,-22.984],[-42.02,-22.971],[-42.007,-22.962],[-42.011,-22.952],[-42.018,-22.96],[-42.027,-22.956],[-42.024,-22.948],[-42.034,-22.945],[-42.037,-22.933],[-42.037,-22.922],[-42.033,-22.907],[-42.02,-22.889],[-42.01,-22.883],[-42.004,-22.89],[-41.997,-22.884],[-41.99,-22.883],[-41.982,-22.867],[-41.987,-22.858],[-41.986,-22.851],[-41.977,-22.83],[-41.969,-22.823],[-41.94,-22.809],[-41.933,-22.81],[-41.928,-22.796],[-41.922,-22.787],[-41.908,-22.778],[-41.896,-22.786],[-41.884,-22.782],[-41.877,-22.77],[-41.866,-22.762],[-41.874,-22.751],[-41.868,-22.743],[-41.881,-22.74],[-41.886,-22.754],[-41.896,-22.754],[-41.905,-22.757],[-41.911,-22.768],[-41.922,-22.771],[-41.933,-22.767],[-41.946,-22.754],[-41.959,-22.733],[-41.974,-22.73],[-41.981,-22.723],[-41.988,-22.711],[-41.994,-22.688],[-41.998,-22.668],[-42.0,-22.633],[-41.998,-22.61],[-41.991,-22.598],[-41.979,-22.562],[-41.969,-22.543],[-41.962,-22.535],[-41.947,-22.528],[-41.933,-22.538],[-41.924,-22.53],[-41.913,-22.511],[-41.897,-22.492],[-41.89,-22.486],[-41.877,-22.488],[-41.864,-22.477],[-41.855,-22.45],[-41.839,-22.433],[-41.818,-22.417],[-41.795,-22.405],[-41.774,-22.391],[-41.767,-22.378],[-41.776,-22.374],[-41.773,-22.364],[-41.762,-22.351],[-41.739,-22.339],[-41.713,-22.317],[-41.689,-22.3],[-41.658,-22.283],[-41.609,-22.262],[-41.542,-22.235],[-41.519,-22.224],[-41.494,-22.215],[-41.451,-22.202],[-41.387,-22.186],[-41.354,-22.176],[-41.318,-22.168],[-41.265,-22.154],[-41.216,-22.137],[-41.167,-22.116],[-41.146,-22.104],[-41.134,-22.096],[-41.131,-22.089],[-41.077,-22.058],[-41.046,-22.042],[-41.026,-22.033],[-41.004,-22.021],[-40.991,-22.01],[-40.98,-21.991],[-40.975,-21.967],[-40.975,-21.941],[-40.982,-21.911],[-40.989,-21.886],[-40.995,-21.854],[-40.999,-21.841],[-41.018,-21.761],[-41.023,-21.739],[-41.025,-21.719],[-41.022,-21.683],[-41.016,-21.645],[-41.013,-21.623],[-41.025,-21.623],[-41.048,-21.618],[-41.046,-21.607],[-41.059,-21.57],[-41.065,-21.554],[-41.065,-21.549],[-41.073,-21.526],[-41.073,-21.512],[-41.069,-21.498],[-41.057,-21.479],[-41.047,-21.468],[-41.038,-21.462],[-41.035,-21.457],[-41.021,-21.442],[-41.019,-21.437],[-41.006,-21.418],[-41.001,-21.404],[-40.992,-21.394],[-40.983,-21.392],[-40.97,-21.376],[-40.961,-21.36],[-40.964,-21.349],[-40.963,-21.328],[-40.958,-21.311],[-40.961,-21.301],[-40.965,-21.296],[-40.977,-21.29],[-40.995,-21.286],[-40.999,-21.279],[-40.998,-21.267],[-41.005,-21.253],[-41.015,-21.252],[-41.024,-21.246],[-41.04,-21.255],[-41.059,-21.235],[-41.09,-21.22],[-41.105,-21.22],[-41.116,-21.229],[-41.127,-21.23],[-41.137,-21.227],[-41.14,-21.238],[-41.156,-21.24],[-41.176,-21.245],[-41.183,-21.239],[-41.19,-21.249],[-41.213,-21.236],[-41.222,-21.233],[-41.231,-21.225],[-41.241,-21.22],[-41.257,-21.225],[-41.261,-21.233],[-41.269,-21.233],[-41.276,-21.24],[-41.283,-21.235],[-41.303,-21.229],[-41.316,-21.213],[-41.326,-21.219],[-41.333,-21.215],[-41.338,-21.207],[-41.37,-21.204],[-41.389,-21.199],[-41.391,-21.202],[-41.403,-21.198],[-41.405,-21.202],[-41.416,-21.2],[-41.435,-21.216],[-41.446,-21.215],[-41.47,-21.203],[-41.479,-21.194],[-41.482,-21.184],[-41.486,-21.18],[-41.502,-21.183],[-41.512,-21.176],[-41.515,-21.184],[-41.52,-21.187],[-41.53,-21.18],[-41.549,-21.183],[-41.558,-21.173],[-41.565,-21.184],[-41.57,-21.179],[-41.57,-21.172],[-41.579,-21.17],[-41.586,-21.16],[-41.589,-21.15],[-41.613,-21.157],[-41.622,-21.147],[-41.645,-21.143],[-41.652,-21.138],[-41.665,-21.132],[-41.664,-21.125],[-41.679,-21.13],[-41.678,-21.124],[-41.689,-21.122],[-41.696,-21.116],[-41.705,-21.12],[-41.705,-21.128],[-41.717,-21.125],[-41.718,-21.116],[-41.711,-21.111],[-41.717,-21.105],[-41.726,-21.107],[-41.736,-21.103],[-41.731,-21.087],[-41.722,-21.073],[-41.724,-21.067],[-41.733,-21.066],[-41.728,-21.049],[-41.724,-21.056],[-41.716,-21.047],[-41.722,-21.043],[-41.725,-21.033],[-41.723,-21.026],[-41.715,-21.022],[-41.715,-21.015],[-41.722,-21.009],[-41.721,-21.0],[-41.716,-20.991],[-41.71,-20.991],[-41.718,-20.965],[-41.717,-20.953],[-41.726,-20.951],[-41.734,-20.943],[-41.737,-20.928],[-41.722,-20.92],[-41.718,-20.901],[-41.726,-20.892],[-41.712,-20.868],[-41.725,-20.866],[-41.742,-20.873],[-41.739,-20.866],[-41.744,-20.855],[-41.742,-20.841],[-41.736,-20.836],[-41.743,-20.826],[-41.74,-20.817],[-41.746,-20.813],[-41.753,-20.814],[-41.755,-20.807],[-41.775,-20.8],[-41.794,-20.798],[-41.799,-20.805],[-41.817,-20.801],[-41.829,-20.794],[-41.825,-20.788],[-41.836,-20.78],[-41.845,-20.777],[-41.852,-20.764],[-41.86,-20.763],[-41.875,-20.766],[-41.885,-20.783],[-41.896,-20.788],[-41.905,-20.797],[-41.916,-20.793],[-41.928,-20.794],[-41.926,-20.802],[-41.93,-20.808],[-41.932,-20.826],[-41.927,-20.839],[-41.93,-20.844],[-41.937,-20.856],[-41.95,-20.859],[-41.955,-20.866],[-41.95,-20.872],[-41.96,-20.883],[-41.96,-20.89],[-41.965,-20.897],[-41.964,-20.907],[-41.967,-20.917],[-41.974,-20.917],[-41.979,-20.935],[-42.0,-20.927],[-42.017,-20.929],[-42.038,-20.927],[-42.048,-20.935],[-42.068,-20.939],[-42.073,-20.936],[-42.086,-20.94],[-42.094,-20.936],[-42.101,-20.944],[-42.115,-20.952],[-42.115,-20.958],[-42.122,-20.96],[-42.127,-20.956],[-42.138,-20.96],[-42.151,-20.974],[-42.15,-20.981],[-42.141,-20.993],[-42.127,-21.001],[-42.12,-21.0],[-42.114,-21.012],[-42.103,-21.014],[-42.085,-21.023],[-42.08,-21.03],[-42.08,-21.036],[-42.095,-21.037],[-42.104,-21.046],[-42.105,-21.055],[-42.12,-21.069],[-42.118,-21.075],[-42.131,-21.079],[-42.131,-21.087],[-42.14,-21.103],[-42.152,-21.104],[-42.164,-21.101],[-42.171,-21.115],[-42.169,-21.117],[-42.175,-21.132],[-42.182,-21.143],[-42.19,-21.146],[-42.195,-21.16],[-42.2,-21.173],[-42.208,-21.179],[-42.195,-21.203],[-42.202,-21.207],[-42.203,-21.221],[-42.191,-21.224],[-42.189,-21.233],[-42.195,-21.239],[-42.19,-21.25],[-42.2,-21.256],[-42.214,-21.273],[-42.22,-21.272],[-42.229,-21.282],[-42.229,-21.307],[-42.238,-21.318],[-42.237,-21.324],[-42.229,-21.329],[-42.224,-21.338],[-42.236,-21.343],[-42.23,-21.359],[-42.23,-21.366],[-42.242,-21.373],[-42.241,-21.377],[-42.252,-21.387],[-42.25,-21.39],[-42.237,-21.394],[-42.238,-21.404],[-42.26,-21.41],[-42.268,-21.4],[-42.275,-21.404],[-42.278,-21.414],[-42.275,-21.427],[-42.286,-21.442],[-42.284,-21.446],[-42.292,-21.459],[-42.268,-21.469],[-42.272,-21.475],[-42.257,-21.482],[-42.255,-21.487],[-42.26,-21.496],[-42.274,-21.504],[-42.279,-21.512],[-42.286,-21.528],[-42.297,-21.524],[-42.306,-21.529],[-42.303,-21.539],[-42.314,-21.556],[-42.331,-21.561],[-42.325,-21.57],[-42.346,-21.583],[-42.353,-21.592],[-42.363,-21.605],[-42.364,-21.614],[-42.369,-21.618],[-42.359,-21.631],[-42.365,-21.632],[-42.37,-21.64],[-42.365,-21.646],[-42.355,-21.648],[-42.348,-21.642],[-42.346,-21.652],[-42.34,-21.66],[-42.331,-21.661],[-42.315,-21.657],[-42.311,-21.66],[-42.302,-21.655],[-42.288,-21.668],[-42.282,-21.681],[-42.273,-21.678],[-42.265,-21.694],[-42.273,-21.704],[-42.267,-21.715],[-42.269,-21.717],[-42.289,-21.721],[-42.307,-21.728],[-42.314,-21.738],[-42.334,-21.746],[-42.353,-21.744],[-42.358,-21.741],[-42.378,-21.748],[-42.394,-21.757],[-42.396,-21.762],[-42.43,-21.776],[-42.438,-21.776],[-42.46,-21.785],[-42.463,-21.786],[-42.488,-21.798],[-42.601,-21.845],[-42.606,-21.846],[-42.605,-21.851],[-42.614,-21.856],[-42.627,-21.859],[-42.64,-21.866],[-42.665,-21.873],[-42.685,-21.879],[-42.72,-21.897],[-42.74,-21.909],[-42.772,-21.922],[-42.788,-21.93],[-42.81,-21.938],[-42.816,-21.936],[-42.836,-21.944],[-42.867,-21.953],[-42.881,-21.959],[-42.879,-21.966],[-42.894,-21.975],[-42.897,-21.982],[-42.91,-21.991],[-42.938,-22.003],[-42.947,-22.006],[-42.959,-22.015],[-42.969,-22.015],[-42.984,-22.026],[-42.988,-22.032],[-42.997,-22.036],[-43.002,-22.033],[-43.008,-22.032],[-43.027,-22.043],[-43.039,-22.045],[-43.039,-22.053],[-43.033,-22.059],[-43.033,-22.066],[-43.053,-22.082],[-43.066,-22.09],[-43.075,-22.093],[-43.078,-22.083],[-43.09,-22.088],[-43.106,-22.083],[-43.122,-22.089],[-43.127,-22.104],[-43.136,-22.11],[-43.142,-22.104],[-43.15,-22.081],[-43.153,-22.074],[-43.133,-22.058],[-43.134,-22.051],[-43.128,-22.047],[-43.131,-22.035],[-43.131,-22.029],[-43.142,-22.033],[-43.154,-22.033],[-43.163,-22.029],[-43.17,-22.022],[-43.179,-22.029],[-43.202,-22.038],[-43.208,-22.03],[-43.221,-22.034],[-43.228,-22.029],[-43.237,-22.023],[-43.234,-22.014],[-43.247,-22.007],[-43.255,-22.012],[-43.261,-22.008],[-43.267,-22.012],[-43.281,-22.011],[-43.302,-22.021],[-43.31,-22.016],[-43.317,-22.017],[-43.316,-22.008],[-43.327,-22.008],[-43.331,-22.011],[-43.341,-22.009],[-43.347,-22.004],[-43.35,-22.008],[-43.365,-22.011],[-43.368,-22.02],[-43.383,-22.03],[-43.405,-22.042],[-43.423,-22.055],[-43.437,-22.06],[-43.465,-22.073],[-43.477,-22.069],[-43.482,-22.073],[-43.505,-22.075],[-43.505,-22.066],[-43.512,-22.059],[-43.518,-22.061],[-43.526,-22.073],[-43.542,-22.079],[-43.548,-22.079],[-43.566,-22.087],[-43.569,-22.077],[-43.575,-22.078],[-43.591,-22.056],[-43.603,-22.072],[-43.612,-22.072],[-43.612,-22.081],[-43.621,-22.083],[-43.636,-22.069],[-43.646,-22.065],[-43.653,-22.067],[-43.657,-22.074],[-43.664,-22.073],[-43.668,-22.086],[-43.673,-22.09],[-43.68,-22.081],[-43.682,-22.072],[-43.693,-22.071],[-43.696,-22.076],[-43.709,-22.076],[-43.719,-22.08],[-43.731,-22.096],[-43.752,-22.088],[-43.761,-22.079],[-43.768,-22.068],[-43.776,-22.066],[-43.789,-22.073],[-43.8,-22.083],[-43.81,-22.082],[-43.824,-22.091],[-43.831,-22.091],[-43.842,-22.099],[-43.858,-22.095],[-43.864,-22.1],[-43.881,-22.101],[-43.88,-22.114],[-43.892,-22.114],[-43.92,-22.125],[-43.929,-22.131],[-43.943,-22.133],[-43.953,-22.142],[-43.965,-22.139],[-43.977,-22.146],[-43.998,-22.156],[-44.005,-22.163],[-44.015,-22.154],[-44.033,-22.152],[-44.049,-22.162],[-44.06,-22.16],[-44.072,-22.165],[-44.076,-22.175],[-44.084,-22.175],[-44.087,-22.182],[-44.101,-22.174],[-44.112,-22.189],[-44.121,-22.191],[-44.125,-22.199],[-44.122,-22.209],[-44.138,-22.215],[-44.146,-22.214],[-44.152,-22.219],[-44.154,-22.227],[-44.174,-22.23],[-44.179,-22.229],[-44.189,-22.24],[-44.208,-22.251],[-44.214,-22.248],[-44.222,-22.253],[-44.224,-22.259],[-44.237,-22.266],[-44.247,-22.267],[-44.25,-22.261],[-44.26,-22.268],[-44.263,-22.244],[-44.291,-22.243],[-44.302,-22.254],[-44.315,-22.254],[-44.317,-22.259],[-44.345,-22.253],[-44.352,-22.258],[-44.36,-22.254],[-44.375,-22.261],[-44.377,-22.268],[-44.39,-22.27],[-44.395,-22.259],[-44.433,-22.251],[-44.439,-22.256],[-44.457,-22.258],[-44.462,-22.265],[-44.459,-22.27],[-44.466,-22.279],[-44.473,-22.283],[-44.497,-22.304],[-44.515,-22.311],[-44.517,-22.316],[-44.53,-22.323],[-44.533,-22.331],[-44.544,-22.332],[-44.549,-22.324],[-44.555,-22.331],[-44.563,-22.332],[-44.571,-22.325],[-44.58,-22.328],[-44.593,-22.323],[-44.61,-22.327],[-44.616,-22.332],[-44.626,-22.335],[-44.628,-22.345],[-44.642,-22.356],[-44.646,-22.365],[-44.658,-22.373],[-44.662,-22.381],[-44.666,-22.373],[-44.67,-22.375],[-44.708,-22.369],[-44.721,-22.36],[-44.73,-22.361],[-44.741,-22.373],[-44.747,-22.376],[-44.756,-22.375],[-44.793,-22.387],[-44.803,-22.394],[-44.809,-22.404],[-44.809,-22.406],[-44.805,-22.404],[-44.795,-22.409],[-44.779,-22.409],[-44.77,-22.416],[-44.755,-22.415],[-44.741,-22.425],[-44.733,-22.434],[-44.731,-22.441],[-44.719,-22.463],[-44.718,-22.471],[-44.724,-22.476],[-44.72,-22.493],[-44.713,-22.493],[-44.712,-22.514],[-44.701,-22.511],[-44.696,-22.518],[-44.688,-22.521],[-44.681,-22.525],[-44.67,-22.539],[-44.677,-22.547],[-44.679,-22.559],[-44.668,-22.554],[-44.65,-22.557],[-44.644,-22.556],[-44.642,-22.578],[-44.647,-22.581],[-44.644,-22.6],[-44.646,-22.604],[-44.634,-22.609],[-44.623,-22.605],[-44.613,-22.617],[-44.597,-22.61],[-44.593,-22.622],[-44.584,-22.624],[-44.574,-22.602],[-44.564,-22.612],[-44.546,-22.607],[-44.537,-22.618],[-44.529,-22.624],[-44.531,-22.63],[-44.515,-22.631],[-44.511,-22.64],[-44.5,-22.629],[-44.48,-22.611],[-44.466,-22.616],[-44.439,-22.605],[-44.43,-22.599],[-44.415,-22.602],[-44.407,-22.609],[-44.406,-22.599],[-44.4,-22.582],[-44.391,-22.574],[-44.382,-22.573],[-44.371,-22.581],[-44.36,-22.581],[-44.367,-22.593],[-44.36,-22.593],[-44.363,-22.606],[-44.361,-22.612],[-44.356,-22.615],[-44.349,-22.606],[-44.352,-22.601],[-44.347,-22.591],[-44.342,-22.589],[-44.328,-22.588],[-44.32,-22.596],[-44.313,-22.596],[-44.295,-22.602],[-44.286,-22.61],[-44.283,-22.604],[-44.265,-22.603],[-44.253,-22.613],[-44.246,-22.606],[-44.233,-22.609],[-44.226,-22.605],[-44.221,-22.617],[-44.215,-22.614],[-44.204,-22.616],[-44.204,-22.626],[-44.191,-22.63],[-44.184,-22.637],[-44.19,-22.649],[-44.171,-22.659],[-44.166,-22.673],[-44.161,-22.678],[-44.168,-22.688],[-44.176,-22.692],[-44.174,-22.702],[-44.185,-22.712],[-44.201,-22.715],[-44.204,-22.72],[-44.199,-22.735],[-44.209,-22.737],[-44.218,-22.732],[-44.227,-22.734],[-44.235,-22.745],[-44.242,-22.748],[-44.243,-22.755],[-44.251,-22.758],[-44.258,-22.767],[-44.254,-22.781],[-44.257,-22.786],[-44.248,-22.791],[-44.24,-22.791],[-44.244,-22.802],[-44.261,-22.806],[-44.268,-22.829],[-44.283,-22.836],[-44.285,-22.829],[-44.296,-22.828],[-44.309,-22.833],[-44.317,-22.84],[-44.318,-22.845],[-44.325,-22.838],[-44.334,-22.843],[-44.381,-22.858],[-44.391,-22.853],[-44.401,-22.855],[-44.403,-22.849],[-44.411,-22.846],[-44.423,-22.851],[-44.433,-22.861],[-44.433,-22.869],[-44.444,-22.877],[-44.451,-22.877],[-44.458,-22.883],[-44.467,-22.885],[-44.471,-22.876],[-44.48,-22.867],[-44.475,-22.857],[-44.484,-22.846],[-44.495,-22.847],[-44.505,-22.852],[-44.512,-22.86],[-44.519,-22.866],[-44.53,-22.868],[-44.555,-22.888],[-44.562,-22.884],[-44.57,-22.884],[-44.576,-22.878],[-44.582,-22.883],[-44.593,-22.884],[-44.599,-22.89],[-44.607,-22.885],[-44.62,-22.899],[-44.63,-22.905],[-44.635,-22.906],[-44.639,-22.914]]],[[[-44.35,-23.215],[-44.345,-23.225],[-44.333,-23.224],[-44.334,-23.217],[-44.329,-23.207],[-44.322,-23.203],[-44.317,-23.192],[-44.318,-23.187],[-44.311,-23.18],[-44.289,-23.177],[-44.272,-23.18],[-44.263,-23.192],[-44.257,-23.189],[-44.247,-23.201],[-44.231,-23.2],[-44.227,-23.196],[-44.207,-23.193],[-44.193,-23.199],[-44.188,-23.183],[-44.178,-23.18],[-44.17,-23.184],[-44.165,-23.175],[-44.159,-23.172],[-44.14,-23.167],[-44.131,-23.169],[-44.123,-23.177],[-44.13,-23.184],[-44.118,-23.186],[-44.109,-23.178],[-44.094,-23.175],[-44.091,-23.166],[-44.108,-23.162],[-44.121,-23.153],[-44.138,-23.16],[-44.141,-23.139],[-44.127,-23.125],[-44.127,-23.119],[-44.148,-23.125],[-44.156,-23.139],[-44.164,-23.142],[-44.17,-23.138],[-44.173,-23.129],[-44.169,-23.12],[-44.176,-23.117],[-44.186,-23.121],[-44.202,-23.12],[-44.205,-23.113],[-44.218,-23.106],[-44.207,-23.103],[-44.195,-23.106],[-44.195,-23.099],[-44.208,-23.098],[-44.216,-23.09],[-44.233,-23.091],[-44.253,-23.097],[-44.249,-23.109],[-44.258,-23.116],[-44.273,-23.117],[-44.279,-23.125],[-44.282,-23.135],[-44.297,-23.131],[-44.294,-23.123],[-44.297,-23.117],[-44.306,-23.121],[-44.313,-23.133],[-44.32,-23.137],[-44.32,-23.144],[-44.325,-23.154],[-44.344,-23.156],[-44.355,-23.16],[-44.362,-23.166],[-44.368,-23.165],[-44.378,-23.172],[-44.373,-23.183],[-44.362,-23.183],[-44.355,-23.191],[-44.346,-23.181],[-44.34,-23.19],[-44.351,-23.208],[-44.35,-23.215]]],[[[-44.372,-23.037],[-44.374,-23.031],[-44.391,-23.042],[-44.381,-23.046],[-44.375,-23.044],[-44.362,-23.046],[-44.358,-23.059],[-44.352,-23.054],[-44.348,-23.043],[-44.352,-23.037],[-44.364,-23.041],[-44.372,-23.037]]],[[[-41.978,-22.979],[-41.983,-22.979],[-42.003,-22.993],[-42.006,-23.009],[-41.988,-23.005],[-41.975,-22.992],[-41.978,-22.979]]],[[[-41.937,-22.863],[-41.945,-22.864],[-41.948,-22.874],[-41.94,-22.874],[-41.937,-22.863]]],[[[-43.883,-22.925],[-43.897,-22.933],[-43.904,-22.931],[-43.911,-22.941],[-43.902,-22.959],[-43.893,-22.956],[-43.882,-22.949],[-43.869,-22.925],[-43.883,-22.925]]],[[[-43.668,-23.053],[-43.637,-23.051],[-43.612,-23.05],[-43.587,-23.053],[-43.568,-23.059],[-43.566,-23.055],[-43.577,-23.048],[-43.604,-23.039],[-43.614,-23.031],[-43.657,-23.039],[-43.667,-23.043],[-43.706,-23.053],[-43.754,-23.06],[-43.793,-23.061],[-43.806,-23.061],[-43.828,-23.058],[-43.855,-23.05],[-43.89,-23.033],[-43.881,-23.042],[-43.877,-23.05],[-43.878,-23.063],[-43.885,-23.068],[-43.9,-23.069],[-43.919,-23.058],[-43.933,-23.057],[-43.947,-23.05],[-43.953,-23.041],[-43.973,-23.045],[-43.981,-23.056],[-44.002,-23.074],[-44.011,-23.078],[-44.008,-23.094],[-43.988,-23.102],[-43.97,-23.091],[-43.954,-23.087],[-43.882,-23.075],[-43.846,-23.072],[-43.793,-23.064],[-43.766,-23.062],[-43.733,-23.058],[-43.668,-23.053]]],[[[-44.038,-23.012],[-44.03,-23.008],[-44.03,-23.0],[-44.053,-23.003],[-44.038,-23.012]]],[[[-43.917,-22.991],[-43.928,-22.989],[-43.937,-22.999],[-43.938,-23.008],[-43.931,-23.007],[-43.917,-22.991]]],[[[-44.692,-23.17],[-44.682,-23.158],[-44.689,-23.155],[-44.695,-23.161],[-44.692,-23.17]]],[[[-44.619,-23.225],[-44.602,-23.222],[-44.587,-23.209],[-44.594,-23.202],[-44.6,-23.206],[-44.605,-23.215],[-44.614,-23.218],[-44.619,-23.225]]],[[[-43.599,-23.028],[-43.602,-23.039],[-43.59,-23.041],[-43.599,-23.028]]],[[[-43.175,-22.801],[-43.169,-22.793],[-43.157,-22.787],[-43.157,-22.779],[-43.165,-22.777],[-43.171,-22.782],[-43.185,-22.784],[-43.19,-22.796],[-43.208,-22.795],[-43.221,-22.785],[-43.236,-22.792],[-43.248,-22.793],[-43.256,-22.797],[-43.266,-22.811],[-43.259,-22.82],[-43.251,-22.823],[-43.248,-22.83],[-43.239,-22.834],[-43.228,-22.821],[-43.217,-22.817],[-43.204,-22.82],[-43.193,-22.82],[-43.187,-22.829],[-43.181,-22.831],[-43.173,-22.825],[-43.178,-22.803],[-43.175,-22.801]]],[[[-43.217,-22.87],[-43.218,-22.861],[-43.227,-22.856],[-43.232,-22.847],[-43.224,-22.842],[-43.228,-22.837],[-43.238,-22.839],[-43.241,-22.847],[-43.236,-22.861],[-43.222,-22.87],[-43.217,-22.87]]],[[[-41.024,-21.605],[-41.048,-21.589],[-41.044,-21.607],[-41.046,-21.616],[-41.03,-21.616],[-41.018,-21.614],[-41.024,-21.605]]]]},"properties":{"uf":"RJ","code":33}},{"type":"Feature","geometry":{"type":"MultiPolygon","coordinates":[[[[-46.691,-21.838],[-46.685,-21.828],[-46.671,-21.817],[-46.669,-21.809],[-46.652,-21.791],[-46.654,-21.779],[-46.646,-21.776],[-46.639,-21.768],[-46.631,-21.769],[-46.626,-21.766],[-46.627,-21.748],[-46.631,-21.741],[-46.626,-21.734],[-46.629,-21.73],[-46.623,-21.72],[-46.623,-21.713],[-46.629,-21.706],[-46.629,-21.695],[-46.622,-21.675],[-46.614,-21.677],[-46.605,-21.681],[-46.593,-21.683],[-46.573,-21.682],[-46.565,-21.679],[-46.567,-21.659],[-46.56,-21.653],[-46.555,-21.653],[-46.548,-21.648],[-46.553,-21.638],[-46.547,-21.63],[-46.535,-21.629],[-46.534,-21.621],[-46.518,-21.613],[-46.516,-21.606],[-46.524,-21.601],[-46.518,-21.593],[-46.522,-21.584],[-46.512,-21.572],[-46.512,-21.565],[-46.503,-21.562],[-46.501,-21.55],[-46.511,-21.536],[-46.523,-21.53],[-46.524,-21.522],[-46.516,-21.511],[-46.519,-21.501],[-46.509,-21.489],[-46.512,-21.477],[-46.509,-21.47],[-46.52,-21.462],[-46.519,-21.449],[-46.529,-21.445],[-46.536,-21.449],[-46.545,-21.441],[-46.558,-21.443],[-46.57,-21.437],[-46.577,-21.427],[-46.583,-21.433],[-46.602,-21.444],[-46.615,-21.442],[-46.62,-21.435],[-46.616,-21.43],[-46.618,-21.422],[-46.625,-21.413],[-46.637,-21.411],[-46.639,-21.402],[-46.649,-21.392],[-46.648,-21.38],[-46.645,-21.373],[-46.647,-21.364],[-46.667,-21.361],[-46.675,-21.375],[-46.684,-21.376],[-46.693,-21.384],[-46.694,-21.391],[-46.701,-21.401],[-46.708,-21.405],[-46.715,-21.393],[-46.739,-21.393],[-46.741,-21.388],[-46.751,-21.385],[-46.762,-21.375],[-46.758,-21.365],[-46.765,-21.36],[-46.778,-21.364],[-46.782,-21.371],[-46.789,-21.373],[-46.805,-21.371],[-46.817,-21.366],[-46.831,-21.366],[-46.836,-21.371],[-46.836,-21.384],[-46.842,-21.389],[-46.853,-21.391],[-46.865,-21.396],[-46.868,-21.404],[-46.885,-21.407],[-46.893,-21.416],[-46.933,-21.425],[-46.949,-21.42],[-46.954,-21.424],[-46.964,-21.418],[-46.984,-21.427],[-46.987,-21.424],[-47.013,-21.419],[-47.008,-21.411],[-47.016,-21.396],[-47.009,-21.393],[-47.006,-21.385],[-47.008,-21.37],[-46.997,-21.357],[-47.004,-21.349],[-47.017,-21.342],[-47.024,-21.328],[-47.021,-21.322],[-47.035,-21.31],[-47.03,-21.3],[-47.036,-21.296],[-47.042,-21.287],[-47.039,-21.281],[-47.044,-21.267],[-47.051,-21.257],[-47.052,-21.247],[-47.062,-21.24],[-47.076,-21.241],[-47.079,-21.231],[-47.072,-21.226],[-47.068,-21.214],[-47.075,-21.208],[-47.096,-21.21],[-47.114,-21.188],[-47.118,-21.186],[-47.119,-21.175],[-47.124,-21.168],[-47.118,-21.153],[-47.127,-21.144],[-47.133,-21.133],[-47.127,-21.122],[-47.115,-21.105],[-47.128,-21.099],[-47.134,-21.09],[-47.141,-21.086],[-47.139,-21.069],[-47.146,-21.059],[-47.148,-21.035],[-47.157,-21.019],[-47.151,-21.007],[-47.151,-20.997],[-47.144,-20.982],[-47.153,-20.971],[-47.168,-20.962],[-47.169,-20.956],[-47.181,-20.954],[-47.193,-20.942],[-47.19,-20.928],[-47.211,-20.924],[-47.225,-20.912],[-47.24,-20.885],[-47.227,-20.857],[-47.227,-20.855],[-47.215,-20.827],[-47.215,-20.821],[-47.223,-20.809],[-47.225,-20.801],[-47.214,-20.792],[-47.212,-20.781],[-47.205,-20.774],[-47.195,-20.775],[-47.189,-20.771],[-47.182,-20.741],[-47.177,-20.736],[-47.186,-20.731],[-47.17,-20.719],[-47.173,-20.712],[-47.169,-20.703],[-47.157,-20.704],[-47.147,-20.707],[-47.134,-20.706],[-47.127,-20.709],[-47.115,-20.707],[-47.113,-20.698],[-47.101,-20.682],[-47.103,-20.67],[-47.097,-20.662],[-47.097,-20.644],[-47.113,-20.638],[-47.108,-20.622],[-47.123,-20.613],[-47.126,-20.603],[-47.123,-20.595],[-47.132,-20.591],[-47.136,-20.579],[-47.143,-20.566],[-47.138,-20.561],[-47.139,-20.552],[-47.144,-20.541],[-47.144,-20.535],[-47.154,-20.52],[-47.163,-20.519],[-47.186,-20.511],[-47.196,-20.504],[-47.212,-20.502],[-47.224,-20.491],[-47.23,-20.487],[-47.254,-20.478],[-47.26,-20.469],[-47.279,-20.46],[-47.291,-20.451],[-47.286,-20.442],[-47.287,-20.435],[-47.296,-20.427],[-47.294,-20.419],[-47.285,-20.406],[-47.292,-20.398],[-47.288,-20.393],[-47.295,-20.37],[-47.293,-20.364],[-47.298,-20.348],[-47.29,-20.334],[-47.285,-20.332],[-47.286,-20.316],[-47.277,-20.292],[-47.273,-20.286],[-47.264,-20.281],[-47.257,-20.269],[-47.247,-20.259],[-47.239,-20.244],[-47.233,-20.227],[-47.231,-20.219],[-47.251,-20.2],[-47.257,-20.185],[-47.257,-20.166],[-47.262,-20.16],[-47.279,-20.152],[-47.289,-20.151],[-47.296,-20.146],[-47.306,-20.133],[-47.31,-20.125],[-47.329,-20.115],[-47.341,-20.111],[-47.347,-20.105],[-47.359,-20.104],[-47.365,-20.098],[-47.372,-20.086],[-47.377,-20.083],[-47.39,-20.081],[-47.401,-20.084],[-47.408,-20.08],[-47.418,-20.065],[-47.44,-20.049],[-47.445,-20.03],[-47.435,-20.024],[-47.424,-20.015],[-47.438,-19.997],[-47.447,-19.991],[-47.463,-19.966],[-47.473,-19.961],[-47.479,-19.969],[-47.49,-19.969],[-47.498,-19.972],[-47.507,-19.982],[-47.521,-19.984],[-47.537,-19.984],[-47.545,-19.987],[-47.549,-19.994],[-47.56,-19.997],[-47.576,-19.994],[-47.584,-19.997],[-47.591,-20.003],[-47.594,-20.011],[-47.595,-20.026],[-47.601,-20.033],[-47.614,-20.042],[-47.625,-20.042],[-47.635,-20.049],[-47.64,-20.047],[-47.671,-20.023],[-47.676,-20.014],[-47.676,-20.002],[-47.688,-19.99],[-47.704,-19.98],[-47.713,-19.978],[-47.734,-19.988],[-47.751,-19.99],[-47.763,-19.986],[-47.806,-19.985],[-47.828,-19.992],[-47.835,-19.996],[-47.851,-19.99],[-47.86,-19.993],[-47.875,-20.019],[-47.876,-20.032],[-47.871,-20.04],[-47.861,-20.045],[-47.861,-20.055],[-47.87,-20.064],[-47.87,-20.076],[-47.875,-20.098],[-47.889,-20.115],[-47.894,-20.123],[-47.899,-20.126],[-47.913,-20.12],[-47.931,-20.11],[-47.942,-20.095],[-47.945,-20.085],[-47.946,-20.061],[-47.957,-20.048],[-47.976,-20.035],[-47.981,-20.036],[-47.989,-20.04],[-47.992,-20.049],[-47.99,-20.073],[-48.001,-20.097],[-48.001,-20.101],[-48.02,-20.124],[-48.039,-20.12],[-48.046,-20.127],[-48.049,-20.137],[-48.077,-20.148],[-48.105,-20.146],[-48.117,-20.142],[-48.127,-20.131],[-48.148,-20.124],[-48.156,-20.105],[-48.168,-20.104],[-48.179,-20.096],[-48.182,-20.09],[-48.182,-20.078],[-48.191,-20.061],[-48.203,-20.046],[-48.217,-20.032],[-48.228,-20.028],[-48.241,-20.029],[-48.247,-20.034],[-48.244,-20.047],[-48.246,-20.059],[-48.253,-20.078],[-48.248,-20.088],[-48.228,-20.104],[-48.219,-20.115],[-48.219,-20.128],[-48.225,-20.134],[-48.237,-20.136],[-48.241,-20.14],[-48.255,-20.144],[-48.265,-20.144],[-48.286,-20.137],[-48.295,-20.124],[-48.315,-20.114],[-48.329,-20.113],[-48.342,-20.115],[-48.346,-20.12],[-48.362,-20.123],[-48.375,-20.123],[-48.406,-20.113],[-48.439,-20.12],[-48.452,-20.126],[-48.465,-20.129],[-48.476,-20.135],[-48.491,-20.138],[-48.509,-20.139],[-48.527,-20.134],[-48.537,-20.134],[-48.555,-20.13],[-48.574,-20.131],[-48.593,-20.136],[-48.609,-20.146],[-48.627,-20.16],[-48.647,-20.167],[-48.666,-20.166],[-48.674,-20.161],[-48.688,-20.164],[-48.707,-20.16],[-48.73,-20.15],[-48.739,-20.15],[-48.757,-20.154],[-48.77,-20.162],[-48.781,-20.164],[-48.822,-20.162],[-48.829,-20.163],[-48.855,-20.18],[-48.857,-20.203],[-48.853,-20.215],[-48.859,-20.232],[-48.872,-20.242],[-48.883,-20.263],[-48.887,-20.275],[-48.886,-20.285],[-48.888,-20.297],[-48.877,-20.311],[-48.876,-20.318],[-48.88,-20.338],[-48.878,-20.356],[-48.869,-20.379],[-48.867,-20.399],[-48.872,-20.417],[-48.879,-20.43],[-48.886,-20.437],[-48.895,-20.442],[-48.904,-20.439],[-48.913,-20.431],[-48.929,-20.422],[-48.952,-20.411],[-48.963,-20.403],[-48.97,-20.39],[-48.966,-20.358],[-48.968,-20.345],[-48.965,-20.329],[-48.966,-20.303],[-48.964,-20.283],[-48.966,-20.279],[-48.962,-20.263],[-48.972,-20.208],[-48.981,-20.182],[-48.986,-20.171],[-49.0,-20.161],[-49.017,-20.154],[-49.033,-20.15],[-49.059,-20.151],[-49.066,-20.154],[-49.072,-20.162],[-49.073,-20.169],[-49.089,-20.212],[-49.096,-20.226],[-49.112,-20.251],[-49.121,-20.27],[-49.134,-20.285],[-49.159,-20.298],[-49.17,-20.306],[-49.171,-20.312],[-49.184,-20.315],[-49.193,-20.307],[-49.203,-20.305],[-49.225,-20.305],[-49.245,-20.282],[-49.26,-20.259],[-49.259,-20.248],[-49.265,-20.23],[-49.274,-20.214],[-49.283,-20.2],[-49.286,-20.192],[-49.299,-20.167],[-49.3,-20.143],[-49.306,-20.117],[-49.309,-20.104],[-49.307,-20.06],[-49.298,-20.033],[-49.297,-20.017],[-49.284,-20.005],[-49.275,-20.004],[-49.263,-20.007],[-49.248,-20.0],[-49.246,-19.979],[-49.25,-19.969],[-49.265,-19.962],[-49.281,-19.963],[-49.297,-19.96],[-49.312,-19.965],[-49.329,-19.975],[-49.333,-19.98],[-49.356,-19.987],[-49.372,-19.987],[-49.397,-19.984],[-49.434,-19.982],[-49.454,-19.978],[-49.477,-19.963],[-49.493,-19.95],[-49.5,-19.926],[-49.504,-19.92],[-49.514,-19.914],[-49.54,-19.907],[-49.551,-19.906],[-49.559,-19.911],[-49.583,-19.91],[-49.606,-19.916],[-49.613,-19.92],[-49.625,-19.929],[-49.634,-19.932],[-49.657,-19.931],[-49.676,-19.933],[-49.678,-19.93],[-49.712,-19.931],[-49.734,-19.926],[-49.749,-19.925],[-49.782,-19.924],[-49.8,-19.931],[-49.822,-19.931],[-49.835,-19.933],[-49.854,-19.947],[-49.86,-19.944],[-49.888,-19.945],[-49.906,-19.937],[-49.946,-19.924],[-49.97,-19.92],[-50.003,-19.926],[-50.019,-19.925],[-50.044,-19.916],[-50.08,-19.886],[-50.097,-19.875],[-50.106,-19.874],[-50.134,-19.874],[-50.16,-19.878],[-50.172,-19.875],[-50.176,-19.873],[-50.196,-19.867],[-50.216,-19.867],[-50.238,-19.876],[-50.245,-19.877],[-50.279,-19.869],[-50.291,-19.868],[-50.306,-19.874],[-50.329,-19.869],[-50.337,-19.869],[-50.353,-19.865],[-50.355,-19.857],[-50.368,-19.846],[-50.373,-19.845],[-50.389,-19.829],[-50.395,-19.821],[-50.417,-19.801],[-50.427,-19.797],[-50.444,-19.793],[-50.454,-19.786],[-50.469,-19.78],[-50.486,-19.786],[-50.499,-19.796],[-50.517,-19.796],[-50.527,-19.8],[-50.545,-19.81],[-50.562,-19.814],[-50.578,-19.816],[-50.599,-19.845],[-50.605,-19.856],[-50.614,-19.861],[-50.632,-19.871],[-50.64,-19.881],[-50.647,-19.895],[-50.658,-19.907],[-50.686,-19.916],[-50.709,-19.92],[-50.735,-19.93],[-50.784,-19.937],[-50.796,-19.943],[-50.817,-19.958],[-50.844,-19.968],[-50.855,-19.972],[-50.868,-19.987],[-50.876,-19.991],[-50.886,-19.99],[-50.897,-19.99],[-50.908,-19.994],[-50.912,-20.003],[-50.934,-20.015],[-50.946,-20.03],[-50.953,-20.034],[-50.962,-20.032],[-50.969,-20.036],[-50.981,-20.058],[-50.996,-20.077],[-51.001,-20.085],[-51.001,-20.096],[-51.007,-20.106],[-51.022,-20.133],[-51.029,-20.151],[-51.038,-20.175],[-51.049,-20.199],[-51.054,-20.22],[-51.059,-20.235],[-51.069,-20.25],[-51.109,-20.28],[-51.132,-20.296],[-51.161,-20.305],[-51.198,-20.312],[-51.24,-20.317],[-51.296,-20.328],[-51.321,-20.34],[-51.343,-20.356],[-51.354,-20.369],[-51.361,-20.384],[-51.372,-20.393],[-51.378,-20.402],[-51.399,-20.446],[-51.409,-20.46],[-51.419,-20.465],[-51.435,-20.473],[-51.449,-20.483],[-51.457,-20.496],[-51.464,-20.502],[-51.466,-20.508],[-51.493,-20.547],[-51.5,-20.568],[-51.533,-20.597],[-51.568,-20.618],[-51.575,-20.623],[-51.588,-20.636],[-51.603,-20.662],[-51.611,-20.686],[-51.624,-20.712],[-51.632,-20.737],[-51.635,-20.755],[-51.622,-20.777],[-51.627,-20.785],[-51.626,-20.796],[-51.633,-20.822],[-51.633,-20.833],[-51.628,-20.869],[-51.615,-20.886],[-51.614,-20.896],[-51.618,-20.911],[-51.619,-20.933],[-51.624,-20.944],[-51.633,-20.952],[-51.644,-20.956],[-51.655,-20.965],[-51.667,-20.971],[-51.686,-20.973],[-51.696,-20.971],[-51.714,-20.971],[-51.723,-20.977],[-51.738,-20.995],[-51.744,-21.005],[-51.76,-21.022],[-51.771,-21.043],[-51.773,-21.051],[-51.776,-21.073],[-51.79,-21.102],[-51.808,-21.11],[-51.815,-21.121],[-51.824,-21.127],[-51.845,-21.131],[-51.865,-21.131],[-51.876,-21.136],[-51.879,-21.148],[-51.876,-21.181],[-51.88,-21.198],[-51.874,-21.211],[-51.864,-21.227],[-51.861,-21.239],[-51.855,-21.25],[-51.855,-21.26],[-51.849,-21.267],[-51.849,-21.276],[-51.857,-21.29],[-51.861,-21.317],[-51.861,-21.337],[-51.869,-21.354],[-51.888,-21.367],[-51.9,-21.378],[-51.911,-21.393],[-51.918,-21.412],[-51.922,-21.44],[-51.929,-21.456],[-51.943,-21.465],[-51.952,-21.474],[-51.962,-21.493],[-51.968,-21.502],[-51.987,-21.512],[-52.0,-21.517],[-52.022,-21.511],[-52.038,-21.509],[-52.057,-21.504],[-52.066,-21.505],[-52.078,-21.515],[-52.088,-21.533],[-52.096,-21.542],[-52.102,-21.555],[-52.102,-21.57],[-52.092,-21.581],[-52.084,-21.583],[-52.069,-21.598],[-52.061,-21.624],[-52.05,-21.643],[-52.048,-21.656],[-52.056,-21.677],[-52.077,-21.715],[-52.094,-21.73],[-52.104,-21.746],[-52.118,-21.749],[-52.148,-21.76],[-52.161,-21.771],[-52.171,-21.786],[-52.184,-21.814],[-52.184,-21.826],[-52.189,-21.844],[-52.207,-21.862],[-52.228,-21.879],[-52.248,-21.902],[-52.259,-21.907],[-52.264,-21.912],[-52.275,-21.915],[-52.28,-21.923],[-52.301,-21.942],[-52.309,-21.952],[-52.319,-21.972],[-52.326,-22.002],[-52.332,-22.02],[-52.339,-22.048],[-52.345,-22.062],[-52.355,-22.077],[-52.377,-22.107],[-52.392,-22.115],[-52.402,-22.126],[-52.408,-22.142],[-52.433,-22.163],[-52.446,-22.177],[-52.456,-22.185],[-52.48,-22.201],[-52.488,-22.217],[-52.503,-22.225],[-52.523,-22.229],[-52.542,-22.24],[-52.571,-22.248],[-52.587,-22.257],[-52.597,-22.269],[-52.604,-22.273],[-52.623,-22.279],[-52.633,-22.285],[-52.646,-22.298],[-52.655,-22.303],[-52.695,-22.315],[-52.724,-22.335],[-52.746,-22.343],[-52.798,-22.378],[-52.808,-22.388],[-52.84,-22.415],[-52.855,-22.439],[-52.886,-22.453],[-52.948,-22.473],[-52.988,-22.487],[-52.999,-22.493],[-53.007,-22.513],[-53.014,-22.521],[-53.04,-22.527],[-53.058,-22.537],[-53.074,-22.549],[-53.086,-22.562],[-53.098,-22.582],[-53.108,-22.596],[-53.11,-22.61],[-53.105,-22.622],[-53.101,-22.626],[-53.092,-22.645],[-53.088,-22.658],[-53.075,-22.641],[-53.056,-22.633],[-53.038,-22.618],[-53.031,-22.608],[-53.012,-22.599],[-52.985,-22.576],[-52.972,-22.57],[-52.925,-22.566],[-52.905,-22.572],[-52.858,-22.608],[-52.845,-22.609],[-52.815,-22.597],[-52.783,-22.602],[-52.764,-22.609],[-52.75,-22.612],[-52.727,-22.625],[-52.718,-22.628],[-52.697,-22.627],[-52.663,-22.612],[-52.644,-22.598],[-52.63,-22.59],[-52.611,-22.575],[-52.589,-22.566],[-52.576,-22.572],[-52.572,-22.583],[-52.563,-22.593],[-52.554,-22.601],[-52.545,-22.612],[-52.538,-22.616],[-52.521,-22.622],[-52.507,-22.634],[-52.499,-22.634],[-52.479,-22.624],[-52.468,-22.616],[-52.446,-22.608],[-52.433,-22.607],[-52.421,-22.611],[-52.38,-22.627],[-52.327,-22.633],[-52.313,-22.637],[-52.3,-22.635],[-52.29,-22.628],[-52.279,-22.62],[-52.25,-22.615],[-52.24,-22.62],[-52.231,-22.634],[-52.228,-22.642],[-52.228,-22.665],[-52.223,-22.675],[-52.214,-22.672],[-52.201,-22.661],[-52.183,-22.655],[-52.167,-22.65],[-52.157,-22.645],[-52.157,-22.629],[-52.162,-22.611],[-52.161,-22.59],[-52.152,-22.569],[-52.149,-22.549],[-52.136,-22.527],[-52.128,-22.52],[-52.109,-22.516],[-52.09,-22.521],[-52.069,-22.533],[-52.052,-22.539],[-52.033,-22.539],[-52.028,-22.54],[-52.013,-22.542],[-51.997,-22.546],[-51.991,-22.551],[-51.961,-22.564],[-51.941,-22.567],[-51.917,-22.586],[-51.901,-22.602],[-51.89,-22.613],[-51.879,-22.624],[-51.866,-22.631],[-51.856,-22.632],[-51.847,-22.632],[-51.839,-22.628],[-51.826,-22.627],[-51.818,-22.623],[-51.786,-22.619],[-51.772,-22.614],[-51.752,-22.618],[-51.747,-22.624],[-51.737,-22.624],[-51.733,-22.629],[-51.726,-22.662],[-51.718,-22.669],[-51.699,-22.669],[-51.688,-22.663],[-51.672,-22.659],[-51.646,-22.656],[-51.63,-22.658],[-51.628,-22.658],[-51.611,-22.666],[-51.589,-22.686],[-51.577,-22.689],[-51.56,-22.697],[-51.544,-22.689],[-51.526,-22.687],[-51.517,-22.69],[-51.512,-22.692],[-51.499,-22.691],[-51.475,-22.679],[-51.466,-22.672],[-51.453,-22.656],[-51.446,-22.653],[-51.425,-22.654],[-51.41,-22.665],[-51.402,-22.668],[-51.385,-22.665],[-51.374,-22.658],[-51.353,-22.663],[-51.333,-22.667],[-51.312,-22.674],[-51.298,-22.674],[-51.281,-22.666],[-51.265,-22.668],[-51.259,-22.672],[-51.243,-22.69],[-51.238,-22.706],[-51.228,-22.716],[-51.214,-22.724],[-51.205,-22.727],[-51.187,-22.73],[-51.176,-22.739],[-51.164,-22.749],[-51.15,-22.755],[-51.128,-22.76],[-51.103,-22.763],[-51.09,-22.763],[-51.075,-22.766],[-51.058,-22.766],[-51.045,-22.774],[-51.011,-22.792],[-51.004,-22.794],[-50.997,-22.793],[-50.979,-22.783],[-50.962,-22.786],[-50.946,-22.804],[-50.937,-22.805],[-50.928,-22.798],[-50.895,-22.794],[-50.889,-22.797],[-50.876,-22.806],[-50.855,-22.82],[-50.842,-22.831],[-50.838,-22.84],[-50.833,-22.859],[-50.824,-22.866],[-50.817,-22.88],[-50.798,-22.889],[-50.793,-22.894],[-50.793,-22.905],[-50.8,-22.928],[-50.806,-22.94],[-50.796,-22.951],[-50.78,-22.947],[-50.759,-22.948],[-50.75,-22.951],[-50.745,-22.96],[-50.73,-22.962],[-50.71,-22.953],[-50.694,-22.924],[-50.682,-22.906],[-50.673,-22.898],[-50.663,-22.896],[-50.648,-22.897],[-50.637,-22.907],[-50.62,-22.912],[-50.613,-22.922],[-50.604,-22.923],[-50.589,-22.91],[-50.577,-22.904],[-50.567,-22.906],[-50.554,-22.912],[-50.541,-22.912],[-50.53,-22.919],[-50.527,-22.935],[-50.511,-22.945],[-50.5,-22.944],[-50.493,-22.938],[-50.483,-22.937],[-50.459,-22.945],[-50.448,-22.942],[-50.433,-22.946],[-50.426,-22.944],[-50.418,-22.931],[-50.42,-22.918],[-50.416,-22.913],[-50.398,-22.907],[-50.379,-22.905],[-50.359,-22.916],[-50.36,-22.922],[-50.345,-22.935],[-50.34,-22.948],[-50.323,-22.951],[-50.306,-22.946],[-50.302,-22.939],[-50.284,-22.937],[-50.276,-22.932],[-50.248,-22.938],[-50.243,-22.951],[-50.237,-22.954],[-50.227,-22.953],[-50.213,-22.948],[-50.204,-22.953],[-50.195,-22.952],[-50.185,-22.954],[-50.165,-22.946],[-50.153,-22.936],[-50.133,-22.94],[-50.115,-22.94],[-50.093,-22.922],[-50.081,-22.922],[-50.072,-22.928],[-50.062,-22.924],[-50.053,-22.905],[-50.044,-22.903],[-50.037,-22.908],[-50.015,-22.911],[-50.006,-22.927],[-49.995,-22.93],[-49.99,-22.925],[-49.992,-22.917],[-49.998,-22.904],[-49.996,-22.898],[-49.986,-22.898],[-49.975,-22.904],[-49.966,-22.914],[-49.961,-22.931],[-49.966,-22.946],[-49.974,-22.954],[-49.972,-22.959],[-49.969,-22.965],[-49.955,-22.978],[-49.94,-22.983],[-49.933,-22.983],[-49.921,-22.99],[-49.914,-22.99],[-49.902,-22.999],[-49.9,-23.005],[-49.909,-23.014],[-49.916,-23.036],[-49.912,-23.051],[-49.899,-23.054],[-49.887,-23.065],[-49.878,-23.061],[-49.873,-23.069],[-49.867,-23.072],[-49.851,-23.073],[-49.834,-23.066],[-49.827,-23.075],[-49.819,-23.077],[-49.814,-23.079],[-49.809,-23.089],[-49.8,-23.093],[-49.789,-23.103],[-49.779,-23.101],[-49.763,-23.106],[-49.751,-23.098],[-49.74,-23.099],[-49.726,-23.109],[-49.73,-23.126],[-49.735,-23.133],[-49.728,-23.143],[-49.717,-23.148],[-49.715,-23.154],[-49.706,-23.155],[-49.695,-23.166],[-49.678,-23.165],[-49.678,-23.175],[-49.663,-23.194],[-49.661,-23.202],[-49.654,-23.212],[-49.655,-23.228],[-49.652,-23.237],[-49.645,-23.239],[-49.647,-23.252],[-49.64,-23.256],[-49.635,-23.271],[-49.627,-23.282],[-49.626,-23.287],[-49.631,-23.299],[-49.629,-23.311],[-49.624,-23.317],[-49.622,-23.332],[-49.628,-23.342],[-49.638,-23.343],[-49.638,-23.349],[-49.633,-23.356],[-49.612,-23.355],[-49.595,-23.367],[-49.596,-23.376],[-49.591,-23.388],[-49.605,-23.384],[-49.621,-23.389],[-49.621,-23.397],[-49.607,-23.393],[-49.602,-23.409],[-49.593,-23.407],[-49.59,-23.416],[-49.58,-23.415],[-49.582,-23.429],[-49.578,-23.438],[-49.589,-23.436],[-49.596,-23.44],[-49.603,-23.451],[-49.598,-23.458],[-49.601,-23.461],[-49.603,-23.478],[-49.613,-23.473],[-49.613,-23.483],[-49.621,-23.493],[-49.618,-23.502],[-49.629,-23.512],[-49.624,-23.523],[-49.6,-23.536],[-49.606,-23.542],[-49.599,-23.553],[-49.608,-23.567],[-49.601,-23.575],[-49.603,-23.584],[-49.619,-23.594],[-49.621,-23.611],[-49.614,-23.613],[-49.614,-23.623],[-49.608,-23.632],[-49.616,-23.641],[-49.603,-23.643],[-49.602,-23.652],[-49.585,-23.659],[-49.58,-23.678],[-49.575,-23.676],[-49.576,-23.68],[-49.563,-23.688],[-49.549,-23.704],[-49.553,-23.711],[-49.555,-23.725],[-49.549,-23.732],[-49.551,-23.739],[-49.562,-23.732],[-49.567,-23.737],[-49.561,-23.761],[-49.566,-23.772],[-49.565,-23.785],[-49.56,-23.794],[-49.563,-23.802],[-49.56,-23.812],[-49.564,-23.82],[-49.573,-23.827],[-49.59,-23.828],[-49.594,-23.833],[-49.608,-23.839],[-49.596,-23.846],[-49.609,-23.854],[-49.599,-23.86],[-49.602,-23.868],[-49.594,-23.873],[-49.587,-23.889],[-49.576,-23.883],[-49.578,-23.896],[-49.569,-23.899],[-49.563,-23.912],[-49.554,-23.915],[-49.557,-23.921],[-49.544,-23.924],[-49.536,-23.928],[-49.531,-23.929],[-49.522,-23.917],[-49.512,-23.926],[-49.509,-23.936],[-49.524,-23.936],[-49.521,-23.946],[-49.503,-23.948],[-49.5,-23.958],[-49.507,-23.967],[-49.501,-23.97],[-49.494,-23.978],[-49.498,-23.993],[-49.492,-23.993],[-49.481,-24.009],[-49.49,-24.019],[-49.487,-24.025],[-49.474,-24.02],[-49.463,-24.027],[-49.463,-24.038],[-49.458,-24.049],[-49.45,-24.056],[-49.438,-24.059],[-49.44,-24.067],[-49.43,-24.069],[-49.432,-24.086],[-49.425,-24.09],[-49.405,-24.096],[-49.409,-24.107],[-49.392,-24.115],[-49.378,-24.118],[-49.371,-24.114],[-49.363,-24.127],[-49.357,-24.13],[-49.337,-24.138],[-49.333,-24.152],[-49.34,-24.157],[-49.34,-24.175],[-49.346,-24.191],[-49.343,-24.204],[-49.356,-24.209],[-49.351,-24.221],[-49.323,-24.236],[-49.32,-24.244],[-49.313,-24.243],[-49.305,-24.251],[-49.299,-24.268],[-49.301,-24.276],[-49.291,-24.291],[-49.287,-24.303],[-49.27,-24.307],[-49.254,-24.318],[-49.251,-24.329],[-49.245,-24.332],[-49.231,-24.33],[-49.224,-24.34],[-49.206,-24.338],[-49.201,-24.345],[-49.214,-24.354],[-49.224,-24.363],[-49.239,-24.384],[-49.248,-24.393],[-49.254,-24.405],[-49.238,-24.404],[-49.236,-24.411],[-49.241,-24.422],[-49.252,-24.434],[-49.251,-24.445],[-49.254,-24.456],[-49.246,-24.458],[-49.245,-24.465],[-49.264,-24.474],[-49.27,-24.481],[-49.273,-24.493],[-49.284,-24.495],[-49.296,-24.5],[-49.295,-24.506],[-49.286,-24.518],[-49.288,-24.527],[-49.28,-24.536],[-49.292,-24.544],[-49.293,-24.553],[-49.307,-24.549],[-49.316,-24.555],[-49.311,-24.581],[-49.315,-24.59],[-49.304,-24.597],[-49.311,-24.603],[-49.315,-24.614],[-49.307,-24.622],[-49.314,-24.632],[-49.313,-24.638],[-49.306,-24.643],[-49.3,-24.655],[-49.312,-24.663],[-49.304,-24.673],[-49.294,-24.676],[-49.278,-24.693],[-49.259,-24.696],[-49.228,-24.698],[-49.215,-24.702],[-49.208,-24.701],[-49.204,-24.696],[-49.206,-24.687],[-49.195,-24.683],[-49.186,-24.673],[-49.175,-24.672],[-49.17,-24.676],[-49.158,-24.672],[-49.148,-24.675],[-49.135,-24.676],[-49.13,-24.682],[-49.112,-24.688],[-49.109,-24.677],[-49.1,-24.676],[-49.097,-24.682],[-49.085,-24.68],[-49.083,-24.672],[-49.075,-24.673],[-49.069,-24.685],[-49.054,-24.682],[-49.048,-24.676],[-49.045,-24.666],[-49.037,-24.66],[-49.04,-24.637],[-49.031,-24.634],[-49.021,-24.642],[-49.005,-24.638],[-49.01,-24.654],[-48.991,-24.655],[-48.989,-24.665],[-48.974,-24.667],[-48.973,-24.672],[-48.962,-24.674],[-48.961,-24.684],[-48.955,-24.684],[-48.948,-24.674],[-48.943,-24.672],[-48.931,-24.676],[-48.912,-24.674],[-48.91,-24.671],[-48.865,-24.667],[-48.854,-24.675],[-48.858,-24.658],[-48.85,-24.658],[-48.84,-24.665],[-48.827,-24.654],[-48.821,-24.657],[-48.811,-24.675],[-48.801,-24.675],[-48.788,-24.681],[-48.777,-24.696],[-48.769,-24.695],[-48.759,-24.68],[-48.753,-24.682],[-48.756,-24.693],[-48.745,-24.693],[-48.734,-24.684],[-48.73,-24.687],[-48.719,-24.683],[-48.707,-24.684],[-48.704,-24.68],[-48.693,-24.693],[-48.688,-24.677],[-48.69,-24.668],[-48.679,-24.671],[-48.672,-24.679],[-48.676,-24.691],[-48.675,-24.702],[-48.66,-24.707],[-48.661,-24.699],[-48.655,-24.691],[-48.642,-24.69],[-48.645,-24.683],[-48.638,-24.678],[-48.628,-24.68],[-48.617,-24.669],[-48.601,-24.669],[-48.587,-24.679],[-48.572,-24.691],[-48.565,-24.706],[-48.538,-24.726],[-48.513,-24.74],[-48.507,-24.736],[-48.502,-24.746],[-48.507,-24.751],[-48.512,-24.764],[-48.517,-24.769],[-48.518,-24.781],[-48.529,-24.786],[-48.549,-24.797],[-48.556,-24.806],[-48.559,-24.821],[-48.565,-24.834],[-48.568,-24.849],[-48.565,-24.865],[-48.55,-24.867],[-48.547,-24.874],[-48.549,-24.882],[-48.556,-24.882],[-48.567,-24.904],[-48.566,-24.917],[-48.572,-24.925],[-48.563,-24.939],[-48.57,-24.944],[-48.572,-24.954],[-48.568,-24.96],[-48.567,-24.972],[-48.576,-24.984],[-48.587,-24.986],[-48.589,-24.994],[-48.598,-25.003],[-48.601,-25.011],[-48.589,-25.02],[-48.58,-25.053],[-48.57,-25.051],[-48.558,-25.064],[-48.56,-25.075],[-48.556,-25.084],[-48.541,-25.098],[-48.53,-25.101],[-48.523,-25.094],[-48.52,-25.085],[-48.514,-25.086],[-48.508,-25.07],[-48.491,-25.053],[-48.481,-25.037],[-48.474,-25.013],[-48.449,-25.001],[-48.434,-24.991],[-48.417,-24.989],[-48.412,-24.98],[-48.385,-24.995],[-48.38,-24.996],[-48.365,-25.014],[-48.355,-25.02],[-48.351,-25.028],[-48.351,-25.037],[-48.324,-25.037],[-48.326,-25.051],[-48.336,-25.063],[-48.33,-25.07],[-48.307,-25.044],[-48.307,-25.035],[-48.299,-25.035],[-48.293,-25.024],[-48.29,-25.038],[-48.285,-25.039],[-48.275,-25.028],[-48.278,-25.016],[-48.268,-25.001],[-48.27,-24.997],[-48.249,-24.979],[-48.246,-24.989],[-48.24,-24.991],[-48.231,-25.003],[-48.227,-25.013],[-48.233,-25.018],[-48.209,-25.032],[-48.215,-25.041],[-48.212,-25.059],[-48.216,-25.077],[-48.212,-25.085],[-48.204,-25.093],[-48.205,-25.1],[-48.195,-25.107],[-48.182,-25.134],[-48.158,-25.15],[-48.169,-25.157],[-48.167,-25.165],[-48.178,-25.182],[-48.193,-25.19],[-48.191,-25.196],[-48.182,-25.205],[-48.172,-25.21],[-48.161,-25.211],[-48.151,-25.228],[-48.133,-25.24],[-48.126,-25.242],[-48.113,-25.251],[-48.106,-25.244],[-48.099,-25.241],[-48.062,-25.24],[-48.05,-25.226],[-48.04,-25.219],[-48.032,-25.218],[-48.03,-25.226],[-48.023,-25.231],[-48.031,-25.239],[-48.051,-25.252],[-48.056,-25.262],[-48.083,-25.282],[-48.097,-25.297],[-48.1,-25.303],[-48.096,-25.309],[-48.07,-25.281],[-48.047,-25.259],[-48.013,-25.23],[-47.979,-25.203],[-47.946,-25.174],[-47.924,-25.16],[-47.914,-25.159],[-47.92,-25.151],[-47.908,-25.118],[-47.901,-25.111],[-47.904,-25.099],[-47.902,-25.066],[-47.909,-25.063],[-47.91,-25.053],[-47.887,-25.051],[-47.88,-25.025],[-47.872,-25.012],[-47.843,-24.977],[-47.807,-24.942],[-47.769,-24.91],[-47.731,-24.881],[-47.694,-24.852],[-47.623,-24.799],[-47.592,-24.778],[-47.561,-24.758],[-47.51,-24.729],[-47.425,-24.685],[-47.415,-24.676],[-47.405,-24.673],[-47.386,-24.657],[-47.362,-24.642],[-47.281,-24.594],[-47.245,-24.574],[-47.23,-24.572],[-47.224,-24.567],[-47.228,-24.561],[-47.221,-24.554],[-47.201,-24.54],[-47.187,-24.534],[-47.188,-24.527],[-47.173,-24.514],[-47.145,-24.492],[-47.109,-24.468],[-47.078,-24.448],[-47.053,-24.433],[-47.037,-24.427],[-47.029,-24.427],[-47.022,-24.423],[-47.015,-24.413],[-47.008,-24.414],[-47.004,-24.409],[-47.011,-24.388],[-47.016,-24.387],[-47.018,-24.379],[-47.002,-24.361],[-46.999,-24.352],[-47.002,-24.337],[-46.994,-24.325],[-46.972,-24.305],[-46.948,-24.286],[-46.92,-24.267],[-46.898,-24.253],[-46.845,-24.218],[-46.815,-24.201],[-46.805,-24.2],[-46.794,-24.194],[-46.789,-24.187],[-46.749,-24.166],[-46.709,-24.144],[-46.651,-24.113],[-46.604,-24.09],[-46.549,-24.064],[-46.493,-24.038],[-46.455,-24.024],[-46.435,-24.019],[-46.416,-24.016],[-46.399,-24.019],[-46.4,-24.029],[-46.39,-24.024],[-46.392,-23.999],[-46.379,-23.994],[-46.379,-23.985],[-46.384,-23.972],[-46.375,-23.97],[-46.366,-23.973],[-46.355,-23.971],[-46.336,-23.972],[-46.32,-23.977],[-46.312,-23.984],[-46.306,-23.993],[-46.313,-23.998],[-46.319,-23.997],[-46.324,-24.009],[-46.32,-24.024],[-46.295,-24.016],[-46.286,-24.024],[-46.285,-24.032],[-46.29,-24.041],[-46.283,-24.043],[-46.278,-24.036],[-46.28,-24.022],[-46.269,-24.013],[-46.265,-24.004],[-46.24,-23.991],[-46.214,-23.986],[-46.198,-23.995],[-46.186,-23.987],[-46.187,-23.973],[-46.182,-23.961],[-46.173,-23.958],[-46.166,-23.944],[-46.18,-23.936],[-46.179,-23.924],[-46.168,-23.912],[-46.156,-23.907],[-46.149,-23.894],[-46.14,-23.892],[-46.141,-23.881],[-46.133,-23.857],[-46.128,-23.844],[-46.118,-23.837],[-46.089,-23.822],[-46.066,-23.815],[-46.057,-23.814],[-46.039,-23.826],[-46.039,-23.816],[-46.023,-23.805],[-46.008,-23.8],[-45.998,-23.803],[-45.992,-23.794],[-45.973,-23.785],[-45.941,-23.776],[-45.898,-23.765],[-45.861,-23.76],[-45.842,-23.758],[-45.824,-23.757],[-45.808,-23.759],[-45.792,-23.769],[-45.787,-23.765],[-45.763,-23.763],[-45.757,-23.771],[-45.74,-23.768],[-45.722,-23.771],[-45.709,-23.771],[-45.694,-23.776],[-45.673,-23.775],[-45.664,-23.779],[-45.644,-23.778],[-45.639,-23.783],[-45.628,-23.785],[-45.624,-23.796],[-45.607,-23.8],[-45.59,-23.797],[-45.588,-23.793],[-45.562,-23.792],[-45.555,-23.795],[-45.554,-23.811],[-45.545,-23.809],[-45.538,-23.814],[-45.533,-23.823],[-45.502,-23.841],[-45.492,-23.835],[-45.49,-23.83],[-45.481,-23.829],[-45.465,-23.819],[-45.447,-23.828],[-45.441,-23.827],[-45.431,-23.832],[-45.417,-23.823],[-45.405,-23.82],[-45.396,-23.808],[-45.4,-23.797],[-45.397,-23.781],[-45.403,-23.768],[-45.413,-23.754],[-45.411,-23.75],[-45.399,-23.737],[-45.397,-23.725],[-45.413,-23.724],[-45.42,-23.726],[-45.427,-23.708],[-45.431,-23.68],[-45.428,-23.658],[-45.424,-23.645],[-45.415,-23.631],[-45.407,-23.624],[-45.4,-23.623],[-45.397,-23.63],[-45.388,-23.634],[-45.377,-23.624],[-45.37,-23.631],[-45.357,-23.623],[-45.343,-23.601],[-45.328,-23.585],[-45.311,-23.576],[-45.298,-23.572],[-45.285,-23.572],[-45.277,-23.578],[-45.28,-23.584],[-45.244,-23.594],[-45.234,-23.583],[-45.21,-23.581],[-45.212,-23.566],[-45.22,-23.555],[-45.231,-23.549],[-45.228,-23.539],[-45.219,-23.529],[-45.205,-23.522],[-45.19,-23.522],[-45.186,-23.537],[-45.169,-23.539],[-45.159,-23.538],[-45.167,-23.525],[-45.165,-23.517],[-45.173,-23.511],[-45.174,-23.496],[-45.144,-23.5],[-45.12,-23.521],[-45.107,-23.515],[-45.112,-23.508],[-45.123,-23.501],[-45.103,-23.49],[-45.088,-23.494],[-45.083,-23.497],[-45.086,-23.513],[-45.077,-23.507],[-45.072,-23.497],[-45.074,-23.489],[-45.071,-23.479],[-45.058,-23.465],[-45.035,-23.46],[-45.036,-23.449],[-45.045,-23.45],[-45.056,-23.459],[-45.067,-23.447],[-45.069,-23.433],[-45.065,-23.425],[-45.054,-23.417],[-45.042,-23.422],[-45.034,-23.415],[-45.024,-23.414],[-45.015,-23.419],[-45.009,-23.413],[-45.009,-23.406],[-44.993,-23.397],[-44.977,-23.4],[-44.967,-23.386],[-44.96,-23.38],[-44.95,-23.379],[-44.949,-23.364],[-44.942,-23.357],[-44.918,-23.349],[-44.912,-23.336],[-44.906,-23.334],[-44.887,-23.34],[-44.882,-23.348],[-44.889,-23.36],[-44.887,-23.366],[-44.877,-23.363],[-44.865,-23.357],[-44.843,-23.364],[-44.837,-23.37],[-44.844,-23.387],[-44.84,-23.388],[-44.808,-23.379],[-44.8,-23.375],[-44.796,-23.369],[-44.785,-23.37],[-44.782,-23.378],[-44.766,-23.373],[-44.751,-23.366],[-44.734,-23.369],[-44.724,-23.368],[-44.736,-23.366],[-44.742,-23.359],[-44.757,-23.349],[-44.76,-23.341],[-44.778,-23.338],[-44.782,-23.326],[-44.779,-23.314],[-44.787,-23.31],[-44.787,-23.299],[-44.805,-23.29],[-44.808,-23.284],[-44.825,-23.292],[-44.824,-23.281],[-44.828,-23.271],[-44.84,-23.264],[-44.842,-23.256],[-44.856,-23.248],[-44.87,-23.25],[-44.886,-23.236],[-44.889,-23.227],[-44.88,-23.213],[-44.883,-23.203],[-44.875,-23.197],[-44.875,-23.185],[-44.861,-23.181],[-44.843,-23.167],[-44.833,-23.166],[-44.824,-23.163],[-44.821,-23.154],[-44.825,-23.144],[-44.816,-23.14],[-44.819,-23.131],[-44.811,-23.115],[-44.816,-23.108],[-44.809,-23.101],[-44.812,-23.092],[-44.819,-23.091],[-44.807,-23.062],[-44.812,-23.055],[-44.802,-23.049],[-44.802,-23.032],[-44.797,-23.027],[-44.799,-23.02],[-44.793,-23.01],[-44.799,-23.007],[-44.803,-22.999],[-44.793,-22.993],[-44.792,-22.982],[-44.777,-22.978],[-44.765,-22.983],[-44.749,-22.97],[-44.751,-22.962],[-44.743,-22.947],[-44.728,-22.942],[-44.714,-22.93],[-44.703,-22.936],[-44.696,-22.932],[-44.687,-22.933],[-44.679,-22.926],[-44.675,-22.919],[-44.663,-22.927],[-44.639,-22.914],[-44.635,-22.906],[-44.63,-22.905],[-44.62,-22.899],[-44.607,-22.885],[-44.599,-22.89],[-44.593,-22.884],[-44.582,-22.883],[-44.576,-22.878],[-44.57,-22.884],[-44.562,-22.884],[-44.555,-22.888],[-44.53,-22.868],[-44.519,-22.866],[-44.512,-22.86],[-44.505,-22.852],[-44.495,-22.847],[-44.484,-22.846],[-44.475,-22.857],[-44.48,-22.867],[-44.471,-22.876],[-44.467,-22.885],[-44.458,-22.883],[-44.451,-22.877],[-44.444,-22.877],[-44.433,-22.869],[-44.433,-22.861],[-44.423,-22.851],[-44.411,-22.846],[-44.403,-22.849],[-44.401,-22.855],[-44.391,-22.853],[-44.381,-22.858],[-44.334,-22.843],[-44.325,-22.838],[-44.318,-22.845],[-44.317,-22.84],[-44.309,-22.833],[-44.296,-22.828],[-44.285,-22.829],[-44.283,-22.836],[-44.268,-22.829],[-44.261,-22.806],[-44.244,-22.802],[-44.24,-22.791],[-44.248,-22.791],[-44.257,-22.786],[-44.254,-22.781],[-44.258,-22.767],[-44.251,-22.758],[-44.243,-22.755],[-44.242,-22.748],[-44.235,-22.745],[-44.227,-22.734],[-44.218,-22.732],[-44.209,-22.737],[-44.199,-22.735],[-44.204,-22.72],[-44.201,-22.715],[-44.185,-22.712],[-44.174,-22.702],[-44.176,-22.692],[-44.168,-22.688],[-44.161,-22.678],[-44.166,-22.673],[-44.171,-22.659],[-44.19,-22.649],[-44.184,-22.637],[-44.191,-22.63],[-44.204,-22.626],[-44.204,-22.616],[-44.215,-22.614],[-44.221,-22.617],[-44.226,-22.605],[-44.233,-22.609],[-44.246,-22.606],[-44.253,-22.613],[-44.265,-22.603],[-44.283,-22.604],[-44.286,-22.61],[-44.295,-22.602],[-44.313,-22.596],[-44.32,-22.596],[-44.328,-22.588],[-44.342,-22.589],[-44.347,-22.591],[-44.352,-22.601],[-44.349,-22.606],[-44.356,-22.615],[-44.361,-22.612],[-44.363,-22.606],[-44.36,-22.593],[-44.367,-22.593],[-44.36,-22.581],[-44.371,-22.581],[-44.382,-22.573],[-44.391,-22.574],[-44.4,-22.582],[-44.406,-22.599],[-44.407,-22.609],[-44.415,-22.602],[-44.43,-22.599],[-44.439,-22.605],[-44.466,-22.616],[-44.48,-22.611],[-44.5,-22.629],[-44.511,-22.64],[-44.515,-22.631],[-44.531,-22.63],[-44.529,-22.624],[-44.537,-22.618],[-44.546,-22.607],[-44.564,-22.612],[-44.574,-22.602],[-44.584,-22.624],[-44.593,-22.622],[-44.597,-22.61],[-44.613,-22.617],[-44.623,-22.605],[-44.634,-22.609],[-44.646,-22.604],[-44.644,-22.6],[-44.647,-22.581],[-44.642,-22.578],[-44.644,-22.556],[-44.65,-22.557],[-44.668,-22.554],[-44.679,-22.559],[-44.677,-22.547],[-44.67,-22.539],[-44.681,-22.525],[-44.688,-22.521],[-44.696,-22.518],[-44.701,-22.511],[-44.712,-22.514],[-44.713,-22.493],[-44.72,-22.493],[-44.724,-22.476],[-44.718,-22.471],[-44.719,-22.463],[-44.731,-22.441],[-44.733,-22.434],[-44.741,-22.425],[-44.755,-22.415],[-44.77,-22.416],[-44.779,-22.409],[-44.795,-22.409],[-44.805,-22.404],[-44.809,-22.406],[-44.808,-22.414],[-44.824,-22.419],[-44.835,-22.431],[-44.844,-22.428],[-44.855,-22.428],[-44.86,-22.423],[-44.873,-22.425],[-44.875,-22.429],[-44.89,-22.432],[-44.898,-22.449],[-44.918,-22.455],[-44.931,-22.452],[-44.94,-22.453],[-44.952,-22.463],[-44.96,-22.467],[-44.966,-22.475],[-44.97,-22.472],[-44.991,-22.466],[-45.0,-22.469],[-45.01,-22.466],[-45.027,-22.469],[-45.028,-22.463],[-45.041,-22.469],[-45.055,-22.471],[-45.066,-22.477],[-45.072,-22.477],[-45.08,-22.485],[-45.091,-22.483],[-45.103,-22.49],[-45.124,-22.497],[-45.129,-22.497],[-45.16,-22.517],[-45.167,-22.531],[-45.164,-22.538],[-45.177,-22.547],[-45.204,-22.557],[-45.215,-22.564],[-45.221,-22.563],[-45.241,-22.576],[-45.255,-22.582],[-45.263,-22.609],[-45.269,-22.611],[-45.276,-22.617],[-45.294,-22.614],[-45.301,-22.616],[-45.317,-22.614],[-45.333,-22.618],[-45.336,-22.623],[-45.347,-22.626],[-45.361,-22.639],[-45.369,-22.637],[-45.381,-22.642],[-45.384,-22.647],[-45.4,-22.654],[-45.41,-22.652],[-45.412,-22.641],[-45.409,-22.634],[-45.413,-22.622],[-45.42,-22.621],[-45.435,-22.618],[-45.438,-22.612],[-45.452,-22.606],[-45.474,-22.589],[-45.48,-22.59],[-45.475,-22.599],[-45.489,-22.629],[-45.501,-22.626],[-45.517,-22.641],[-45.525,-22.647],[-45.533,-22.647],[-45.545,-22.651],[-45.575,-22.657],[-45.58,-22.653],[-45.582,-22.645],[-45.573,-22.641],[-45.56,-22.628],[-45.555,-22.626],[-45.564,-22.613],[-45.573,-22.609],[-45.577,-22.602],[-45.589,-22.612],[-45.59,-22.619],[-45.601,-22.619],[-45.609,-22.624],[-45.618,-22.638],[-45.648,-22.648],[-45.666,-22.651],[-45.681,-22.636],[-45.666,-22.613],[-45.664,-22.6],[-45.66,-22.599],[-45.663,-22.587],[-45.663,-22.577],[-45.679,-22.573],[-45.695,-22.586],[-45.714,-22.579],[-45.727,-22.587],[-45.728,-22.594],[-45.735,-22.597],[-45.737,-22.61],[-45.73,-22.619],[-45.718,-22.621],[-45.709,-22.64],[-45.7,-22.642],[-45.698,-22.65],[-45.709,-22.659],[-45.718,-22.662],[-45.732,-22.657],[-45.743,-22.659],[-45.761,-22.677],[-45.779,-22.684],[-45.788,-22.693],[-45.793,-22.693],[-45.812,-22.699],[-45.818,-22.711],[-45.82,-22.723],[-45.815,-22.73],[-45.805,-22.737],[-45.796,-22.739],[-45.782,-22.732],[-45.757,-22.721],[-45.747,-22.723],[-45.733,-22.722],[-45.724,-22.734],[-45.713,-22.757],[-45.712,-22.77],[-45.717,-22.78],[-45.729,-22.785],[-45.73,-22.799],[-45.726,-22.8],[-45.714,-22.815],[-45.724,-22.816],[-45.73,-22.81],[-45.742,-22.808],[-45.743,-22.795],[-45.755,-22.793],[-45.759,-22.801],[-45.771,-22.806],[-45.768,-22.836],[-45.77,-22.847],[-45.782,-22.855],[-45.791,-22.859],[-45.801,-22.848],[-45.803,-22.834],[-45.823,-22.83],[-45.826,-22.834],[-45.837,-22.832],[-45.848,-22.838],[-45.85,-22.847],[-45.857,-22.851],[-45.857,-22.859],[-45.865,-22.869],[-45.871,-22.872],[-45.88,-22.875],[-45.887,-22.872],[-45.894,-22.849],[-45.891,-22.846],[-45.909,-22.83],[-45.905,-22.82],[-45.912,-22.816],[-45.924,-22.826],[-45.924,-22.832],[-45.939,-22.847],[-45.947,-22.846],[-45.956,-22.85],[-45.974,-22.863],[-45.975,-22.868],[-45.993,-22.87],[-45.99,-22.876],[-46.0,-22.879],[-46.008,-22.89],[-46.028,-22.885],[-46.037,-22.888],[-46.051,-22.897],[-46.064,-22.892],[-46.072,-22.894],[-46.084,-22.892],[-46.095,-22.894],[-46.103,-22.902],[-46.124,-22.91],[-46.139,-22.923],[-46.15,-22.91],[-46.138,-22.895],[-46.138,-22.885],[-46.142,-22.881],[-46.141,-22.868],[-46.147,-22.858],[-46.158,-22.863],[-46.182,-22.867],[-46.192,-22.865],[-46.215,-22.877],[-46.235,-22.883],[-46.237,-22.893],[-46.248,-22.889],[-46.257,-22.891],[-46.263,-22.878],[-46.267,-22.876],[-46.279,-22.878],[-46.295,-22.898],[-46.316,-22.887],[-46.339,-22.898],[-46.345,-22.905],[-46.356,-22.9],[-46.364,-22.894],[-46.376,-22.877],[-46.381,-22.864],[-46.373,-22.862],[-46.374,-22.844],[-46.371,-22.835],[-46.377,-22.828],[-46.374,-22.82],[-46.362,-22.789],[-46.343,-22.777],[-46.341,-22.769],[-46.333,-22.766],[-46.334,-22.76],[-46.355,-22.757],[-46.359,-22.761],[-46.373,-22.747],[-46.388,-22.74],[-46.393,-22.743],[-46.426,-22.736],[-46.437,-22.732],[-46.44,-22.727],[-46.453,-22.728],[-46.457,-22.707],[-46.469,-22.701],[-46.473,-22.705],[-46.479,-22.698],[-46.47,-22.694],[-46.479,-22.686],[-46.481,-22.68],[-46.469,-22.673],[-46.442,-22.669],[-46.428,-22.661],[-46.418,-22.665],[-46.413,-22.66],[-46.406,-22.663],[-46.402,-22.671],[-46.393,-22.663],[-46.392,-22.655],[-46.396,-22.646],[-46.406,-22.641],[-46.421,-22.638],[-46.425,-22.634],[-46.423,-22.625],[-46.406,-22.622],[-46.413,-22.607],[-46.424,-22.599],[-46.412,-22.585],[-46.427,-22.584],[-46.433,-22.571],[-46.415,-22.558],[-46.406,-22.541],[-46.412,-22.537],[-46.418,-22.547],[-46.426,-22.548],[-46.439,-22.541],[-46.44,-22.535],[-46.447,-22.532],[-46.456,-22.522],[-46.467,-22.518],[-46.485,-22.519],[-46.491,-22.51],[-46.507,-22.515],[-46.507,-22.507],[-46.542,-22.494],[-46.536,-22.488],[-46.531,-22.471],[-46.543,-22.468],[-46.55,-22.47],[-46.552,-22.46],[-46.549,-22.455],[-46.555,-22.447],[-46.574,-22.446],[-46.585,-22.439],[-46.606,-22.442],[-46.616,-22.439],[-46.632,-22.436],[-46.64,-22.426],[-46.646,-22.429],[-46.666,-22.415],[-46.668,-22.406],[-46.663,-22.392],[-46.666,-22.382],[-46.661,-22.366],[-46.675,-22.369],[-46.688,-22.349],[-46.697,-22.338],[-46.701,-22.322],[-46.715,-22.316],[-46.723,-22.307],[-46.713,-22.305],[-46.705,-22.296],[-46.711,-22.285],[-46.703,-22.28],[-46.711,-22.27],[-46.707,-22.258],[-46.694,-22.247],[-46.693,-22.238],[-46.678,-22.222],[-46.68,-22.216],[-46.68,-22.208],[-46.671,-22.184],[-46.672,-22.178],[-46.663,-22.18],[-46.653,-22.178],[-46.646,-22.181],[-46.64,-22.166],[-46.641,-22.158],[-46.628,-22.156],[-46.613,-22.15],[-46.604,-22.132],[-46.616,-22.131],[-46.624,-22.108],[-46.633,-22.108],[-46.647,-22.092],[-46.675,-22.096],[-46.681,-22.091],[-46.689,-22.093],[-46.695,-22.09],[-46.7,-22.095],[-46.715,-22.091],[-46.719,-22.083],[-46.723,-22.076],[-46.716,-22.074],[-46.706,-22.079],[-46.696,-22.073],[-46.684,-22.074],[-46.665,-22.069],[-46.663,-22.06],[-46.676,-22.055],[-46.685,-22.037],[-46.684,-22.03],[-46.676,-22.022],[-46.662,-22.024],[-46.655,-22.018],[-46.65,-22.009],[-46.64,-22.009],[-46.628,-22.015],[-46.618,-22.017],[-46.613,-22.015],[-46.612,-22.005],[-46.618,-21.995],[-46.622,-21.995],[-46.631,-21.981],[-46.643,-21.977],[-46.651,-21.962],[-46.653,-21.944],[-46.668,-21.931],[-46.665,-21.923],[-46.674,-21.911],[-46.664,-21.898],[-46.653,-21.896],[-46.648,-21.881],[-46.658,-21.875],[-46.656,-21.87],[-46.661,-21.862],[-46.666,-21.848],[-46.676,-21.851],[-46.691,-21.838]]],[[[-45.29,-23.869],[-45.289,-23.857],[-45.281,-23.844],[-45.27,-23.837],[-45.245,-23.837],[-45.239,-23.843],[-45.233,-23.836],[-45.248,-23.824],[-45.24,-23.821],[-45.242,-23.811],[-45.236,-23.8],[-45.233,-23.785],[-45.234,-23.774],[-45.242,-23.764],[-45.258,-23.762],[-45.256,-23.75],[-45.263,-23.741],[-45.283,-23.734],[-45.308,-23.732],[-45.319,-23.723],[-45.328,-23.722],[-45.34,-23.727],[-45.343,-23.737],[-45.349,-23.742],[-45.348,-23.748],[-45.351,-23.758],[-45.349,-23.765],[-45.359,-23.778],[-45.364,-23.787],[-45.366,-23.809],[-45.373,-23.819],[-45.383,-23.824],[-45.402,-23.842],[-45.413,-23.848],[-45.418,-23.859],[-45.432,-23.862],[-45.435,-23.87],[-45.441,-23.872],[-45.452,-23.885],[-45.46,-23.89],[-45.46,-23.916],[-45.451,-23.922],[-45.444,-23.934],[-45.432,-23.939],[-45.408,-23.939],[-45.398,-23.933],[-45.381,-23.93],[-45.374,-23.931],[-45.357,-23.928],[-45.347,-23.916],[-45.338,-23.92],[-45.326,-23.912],[-45.321,-23.916],[-45.303,-23.909],[-45.291,-23.911],[-45.288,-23.919],[-45.281,-23.927],[-45.282,-23.936],[-45.287,-23.941],[-45.28,-23.953],[-45.269,-23.965],[-45.251,-23.968],[-45.239,-23.961],[-45.233,-23.948],[-45.237,-23.935],[-45.233,-23.929],[-45.238,-23.923],[-45.238,-23.909],[-45.227,-23.908],[-45.241,-23.894],[-45.248,-23.903],[-45.261,-23.893],[-45.272,-23.893],[-45.274,-23.886],[-45.272,-23.873],[-45.289,-23.874],[-45.29,-23.869]]],[[[-45.017,-23.739],[-45.024,-23.747],[-45.017,-23.751],[-45.015,-23.761],[-45.008,-23.755],[-45.008,-23.747],[-45.017,-23.739]]],[[[-45.139,-23.79],[-45.153,-23.794],[-45.158,-23.803],[-45.144,-23.817],[-45.133,-23.809],[-45.117,-23.811],[-45.116,-23.803],[-45.137,-23.798],[-45.139,-23.79]]],[[[-45.775,-23.859],[-45.784,-23.86],[-45.787,-23.869],[-45.777,-23.868],[-45.775,-23.859]]],[[[-45.156,-23.56],[-45.163,-23.568],[-45.157,-23.572],[-45.151,-23.564],[-45.156,-23.56]]],[[[-45.079,-23.527],[-45.083,-23.539],[-45.079,-23.546],[-45.081,-23.556],[-45.065,-23.555],[-45.057,-23.546],[-45.05,-23.546],[-45.041,-23.541],[-45.039,-23.534],[-45.059,-23.527],[-45.064,-23.539],[-45.078,-23.536],[-45.079,-23.527]]]]},"properties":{"uf":"SP","code":35}},{"type":"Feature","geometry":{"type":"MultiPolygon","coordinates":[[[[-49.13,-24.682],[-49.135,-24.676],[-49.148,-24.675],[-49.158,-24.672],[-49.17,-24.676],[-49.175,-24.672],[-49.186,-24.673],[-49.195,-24.683],[-49.206,-24.687],[-49.204,-24.696],[-49.208,-24.701],[-49.215,-24.702],[-49.228,-24.698],[-49.259,-24.696],[-49.278,-24.693],[-49.294,-24.676],[-49.304,-24.673],[-49.312,-24.663],[-49.3,-24.655],[-49.306,-24.643],[-49.313,-24.638],[-49.314,-24.632],[-49.307,-24.622],[-49.315,-24.614],[-49.311,-24.603],[-49.304,-24.597],[-49.315,-24.59],[-49.311,-24.581],[-49.316,-24.555],[-49.307,-24.549],[-49.293,-24.553],[-49.292,-24.544],[-49.28,-24.536],[-49.288,-24.527],[-49.286,-24.518],[-49.295,-24.506],[-49.296,-24.5],[-49.284,-24.495],[-49.273,-24.493],[-49.27,-24.481],[-49.264,-24.474],[-49.245,-24.465],[-49.246,-24.458],[-49.254,-24.456],[-49.251,-24.445],[-49.252,-24.434],[-49.241,-24.422],[-49.236,-24.411],[-49.238,-24.404],[-49.254,-24.405],[-49.248,-24.393],[-49.239,-24.384],[-49.224,-24.363],[-49.214,-24.354],[-49.201,-24.345],[-49.206,-24.338],[-49.224,-24.34],[-49.231,-24.33],[-49.245,-24.332],[-49.251,-24.329],[-49.254,-24.318],[-49.27,-24.307],[-49.287,-24.303],[-49.291,-24.291],[-49.301,-24.276],[-49.299,-24.268],[-49.305,-24.251],[-49.313,-24.243],[-49.32,-24.244],[-49.323,-24.236],[-49.351,-24.221],[-49.356,-24.209],[-49.343,-24.204],[-49.346,-24.191],[-49.34,-24.175],[-49.34,-24.157],[-49.333,-24.152],[-49.337,-24.138],[-49.357,-24.13],[-49.363,-24.127],[-49.371,-24.114],[-49.378,-24.118],[-49.392,-24.115],[-49.409,-24.107],[-49.405,-24.096],[-49.425,-24.09],[-49.432,-24.086],[-49.43,-24.069],[-49.44,-24.067],[-49.438,-24.059],[-49.45,-24.056],[-49.458,-24.049],[-49.463,-24.038],[-49.463,-24.027],[-49.474,-24.02],[-49.487,-24.025],[-49.49,-24.019],[-49.481,-24.009],[-49.492,-23.993],[-49.498,-23.993],[-49.494,-23.978],[-49.501,-23.97],[-49.507,-23.967],[-49.5,-23.958],[-49.503,-23.948],[-49.521,-23.946],[-49.524,-23.936],[-49.509,-23.936],[-49.512,-23.926],[-49.522,-23.917],[-49.531,-23.929],[-49.536,-23.928],[-49.544,-23.924],[-49.557,-23.921],[-49.554,-23.915],[-49.563,-23.912],[-49.569,-23.899],[-49.578,-23.896],[-49.576,-23.883],[-49.587,-23.889],[-49.594,-23.873],[-49.602,-23.868],[-49.599,-23.86],[-49.609,-23.854],[-49.596,-23.846],[-49.608,-23.839],[-49.594,-23.833],[-49.59,-23.828],[-49.573,-23.827],[-49.564,-23.82],[-49.56,-23.812],[-49.563,-23.802],[-49.56,-23.794],[-49.565,-23.785],[-49.566,-23.772],[-49.561,-23.761],[-49.567,-23.737],[-49.562,-23.732],[-49.551,-23.739],[-49.549,-23.732],[-49.555,-23.725],[-49.553,-23.711],[-49.549,-23.704],[-49.563,-23.688],[-49.576,-23.68],[-49.575,-23.676],[-49.58,-23.678],[-49.585,-23.659],[-49.602,-23.652],[-49.603,-23.643],[-49.616,-23.641],[-49.608,-23.632],[-49.614,-23.623],[-49.614,-23.613],[-49.621,-23.611],[-49.619,-23.594],[-49.603,-23.584],[-49.601,-23.575],[-49.608,-23.567],[-49.599,-23.553],[-49.606,-23.542],[-49.6,-23.536],[-49.624,-23.523],[-49.629,-23.512],[-49.618,-23.502],[-49.621,-23.493],[-49.613,-23.483],[-49.613,-23.473],[-49.603,-23.478],[-49.601,-23.461],[-49.598,-23.458],[-49.603,-23.451],[-49.596,-23.44],[-49.589,-23.436],[-49.578,-23.438],[-49.582,-23.429],[-49.58,-23.415],[-49.59,-23.416],[-49.593,-23.407],[-49.602,-23.409],[-49.607,-23.393],[-49.621,-23.397],[-49.621,-23.389],[-49.605,-23.384],[-49.591,-23.388],[-49.596,-23.376],[-49.595,-23.367],[-49.612,-23.355],[-49.633,-23.356],[-49.638,-23.349],[-49.638,-23.343],[-49.628,-23.342],[-49.622,-23.332],[-49.624,-23.317],[-49.629,-23.311],[-49.631,-23.299],[-49.626,-23.287],[-49.627,-23.282],[-49.635,-23.271],[-49.64,-23.256],[-49.647,-23.252],[-49.645,-23.239],[-49.652,-23.237],[-49.655,-23.228],[-49.654,-23.212],[-49.661,-23.202],[-49.663,-23.194],[-49.678,-23.175],[-49.678,-23.165],[-49.695,-23.166],[-49.706,-23.155],[-49.715,-23.154],[-49.717,-23.148],[-49.728,-23.143],[-49.735,-23.133],[-49.73,-23.126],[-49.726,-23.109],[-49.74,-23.099],[-49.751,-23.098],[-49.763,-23.106],[-49.779,-23.101],[-49.789,-23.103],[-49.8,-23.093],[-49.809,-23.089],[-49.814,-23.079],[-49.819,-23.077],[-49.827,-23.075],[-49.834,-23.066],[-49.851,-23.073],[-49.867,-23.072],[-49.873,-23.069],[-49.878,-23.061],[-49.887,-23.065],[-49.899,-23.054],[-49.912,-23.051],[-49.916,-23.036],[-49.909,-23.014],[-49.9,-23.005],[-49.902,-22.999],[-49.914,-22.99],[-49.921,-22.99],[-49.933,-22.983],[-49.94,-22.983],[-49.955,-22.978],[-49.969,-22.965],[-49.972,-22.959],[-49.974,-22.954],[-49.966,-22.946],[-49.961,-22.931],[-49.966,-22.914],[-49.975,-22.904],[-49.986,-22.898],[-49.996,-22.898],[-49.998,-22.904],[-49.992,-22.917],[-49.99,-22.925],[-49.995,-22.93],[-50.006,-22.927],[-50.015,-22.911],[-50.037,-22.908],[-50.044,-22.903],[-50.053,-22.905],[-50.062,-22.924],[-50.072,-22.928],[-50.081,-22.922],[-50.093,-22.922],[-50.115,-22.94],[-50.133,-22.94],[-50.153,-22.936],[-50.165,-22.946],[-50.185,-22.954],[-50.195,-22.952],[-50.204,-22.953],[-50.213,-22.948],[-50.227,-22.953],[-50.237,-22.954],[-50.243,-22.951],[-50.248,-22.938],[-50.276,-22.932],[-50.284,-22.937],[-50.302,-22.939],[-50.306,-22.946],[-50.323,-22.951],[-50.34,-22.948],[-50.345,-22.935],[-50.36,-22.922],[-50.359,-22.916],[-50.379,-22.905],[-50.398,-22.907],[-50.416,-22.913],[-50.42,-22.918],[-50.418,-22.931],[-50.426,-22.944],[-50.433,-22.946],[-50.448,-22.942],[-50.459,-22.945],[-50.483,-22.937],[-50.493,-22.938],[-50.5,-22.944],[-50.511,-22.945],[-50.527,-22.935],[-50.53,-22.919],[-50.541,-22.912],[-50.554,-22.912],[-50.567,-22.906],[-50.577,-22.904],[-50.589,-22.91],[-50.604,-22.923],[-50.613,-22.922],[-50.62,-22.912],[-50.637,-22.907],[-50.648,-22.897],[-50.663,-22.896],[-50.673,-22.898],[-50.682,-22.906],[-50.694,-22.924],[-50.71,-22.953],[-50.73,-22.962],[-50.745,-22.96],[-50.75,-22.951],[-50.759,-22.948],[-50.78,-22.947],[-50.796,-22.951],[-50.806,-22.94],[-50.8,-22.928],[-50.793,-22.905],[-50.793,-22.894],[-50.798,-22.889],[-50.817,-22.88],[-50.824,-22.866],[-50.833,-22.859],[-50.838,-22.84],[-50.842,-22.831],[-50.855,-22.82],[-50.876,-22.806],[-50.889,-22.797],[-50.895,-22.794],[-50.928,-22.798],[-50.937,-22.805],[-50.946,-22.804],[-50.962,-22.786],[-50.979,-22.783],[-50.997,-22.793],[-51.004,-22.794],[-51.011,-22.792],[-51.045,-22.774],[-51.058,-22.766],[-51.075,-22.766],[-51.09,-22.763],[-51.103,-22.763],[-51.128,-22.76],[-51.15,-22.755],[-51.164,-22.749],[-51.176,-22.739],[-51.187,-22.73],[-51.205,-22.727],[-51.214,-22.724],[-51.228,-22.716],[-51.238,-22.706],[-51.243,-22.69],[-51.259,-22.672],[-51.265,-22.668],[-51.281,-22.666],[-51.298,-22.674],[-51.312,-22.674],[-51.333,-22.667],[-51.353,-22.663],[-51.374,-22.658],[-51.385,-22.665],[-51.402,-22.668],[-51.41,-22.665],[-51.425,-22.654],[-51.446,-22.653],[-51.453,-22.656],[-51.466,-22.672],[-51.475,-22.679],[-51.499,-22.691],[-51.512,-22.692],[-51.517,-22.69],[-51.526,-22.687],[-51.544,-22.689],[-51.56,-22.697],[-51.577,-22.689],[-51.589,-22.686],[-51.611,-22.666],[-51.628,-22.658],[-51.63,-22.658],[-51.646,-22.656],[-51.672,-22.659],[-51.688,-22.663],[-51.699,-22.669],[-51.718,-22.669],[-51.726,-22.662],[-51.733,-22.629],[-51.737,-22.624],[-51.747,-22.624],[-51.752,-22.618],[-51.772,-22.614],[-51.786,-22.619],[-51.818,-22.623],[-51.826,-22.627],[-51.839,-22.628],[-51.847,-22.632],[-51.856,-22.632],[-51.866,-22.631],[-51.879,-22.624],[-51.89,-22.613],[-51.901,-22.602],[-51.917,-22.586],[-51.941,-22.567],[-51.961,-22.564],[-51.991,-22.551],[-51.997,-22.546],[-52.013,-22.542],[-52.028,-22.54],[-52.033,-22.539],[-52.052,-22.539],[-52.069,-22.533],[-52.09,-22.521],[-52.109,-22.516],[-52.128,-22.52],[-52.136,-22.527],[-52.149,-22.549],[-52.152,-22.569],[-52.161,-22.59],[-52.162,-22.611],[-52.157,-22.629],[-52.157,-22.645],[-52.167,-22.65],[-52.183,-22.655],[-52.201,-22.661],[-52.214,-22.672],[-52.223,-22.675],[-52.228,-22.665],[-52.228,-22.642],[-52.231,-22.634],[-52.24,-22.62],[-52.25,-22.615],[-52.279,-22.62],[-52.29,-22.628],[-52.3,-22.635],[-52.313,-22.637],[-52.327,-22.633],[-52.38,-22.627],[-52.421,-22.611],[-52.433,-22.607],[-52.446,-22.608],[-52.468,-22.616],[-52.479,-22.624],[-52.499,-22.634],[-52.507,-22.634],[-52.521,-22.622],[-52.538,-22.616],[-52.545,-22.612],[-52.554,-22.601],[-52.563,-22.593],[-52.572,-22.583],[-52.576,-22.572],[-52.589,-22.566],[-52.611,-22.575],[-52.63,-22.59],[-52.644,-22.598],[-52.663,-22.612],[-52.697,-22.627],[-52.718,-22.628],[-52.727,-22.625],[-52.75,-22.612],[-52.764,-22.609],[-52.783,-22.602],[-52.815,-22.597],[-52.845,-22.609],[-52.858,-22.608],[-52.905,-22.572],[-52.925,-22.566],[-52.972,-22.57],[-52.985,-22.576],[-53.012,-22.599],[-53.031,-22.608],[-53.038,-22.618],[-53.056,-22.633],[-53.075,-22.641],[-53.088,-22.658],[-53.092,-22.645],[-53.101,-22.626],[-53.105,-22.622],[-53.128,-22.652],[-53.148,-22.678],[-53.166,-22.694],[-53.185,-22.719],[-53.194,-22.725],[-53.207,-22.731],[-53.223,-22.731],[-53.24,-22.733],[-53.289,-22.75],[-53.327,-22.765],[-53.352,-22.776],[-53.364,-22.784],[-53.372,-22.799],[-53.38,-22.804],[-53.399,-22.807],[-53.41,-22.814],[-53.419,-22.825],[-53.43,-22.833],[-53.451,-22.842],[-53.485,-22.864],[-53.524,-22.88],[-53.531,-22.881],[-53.547,-22.89],[-53.559,-22.906],[-53.561,-22.916],[-53.571,-22.928],[-53.589,-22.936],[-53.607,-22.951],[-53.617,-22.974],[-53.634,-22.998],[-53.634,-23.003],[-53.63,-23.014],[-53.631,-23.023],[-53.632,-23.07],[-53.636,-23.106],[-53.637,-23.125],[-53.655,-23.144],[-53.66,-23.154],[-53.659,-23.163],[-53.669,-23.184],[-53.68,-23.195],[-53.694,-23.221],[-53.699,-23.235],[-53.706,-23.263],[-53.715,-23.283],[-53.725,-23.31],[-53.741,-23.336],[-53.759,-23.354],[-53.762,-23.359],[-53.766,-23.368],[-53.776,-23.375],[-53.79,-23.38],[-53.816,-23.386],[-53.825,-23.392],[-53.856,-23.407],[-53.877,-23.42],[-53.907,-23.432],[-53.932,-23.446],[-53.941,-23.446],[-53.96,-23.443],[-53.972,-23.448],[-53.981,-23.457],[-53.987,-23.467],[-53.995,-23.49],[-54.004,-23.511],[-54.007,-23.545],[-54.013,-23.562],[-54.024,-23.586],[-54.023,-23.597],[-54.029,-23.613],[-54.031,-23.628],[-54.031,-23.646],[-54.035,-23.656],[-54.045,-23.669],[-54.051,-23.687],[-54.053,-23.702],[-54.052,-23.721],[-54.055,-23.731],[-54.066,-23.746],[-54.076,-23.765],[-54.081,-23.781],[-54.084,-23.805],[-54.086,-23.825],[-54.083,-23.831],[-54.088,-23.845],[-54.084,-23.865],[-54.079,-23.881],[-54.081,-23.891],[-54.093,-23.924],[-54.098,-23.944],[-54.102,-23.952],[-54.117,-23.971],[-54.13,-23.982],[-54.14,-23.988],[-54.154,-23.992],[-54.169,-23.999],[-54.175,-24.002],[-54.217,-24.036],[-54.227,-24.043],[-54.249,-24.056],[-54.26,-24.057],[-54.277,-24.062],[-54.286,-24.068],[-54.302,-24.09],[-54.314,-24.104],[-54.334,-24.116],[-54.34,-24.123],[-54.343,-24.133],[-54.346,-24.157],[-54.334,-24.179],[-54.328,-24.196],[-54.327,-24.209],[-54.331,-24.23],[-54.323,-24.252],[-54.298,-24.271],[-54.277,-24.291],[-54.261,-24.339],[-54.258,-24.355],[-54.262,-24.375],[-54.277,-24.403],[-54.296,-24.428],[-54.311,-24.441],[-54.327,-24.465],[-54.329,-24.485],[-54.336,-24.508],[-54.333,-24.528],[-54.324,-24.552],[-54.32,-24.568],[-54.319,-24.591],[-54.319,-24.607],[-54.325,-24.642],[-54.327,-24.66],[-54.328,-24.674],[-54.332,-24.695],[-54.342,-24.714],[-54.349,-24.723],[-54.37,-24.756],[-54.382,-24.766],[-54.39,-24.777],[-54.395,-24.811],[-54.4,-24.832],[-54.41,-24.859],[-54.43,-24.919],[-54.437,-24.941],[-54.438,-24.963],[-54.449,-25.014],[-54.457,-25.039],[-54.463,-25.055],[-54.458,-25.067],[-54.459,-25.081],[-54.462,-25.09],[-54.459,-25.102],[-54.446,-25.114],[-54.438,-25.127],[-54.425,-25.153],[-54.427,-25.166],[-54.434,-25.171],[-54.448,-25.169],[-54.462,-25.186],[-54.474,-25.212],[-54.48,-25.23],[-54.491,-25.278],[-54.502,-25.297],[-54.513,-25.311],[-54.525,-25.331],[-54.539,-25.348],[-54.555,-25.36],[-54.586,-25.397],[-54.591,-25.413],[-54.603,-25.438],[-54.613,-25.449],[-54.619,-25.451],[-54.62,-25.463],[-54.617,-25.471],[-54.604,-25.483],[-54.601,-25.506],[-54.601,-25.523],[-54.595,-25.536],[-54.595,-25.56],[-54.593,-25.592],[-54.584,-25.593],[-54.553,-25.588],[-54.536,-25.598],[-54.536,-25.621],[-54.528,-25.628],[-54.522,-25.628],[-54.512,-25.619],[-54.502,-25.614],[-54.493,-25.618],[-54.484,-25.627],[-54.47,-25.636],[-54.461,-25.645],[-54.445,-25.666],[-54.441,-25.688],[-54.435,-25.697],[-54.424,-25.693],[-54.427,-25.671],[-54.425,-25.659],[-54.419,-25.653],[-54.397,-25.64],[-54.389,-25.625],[-54.391,-25.607],[-54.389,-25.6],[-54.375,-25.594],[-54.36,-25.606],[-54.353,-25.608],[-54.346,-25.605],[-54.337,-25.593],[-54.329,-25.572],[-54.319,-25.566],[-54.306,-25.564],[-54.296,-25.558],[-54.288,-25.554],[-54.279,-25.558],[-54.266,-25.582],[-54.258,-25.594],[-54.246,-25.598],[-54.234,-25.591],[-54.237,-25.567],[-54.23,-25.563],[-54.223,-25.565],[-54.203,-25.581],[-54.186,-25.585],[-54.176,-25.584],[-54.173,-25.576],[-54.178,-25.568],[-54.203,-25.559],[-54.208,-25.555],[-54.206,-25.542],[-54.197,-25.535],[-54.187,-25.535],[-54.172,-25.542],[-54.163,-25.543],[-54.155,-25.536],[-54.144,-25.521],[-54.135,-25.512],[-54.116,-25.498],[-54.104,-25.494],[-54.095,-25.498],[-54.093,-25.509],[-54.097,-25.521],[-54.105,-25.535],[-54.12,-25.553],[-54.123,-25.568],[-54.12,-25.584],[-54.109,-25.608],[-54.102,-25.618],[-54.091,-25.617],[-54.089,-25.607],[-54.09,-25.586],[-54.084,-25.562],[-54.072,-25.56],[-54.066,-25.565],[-54.06,-25.578],[-54.052,-25.585],[-54.045,-25.585],[-54.036,-25.578],[-54.029,-25.567],[-54.02,-25.563],[-54.011,-25.567],[-54.004,-25.578],[-53.991,-25.586],[-53.98,-25.592],[-53.97,-25.601],[-53.978,-25.604],[-53.974,-25.615],[-53.967,-25.612],[-53.961,-25.629],[-53.964,-25.634],[-53.962,-25.644],[-53.952,-25.647],[-53.948,-25.64],[-53.948,-25.63],[-53.954,-25.623],[-53.948,-25.619],[-53.932,-25.623],[-53.924,-25.618],[-53.916,-25.623],[-53.922,-25.63],[-53.912,-25.636],[-53.893,-25.622],[-53.895,-25.642],[-53.885,-25.644],[-53.884,-25.649],[-53.89,-25.657],[-53.862,-25.659],[-53.855,-25.672],[-53.86,-25.678],[-53.85,-25.691],[-53.85,-25.701],[-53.879,-25.707],[-53.868,-25.72],[-53.859,-25.723],[-53.864,-25.731],[-53.867,-25.744],[-53.849,-25.741],[-53.837,-25.749],[-53.848,-25.758],[-53.853,-25.769],[-53.843,-25.771],[-53.831,-25.781],[-53.839,-25.792],[-53.827,-25.79],[-53.822,-25.799],[-53.828,-25.803],[-53.833,-25.813],[-53.838,-25.816],[-53.836,-25.825],[-53.842,-25.826],[-53.849,-25.835],[-53.843,-25.839],[-53.834,-25.85],[-53.842,-25.86],[-53.836,-25.867],[-53.824,-25.871],[-53.83,-25.878],[-53.84,-25.878],[-53.834,-25.895],[-53.82,-25.897],[-53.827,-25.91],[-53.819,-25.912],[-53.823,-25.918],[-53.82,-25.926],[-53.842,-25.932],[-53.84,-25.954],[-53.831,-25.96],[-53.837,-25.97],[-53.827,-25.977],[-53.819,-25.976],[-53.81,-25.991],[-53.793,-26.006],[-53.782,-26.008],[-53.776,-26.017],[-53.772,-26.032],[-53.763,-26.036],[-53.755,-26.034],[-53.748,-26.04],[-53.734,-26.043],[-53.731,-26.058],[-53.727,-26.065],[-53.733,-26.069],[-53.74,-26.083],[-53.738,-26.1],[-53.743,-26.108],[-53.741,-26.118],[-53.722,-26.13],[-53.71,-26.131],[-53.7,-26.153],[-53.682,-26.162],[-53.672,-26.176],[-53.657,-26.193],[-53.65,-26.195],[-53.651,-26.207],[-53.641,-26.215],[-53.654,-26.235],[-53.644,-26.241],[-53.639,-26.251],[-53.629,-26.258],[-53.621,-26.257],[-53.604,-26.26],[-53.593,-26.256],[-53.584,-26.259],[-53.582,-26.272],[-53.557,-26.287],[-53.554,-26.292],[-53.544,-26.291],[-53.523,-26.292],[-53.51,-26.3],[-53.496,-26.303],[-53.472,-26.29],[-53.465,-26.293],[-53.451,-26.29],[-53.44,-26.282],[-53.431,-26.282],[-53.431,-26.282],[-53.43,-26.282],[-53.424,-26.28],[-53.412,-26.269],[-53.403,-26.264],[-53.399,-26.254],[-53.376,-26.242],[-53.366,-26.248],[-53.35,-26.251],[-53.342,-26.249],[-53.338,-26.248],[-53.321,-26.257],[-53.304,-26.258],[-53.284,-26.246],[-53.279,-26.249],[-53.28,-26.259],[-53.268,-26.262],[-53.262,-26.277],[-53.264,-26.289],[-53.24,-26.3],[-53.236,-26.31],[-53.206,-26.329],[-53.192,-26.334],[-53.183,-26.345],[-53.169,-26.348],[-53.16,-26.351],[-53.151,-26.345],[-53.136,-26.358],[-53.127,-26.372],[-53.118,-26.377],[-53.11,-26.376],[-53.102,-26.383],[-53.093,-26.383],[-53.093,-26.392],[-53.074,-26.386],[-53.046,-26.381],[-53.028,-26.37],[-53.012,-26.363],[-52.993,-26.348],[-52.983,-26.346],[-52.98,-26.352],[-52.968,-26.354],[-52.95,-26.362],[-52.938,-26.362],[-52.926,-26.361],[-52.917,-26.356],[-52.908,-26.359],[-52.882,-26.36],[-52.866,-26.358],[-52.847,-26.344],[-52.842,-26.349],[-52.825,-26.344],[-52.796,-26.348],[-52.791,-26.352],[-52.785,-26.348],[-52.775,-26.348],[-52.763,-26.354],[-52.752,-26.345],[-52.738,-26.342],[-52.727,-26.348],[-52.717,-26.357],[-52.709,-26.355],[-52.701,-26.358],[-52.691,-26.353],[-52.68,-26.353],[-52.66,-26.374],[-52.645,-26.381],[-52.637,-26.384],[-52.631,-26.393],[-52.621,-26.395],[-52.617,-26.408],[-52.603,-26.415],[-52.596,-26.416],[-52.58,-26.408],[-52.557,-26.408],[-52.553,-26.412],[-52.532,-26.401],[-52.523,-26.4],[-52.492,-26.421],[-52.478,-26.421],[-52.469,-26.427],[-52.464,-26.44],[-52.45,-26.441],[-52.443,-26.438],[-52.433,-26.44],[-52.419,-26.437],[-52.403,-26.428],[-52.38,-26.439],[-52.368,-26.433],[-52.357,-26.44],[-52.349,-26.441],[-52.341,-26.435],[-52.338,-26.442],[-52.312,-26.439],[-52.304,-26.441],[-52.288,-26.457],[-52.277,-26.461],[-52.262,-26.454],[-52.253,-26.457],[-52.23,-26.467],[-52.224,-26.467],[-52.203,-26.459],[-52.191,-26.446],[-52.186,-26.445],[-52.167,-26.465],[-52.159,-26.466],[-52.148,-26.472],[-52.137,-26.469],[-52.13,-26.477],[-52.112,-26.475],[-52.1,-26.482],[-52.097,-26.488],[-52.098,-26.501],[-52.094,-26.513],[-52.087,-26.513],[-52.081,-26.525],[-52.065,-26.523],[-52.061,-26.53],[-52.052,-26.53],[-52.048,-26.535],[-52.034,-26.54],[-52.029,-26.547],[-52.023,-26.548],[-52.014,-26.561],[-52.009,-26.567],[-51.987,-26.566],[-51.982,-26.569],[-51.97,-26.568],[-51.96,-26.575],[-51.948,-26.57],[-51.928,-26.584],[-51.9,-26.579],[-51.891,-26.585],[-51.883,-26.585],[-51.878,-26.598],[-51.873,-26.599],[-51.86,-26.596],[-51.856,-26.591],[-51.846,-26.594],[-51.834,-26.59],[-51.824,-26.582],[-51.814,-26.578],[-51.808,-26.585],[-51.792,-26.588],[-51.784,-26.588],[-51.76,-26.581],[-51.738,-26.573],[-51.731,-26.572],[-51.711,-26.576],[-51.704,-26.581],[-51.693,-26.581],[-51.672,-26.565],[-51.658,-26.565],[-51.642,-26.577],[-51.633,-26.587],[-51.611,-26.589],[-51.597,-26.584],[-51.569,-26.59],[-51.562,-26.588],[-51.551,-26.591],[-51.536,-26.592],[-51.519,-26.588],[-51.512,-26.582],[-51.508,-26.581],[-51.495,-26.587],[-51.48,-26.606],[-51.485,-26.61],[-51.487,-26.621],[-51.469,-26.621],[-51.455,-26.641],[-51.456,-26.654],[-51.44,-26.667],[-51.435,-26.688],[-51.425,-26.694],[-51.407,-26.701],[-51.411,-26.717],[-51.4,-26.712],[-51.393,-26.699],[-51.393,-26.685],[-51.402,-26.68],[-51.401,-26.673],[-51.391,-26.663],[-51.376,-26.658],[-51.371,-26.66],[-51.347,-26.649],[-51.325,-26.649],[-51.321,-26.657],[-51.31,-26.651],[-51.294,-26.656],[-51.283,-26.654],[-51.283,-26.642],[-51.274,-26.641],[-51.263,-26.634],[-51.258,-26.625],[-51.239,-26.628],[-51.23,-26.613],[-51.237,-26.608],[-51.228,-26.596],[-51.222,-26.594],[-51.227,-26.585],[-51.225,-26.576],[-51.215,-26.571],[-51.228,-26.564],[-51.228,-26.555],[-51.241,-26.538],[-51.247,-26.538],[-51.247,-26.527],[-51.251,-26.519],[-51.257,-26.519],[-51.266,-26.512],[-51.273,-26.498],[-51.259,-26.48],[-51.253,-26.462],[-51.275,-26.459],[-51.279,-26.454],[-51.273,-26.446],[-51.293,-26.434],[-51.294,-26.425],[-51.3,-26.418],[-51.289,-26.415],[-51.292,-26.404],[-51.286,-26.398],[-51.274,-26.399],[-51.277,-26.389],[-51.27,-26.387],[-51.253,-26.376],[-51.26,-26.365],[-51.252,-26.352],[-51.257,-26.344],[-51.248,-26.33],[-51.227,-26.324],[-51.22,-26.315],[-51.214,-26.312],[-51.207,-26.296],[-51.203,-26.298],[-51.192,-26.302],[-51.181,-26.299],[-51.162,-26.29],[-51.163,-26.284],[-51.148,-26.279],[-51.143,-26.285],[-51.136,-26.28],[-51.12,-26.28],[-51.111,-26.273],[-51.102,-26.273],[-51.096,-26.262],[-51.097,-26.255],[-51.088,-26.247],[-51.086,-26.234],[-51.077,-26.231],[-51.068,-26.24],[-51.057,-26.244],[-51.019,-26.236],[-51.005,-26.231],[-50.992,-26.235],[-50.973,-26.246],[-50.971,-26.261],[-50.966,-26.267],[-50.953,-26.27],[-50.947,-26.282],[-50.935,-26.276],[-50.932,-26.268],[-50.935,-26.257],[-50.944,-26.244],[-50.941,-26.234],[-50.932,-26.235],[-50.91,-26.249],[-50.907,-26.257],[-50.906,-26.27],[-50.909,-26.284],[-50.9,-26.289],[-50.895,-26.288],[-50.882,-26.279],[-50.879,-26.27],[-50.879,-26.259],[-50.873,-26.246],[-50.861,-26.245],[-50.847,-26.266],[-50.836,-26.271],[-50.831,-26.266],[-50.828,-26.248],[-50.8,-26.231],[-50.781,-26.225],[-50.763,-26.222],[-50.748,-26.227],[-50.745,-26.235],[-50.746,-26.247],[-50.731,-26.25],[-50.716,-26.245],[-50.715,-26.234],[-50.731,-26.209],[-50.73,-26.203],[-50.703,-26.188],[-50.697,-26.182],[-50.691,-26.172],[-50.683,-26.154],[-50.669,-26.142],[-50.65,-26.133],[-50.648,-26.122],[-50.657,-26.107],[-50.656,-26.101],[-50.644,-26.09],[-50.641,-26.079],[-50.629,-26.063],[-50.62,-26.063],[-50.595,-26.07],[-50.571,-26.067],[-50.553,-26.059],[-50.549,-26.047],[-50.555,-26.042],[-50.565,-26.041],[-50.576,-26.047],[-50.586,-26.048],[-50.592,-26.04],[-50.593,-26.027],[-50.589,-26.019],[-50.57,-26.002],[-50.564,-26.003],[-50.556,-26.018],[-50.551,-26.038],[-50.53,-26.036],[-50.513,-26.026],[-50.507,-26.032],[-50.499,-26.022],[-50.494,-26.026],[-50.487,-26.024],[-50.478,-26.026],[-50.461,-26.026],[-50.444,-26.034],[-50.45,-26.041],[-50.44,-26.051],[-50.437,-26.058],[-50.429,-26.063],[-50.419,-26.061],[-50.412,-26.066],[-50.408,-26.058],[-50.384,-26.071],[-50.372,-26.079],[-50.362,-26.093],[-50.366,-26.112],[-50.352,-26.119],[-50.334,-26.135],[-50.322,-26.134],[-50.322,-26.127],[-50.326,-26.115],[-50.332,-26.109],[-50.333,-26.1],[-50.325,-26.096],[-50.332,-26.085],[-50.323,-26.081],[-50.32,-26.07],[-50.309,-26.064],[-50.299,-26.055],[-50.287,-26.056],[-50.273,-26.049],[-50.269,-26.043],[-50.255,-26.052],[-50.251,-26.05],[-50.255,-26.038],[-50.248,-26.03],[-50.236,-26.035],[-50.235,-26.047],[-50.222,-26.06],[-50.208,-26.057],[-50.19,-26.07],[-50.178,-26.079],[-50.175,-26.066],[-50.168,-26.064],[-50.154,-26.047],[-50.172,-26.04],[-50.178,-26.028],[-50.149,-26.023],[-50.14,-26.027],[-50.15,-26.052],[-50.132,-26.042],[-50.124,-26.051],[-50.116,-26.051],[-50.106,-26.057],[-50.089,-26.042],[-50.087,-26.029],[-50.079,-26.025],[-50.08,-26.039],[-50.063,-26.033],[-50.055,-26.036],[-50.039,-26.028],[-50.03,-26.028],[-50.022,-26.032],[-50.006,-26.046],[-50.002,-26.038],[-50.011,-26.026],[-50.011,-26.013],[-49.999,-26.016],[-49.993,-26.011],[-49.977,-26.014],[-49.969,-26.018],[-49.963,-26.028],[-49.967,-26.042],[-49.976,-26.05],[-49.972,-26.058],[-49.958,-26.043],[-49.948,-26.029],[-49.954,-26.02],[-49.944,-26.009],[-49.934,-26.019],[-49.94,-26.028],[-49.931,-26.03],[-49.915,-26.025],[-49.906,-26.026],[-49.898,-26.034],[-49.891,-26.029],[-49.869,-26.034],[-49.871,-26.043],[-49.864,-26.048],[-49.864,-26.055],[-49.845,-26.065],[-49.839,-26.064],[-49.828,-26.075],[-49.831,-26.083],[-49.824,-26.094],[-49.808,-26.094],[-49.803,-26.11],[-49.791,-26.113],[-49.785,-26.106],[-49.78,-26.119],[-49.774,-26.119],[-49.765,-26.114],[-49.753,-26.119],[-49.749,-26.125],[-49.748,-26.14],[-49.729,-26.142],[-49.727,-26.149],[-49.737,-26.157],[-49.727,-26.171],[-49.72,-26.166],[-49.713,-26.155],[-49.702,-26.159],[-49.691,-26.177],[-49.673,-26.19],[-49.669,-26.186],[-49.654,-26.187],[-49.651,-26.208],[-49.643,-26.21],[-49.634,-26.203],[-49.622,-26.216],[-49.613,-26.213],[-49.603,-26.215],[-49.603,-26.227],[-49.598,-26.221],[-49.583,-26.23],[-49.578,-26.214],[-49.567,-26.233],[-49.56,-26.237],[-49.55,-26.233],[-49.542,-26.214],[-49.538,-26.213],[-49.523,-26.221],[-49.502,-26.22],[-49.491,-26.214],[-49.5,-26.203],[-49.49,-26.199],[-49.487,-26.194],[-49.486,-26.185],[-49.475,-26.182],[-49.462,-26.171],[-49.461,-26.162],[-49.44,-26.164],[-49.429,-26.17],[-49.421,-26.166],[-49.418,-26.156],[-49.381,-26.157],[-49.361,-26.137],[-49.347,-26.128],[-49.335,-26.125],[-49.333,-26.119],[-49.322,-26.11],[-49.3,-26.111],[-49.294,-26.098],[-49.295,-26.089],[-49.287,-26.078],[-49.277,-26.082],[-49.268,-26.077],[-49.264,-26.067],[-49.254,-26.064],[-49.253,-26.05],[-49.243,-26.044],[-49.239,-26.034],[-49.234,-26.031],[-49.226,-26.03],[-49.208,-26.022],[-49.208,-26.017],[-49.197,-26.015],[-49.167,-26.001],[-49.158,-26.009],[-49.139,-26.014],[-49.126,-25.996],[-49.119,-26.003],[-49.106,-26.003],[-49.099,-26.01],[-49.092,-26.01],[-49.074,-26.001],[-49.069,-26.009],[-49.055,-26.021],[-49.046,-26.018],[-49.043,-26.005],[-49.029,-26.005],[-49.02,-26.016],[-48.994,-26.009],[-48.981,-25.998],[-48.979,-25.989],[-48.968,-25.987],[-48.962,-25.984],[-48.959,-25.993],[-48.95,-25.99],[-48.961,-25.981],[-48.819,-25.982],[-48.682,-25.984],[-48.677,-25.978],[-48.669,-25.979],[-48.644,-25.956],[-48.639,-25.96],[-48.64,-25.967],[-48.634,-25.969],[-48.634,-25.978],[-48.624,-25.977],[-48.614,-25.982],[-48.601,-25.981],[-48.595,-25.977],[-48.588,-25.949],[-48.576,-25.921],[-48.562,-25.894],[-48.568,-25.886],[-48.563,-25.871],[-48.565,-25.857],[-48.55,-25.852],[-48.538,-25.844],[-48.529,-25.818],[-48.532,-25.814],[-48.527,-25.802],[-48.507,-25.764],[-48.477,-25.714],[-48.451,-25.673],[-48.436,-25.649],[-48.425,-25.635],[-48.404,-25.614],[-48.386,-25.602],[-48.358,-25.586],[-48.32,-25.587],[-48.314,-25.576],[-48.301,-25.566],[-48.302,-25.559],[-48.294,-25.547],[-48.29,-25.546],[-48.277,-25.514],[-48.31,-25.493],[-48.287,-25.489],[-48.269,-25.476],[-48.252,-25.468],[-48.239,-25.465],[-48.225,-25.474],[-48.214,-25.473],[-48.212,-25.462],[-48.203,-25.44],[-48.192,-25.418],[-48.182,-25.402],[-48.162,-25.375],[-48.145,-25.355],[-48.132,-25.342],[-48.1,-25.316],[-48.096,-25.309],[-48.1,-25.303],[-48.097,-25.297],[-48.083,-25.282],[-48.056,-25.262],[-48.051,-25.252],[-48.031,-25.239],[-48.023,-25.231],[-48.03,-25.226],[-48.032,-25.218],[-48.04,-25.219],[-48.05,-25.226],[-48.062,-25.24],[-48.099,-25.241],[-48.106,-25.244],[-48.113,-25.251],[-48.126,-25.242],[-48.133,-25.24],[-48.151,-25.228],[-48.161,-25.211],[-48.172,-25.21],[-48.182,-25.205],[-48.191,-25.196],[-48.193,-25.19],[-48.178,-25.182],[-48.167,-25.165],[-48.169,-25.157],[-48.158,-25.15],[-48.182,-25.134],[-48.195,-25.107],[-48.205,-25.1],[-48.204,-25.093],[-48.212,-25.085],[-48.216,-25.077],[-48.212,-25.059],[-48.215,-25.041],[-48.209,-25.032],[-48.233,-25.018],[-48.227,-25.013],[-48.231,-25.003],[-48.24,-24.991],[-48.246,-24.989],[-48.249,-24.979],[-48.27,-24.997],[-48.268,-25.001],[-48.278,-25.016],[-48.275,-25.028],[-48.285,-25.039],[-48.29,-25.038],[-48.293,-25.024],[-48.299,-25.035],[-48.307,-25.035],[-48.307,-25.044],[-48.33,-25.07],[-48.336,-25.063],[-48.326,-25.051],[-48.324,-25.037],[-48.351,-25.037],[-48.351,-25.028],[-48.355,-25.02],[-48.365,-25.014],[-48.38,-24.996],[-48.385,-24.995],[-48.412,-24.98],[-48.417,-24.989],[-48.434,-24.991],[-48.449,-25.001],[-48.474,-25.013],[-48.481,-25.037],[-48.491,-25.053],[-48.508,-25.07],[-48.514,-25.086],[-48.52,-25.085],[-48.523,-25.094],[-48.53,-25.101],[-48.541,-25.098],[-48.556,-25.084],[-48.56,-25.075],[-48.558,-25.064],[-48.57,-25.051],[-48.58,-25.053],[-48.589,-25.02],[-48.601,-25.011],[-48.598,-25.003],[-48.589,-24.994],[-48.587,-24.986],[-48.576,-24.984],[-48.567,-24.972],[-48.568,-24.96],[-48.572,-24.954],[-48.57,-24.944],[-48.563,-24.939],[-48.572,-24.925],[-48.566,-24.917],[-48.567,-24.904],[-48.556,-24.882],[-48.549,-24.882],[-48.547,-24.874],[-48.55,-24.867],[-48.565,-24.865],[-48.568,-24.849],[-48.565,-24.834],[-48.559,-24.821],[-48.556,-24.806],[-48.549,-24.797],[-48.529,-24.786],[-48.518,-24.781],[-48.517,-24.769],[-48.512,-24.764],[-48.507,-24.751],[-48.502,-24.746],[-48.507,-24.736],[-48.513,-24.74],[-48.538,-24.726],[-48.565,-24.706],[-48.572,-24.691],[-48.587,-24.679],[-48.601,-24.669],[-48.617,-24.669],[-48.628,-24.68],[-48.638,-24.678],[-48.645,-24.683],[-48.642,-24.69],[-48.655,-24.691],[-48.661,-24.699],[-48.66,-24.707],[-48.675,-24.702],[-48.676,-24.691],[-48.672,-24.679],[-48.679,-24.671],[-48.69,-24.668],[-48.688,-24.677],[-48.693,-24.693],[-48.704,-24.68],[-48.707,-24.684],[-48.719,-24.683],[-48.73,-24.687],[-48.734,-24.684],[-48.745,-24.693],[-48.756,-24.693],[-48.753,-24.682],[-48.759,-24.68],[-48.769,-24.695],[-48.777,-24.696],[-48.788,-24.681],[-48.801,-24.675],[-48.811,-24.675],[-48.821,-24.657],[-48.827,-24.654],[-48.84,-24.665],[-48.85,-24.658],[-48.858,-24.658],[-48.854,-24.675],[-48.865,-24.667],[-48.91,-24.671],[-48.912,-24.674],[-48.931,-24.676],[-48.943,-24.672],[-48.948,-24.674],[-48.955,-24.684],[-48.961,-24.684],[-48.962,-24.674],[-48.973,-24.672],[-48.974,-24.667],[-48.989,-24.665],[-48.991,-24.655],[-49.01,-24.654],[-49.005,-24.638],[-49.021,-24.642],[-49.031,-24.634],[-49.04,-24.637],[-49.037,-24.66],[-49.045,-24.666],[-49.048,-24.676],[-49.054,-24.682],[-49.069,-24.685],[-49.075,-24.673],[-49.083,-24.672],[-49.085,-24.68],[-49.097,-24.682],[-49.1,-24.676],[-49.109,-24.677],[-49.112,-24.688],[-49.13,-24.682]]],[[[-53.654,-25.351],[-53.625,-25.346],[-53.627,-25.347],[-53.654,-25.351]]],[[[-53.378,-23.241],[-53.378,-23.241],[-53.376,-23.24],[-53.378,-23.241]]]]},"properties":{"uf":"PR","code":41}},{"type":"Feature","geometry":{"type":"MultiPolygon","coordinates":[[[[-52.443,-26.438],[-52.45,-26.441],[-52.464,-26.44],[-52.469,-26.427],[-52.478,-26.421],[-52.492,-26.421],[-52.523,-26.4],[-52.532,-26.401],[-52.553,-26.412],[-52.557,-26.408],[-52.58,-26.408],[-52.596,-26.416],[-52.603,-26.415],[-52.617,-26.408],[-52.621,-26.395],[-52.631,-26.393],[-52.637,-26.384],[-52.645,-26.381],[-52.66,-26.374],[-52.68,-26.353],[-52.691,-26.353],[-52.701,-26.358],[-52.709,-26.355],[-52.717,-26.357],[-52.727,-26.348],[-52.738,-26.342],[-52.752,-26.345],[-52.763,-26.354],[-52.775,-26.348],[-52.785,-26.348],[-52.791,-26.352],[-52.796,-26.348],[-52.825,-26.344],[-52.842,-26.349],[-52.847,-26.344],[-52.866,-26.358],[-52.882,-26.36],[-52.908,-26.359],[-52.917,-26.356],[-52.926,-26.361],[-52.938,-26.362],[-52.95,-26.362],[-52.968,-26.354],[-52.98,-26.352],[-52.983,-26.346],[-52.993,-26.348],[-53.012,-26.363],[-53.028,-26.37],[-53.046,-26.381],[-53.074,-26.386],[-53.093,-26.392],[-53.093,-26.383],[-53.102,-26.383],[-53.11,-26.376],[-53.118,-26.377],[-53.127,-26.372],[-53.136,-26.358],[-53.151,-26.345],[-53.16,-26.351],[-53.169,-26.348],[-53.183,-26.345],[-53.192,-26.334],[-53.206,-26.329],[-53.236,-26.31],[-53.24,-26.3],[-53.264,-26.289],[-53.262,-26.277],[-53.268,-26.262],[-53.28,-26.259],[-53.279,-26.249],[-53.284,-26.246],[-53.304,-26.258],[-53.321,-26.257],[-53.338,-26.248],[-53.342,-26.249],[-53.35,-26.251],[-53.366,-26.248],[-53.376,-26.242],[-53.399,-26.254],[-53.403,-26.264],[-53.412,-26.269],[-53.424,-26.28],[-53.43,-26.282],[-53.431,-26.282],[-53.44,-26.282],[-53.451,-26.29],[-53.465,-26.293],[-53.472,-26.29],[-53.496,-26.303],[-53.51,-26.3],[-53.523,-26.292],[-53.544,-26.291],[-53.554,-26.292],[-53.557,-26.287],[-53.582,-26.272],[-53.584,-26.259],[-53.593,-26.256],[-53.604,-26.26],[-53.621,-26.257],[-53.629,-26.258],[-53.639,-26.251],[-53.645,-26.273],[-53.644,-26.282],[-53.653,-26.29],[-53.663,-26.307],[-53.664,-26.314],[-53.671,-26.32],[-53.671,-26.331],[-53.686,-26.336],[-53.69,-26.346],[-53.69,-26.359],[-53.701,-26.367],[-53.697,-26.378],[-53.707,-26.395],[-53.697,-26.401],[-53.706,-26.409],[-53.699,-26.423],[-53.689,-26.429],[-53.688,-26.443],[-53.698,-26.44],[-53.705,-26.444],[-53.697,-26.455],[-53.704,-26.464],[-53.716,-26.471],[-53.7,-26.48],[-53.703,-26.49],[-53.711,-26.505],[-53.73,-26.502],[-53.727,-26.526],[-53.723,-26.528],[-53.721,-26.538],[-53.724,-26.543],[-53.733,-26.539],[-53.739,-26.548],[-53.727,-26.551],[-53.727,-26.56],[-53.711,-26.557],[-53.709,-26.563],[-53.721,-26.562],[-53.722,-26.581],[-53.731,-26.601],[-53.73,-26.608],[-53.734,-26.614],[-53.731,-26.623],[-53.74,-26.629],[-53.743,-26.644],[-53.75,-26.636],[-53.758,-26.638],[-53.757,-26.644],[-53.745,-26.648],[-53.737,-26.646],[-53.733,-26.655],[-53.723,-26.656],[-53.719,-26.667],[-53.726,-26.667],[-53.732,-26.68],[-53.717,-26.681],[-53.727,-26.692],[-53.742,-26.691],[-53.733,-26.701],[-53.735,-26.717],[-53.749,-26.719],[-53.743,-26.734],[-53.75,-26.742],[-53.74,-26.742],[-53.729,-26.739],[-53.724,-26.746],[-53.714,-26.751],[-53.719,-26.76],[-53.737,-26.767],[-53.729,-26.774],[-53.716,-26.773],[-53.715,-26.767],[-53.702,-26.768],[-53.718,-26.782],[-53.716,-26.79],[-53.709,-26.799],[-53.701,-26.797],[-53.698,-26.812],[-53.702,-26.818],[-53.698,-26.829],[-53.689,-26.84],[-53.694,-26.848],[-53.677,-26.844],[-53.671,-26.853],[-53.672,-26.862],[-53.688,-26.861],[-53.685,-26.867],[-53.696,-26.884],[-53.694,-26.889],[-53.675,-26.893],[-53.68,-26.903],[-53.679,-26.915],[-53.697,-26.927],[-53.693,-26.934],[-53.672,-26.943],[-53.676,-26.946],[-53.687,-26.943],[-53.695,-26.937],[-53.707,-26.933],[-53.71,-26.941],[-53.701,-26.954],[-53.703,-26.959],[-53.712,-26.965],[-53.727,-26.959],[-53.731,-26.974],[-53.73,-26.98],[-53.719,-26.984],[-53.724,-26.994],[-53.742,-26.991],[-53.743,-26.995],[-53.733,-27.004],[-53.741,-27.015],[-53.755,-27.005],[-53.764,-27.009],[-53.758,-27.019],[-53.75,-27.022],[-53.748,-27.032],[-53.76,-27.035],[-53.763,-27.044],[-53.78,-27.027],[-53.785,-27.03],[-53.779,-27.04],[-53.777,-27.049],[-53.77,-27.056],[-53.76,-27.061],[-53.77,-27.067],[-53.785,-27.054],[-53.797,-27.04],[-53.802,-27.041],[-53.798,-27.066],[-53.806,-27.079],[-53.801,-27.086],[-53.777,-27.103],[-53.793,-27.11],[-53.804,-27.108],[-53.813,-27.098],[-53.818,-27.105],[-53.807,-27.111],[-53.805,-27.123],[-53.824,-27.134],[-53.82,-27.139],[-53.8,-27.136],[-53.8,-27.147],[-53.813,-27.145],[-53.829,-27.146],[-53.837,-27.156],[-53.833,-27.163],[-53.837,-27.168],[-53.82,-27.176],[-53.809,-27.173],[-53.776,-27.148],[-53.765,-27.152],[-53.76,-27.162],[-53.752,-27.188],[-53.748,-27.192],[-53.731,-27.189],[-53.718,-27.183],[-53.706,-27.173],[-53.686,-27.164],[-53.675,-27.161],[-53.666,-27.163],[-53.651,-27.177],[-53.648,-27.191],[-53.651,-27.21],[-53.649,-27.218],[-53.642,-27.22],[-53.631,-27.213],[-53.618,-27.187],[-53.613,-27.186],[-53.6,-27.189],[-53.591,-27.188],[-53.571,-27.176],[-53.556,-27.173],[-53.548,-27.176],[-53.531,-27.195],[-53.518,-27.202],[-53.508,-27.204],[-53.493,-27.203],[-53.488,-27.194],[-53.49,-27.18],[-53.503,-27.166],[-53.508,-27.151],[-53.507,-27.139],[-53.503,-27.135],[-53.491,-27.132],[-53.476,-27.139],[-53.464,-27.155],[-53.455,-27.157],[-53.432,-27.146],[-53.418,-27.144],[-53.406,-27.137],[-53.399,-27.125],[-53.396,-27.113],[-53.381,-27.094],[-53.371,-27.091],[-53.365,-27.094],[-53.355,-27.111],[-53.346,-27.121],[-53.337,-27.122],[-53.317,-27.119],[-53.309,-27.121],[-53.296,-27.132],[-53.293,-27.141],[-53.296,-27.151],[-53.309,-27.182],[-53.321,-27.198],[-53.322,-27.21],[-53.321,-27.215],[-53.311,-27.219],[-53.293,-27.197],[-53.26,-27.183],[-53.245,-27.173],[-53.232,-27.171],[-53.197,-27.193],[-53.188,-27.192],[-53.182,-27.189],[-53.175,-27.172],[-53.174,-27.156],[-53.169,-27.144],[-53.159,-27.14],[-53.15,-27.144],[-53.14,-27.176],[-53.132,-27.18],[-53.113,-27.172],[-53.08,-27.164],[-53.071,-27.157],[-53.07,-27.146],[-53.072,-27.134],[-53.078,-27.121],[-53.077,-27.108],[-53.064,-27.092],[-53.048,-27.084],[-53.034,-27.082],[-53.024,-27.085],[-53.018,-27.093],[-53.02,-27.105],[-53.041,-27.125],[-53.045,-27.134],[-53.044,-27.144],[-53.038,-27.158],[-53.026,-27.159],[-53.018,-27.153],[-53.006,-27.137],[-53.0,-27.135],[-52.992,-27.14],[-52.985,-27.153],[-52.983,-27.165],[-52.985,-27.171],[-53.001,-27.187],[-53.003,-27.198],[-53,-27.207],[-52.992,-27.218],[-52.984,-27.221],[-52.971,-27.218],[-52.968,-27.213],[-52.968,-27.19],[-52.962,-27.169],[-52.957,-27.163],[-52.942,-27.166],[-52.936,-27.178],[-52.938,-27.197],[-52.929,-27.204],[-52.907,-27.201],[-52.899,-27.197],[-52.885,-27.183],[-52.867,-27.173],[-52.851,-27.17],[-52.843,-27.18],[-52.846,-27.191],[-52.846,-27.207],[-52.84,-27.211],[-52.831,-27.21],[-52.817,-27.203],[-52.801,-27.203],[-52.785,-27.206],[-52.775,-27.207],[-52.761,-27.213],[-52.758,-27.226],[-52.763,-27.238],[-52.763,-27.249],[-52.756,-27.258],[-52.749,-27.26],[-52.739,-27.254],[-52.734,-27.243],[-52.727,-27.236],[-52.714,-27.238],[-52.706,-27.256],[-52.707,-27.271],[-52.703,-27.279],[-52.691,-27.284],[-52.686,-27.281],[-52.677,-27.263],[-52.676,-27.246],[-52.668,-27.238],[-52.655,-27.241],[-52.645,-27.262],[-52.633,-27.265],[-52.618,-27.266],[-52.605,-27.261],[-52.594,-27.25],[-52.583,-27.247],[-52.566,-27.249],[-52.553,-27.239],[-52.545,-27.241],[-52.536,-27.26],[-52.527,-27.263],[-52.508,-27.264],[-52.493,-27.267],[-52.479,-27.266],[-52.476,-27.259],[-52.482,-27.247],[-52.48,-27.235],[-52.462,-27.229],[-52.448,-27.218],[-52.432,-27.218],[-52.431,-27.227],[-52.437,-27.237],[-52.442,-27.25],[-52.439,-27.264],[-52.419,-27.282],[-52.407,-27.29],[-52.398,-27.293],[-52.394,-27.284],[-52.4,-27.263],[-52.395,-27.252],[-52.386,-27.253],[-52.381,-27.264],[-52.383,-27.281],[-52.382,-27.295],[-52.378,-27.304],[-52.367,-27.305],[-52.352,-27.289],[-52.342,-27.29],[-52.329,-27.302],[-52.313,-27.309],[-52.306,-27.317],[-52.3,-27.319],[-52.292,-27.314],[-52.291,-27.305],[-52.302,-27.285],[-52.306,-27.266],[-52.299,-27.258],[-52.288,-27.258],[-52.278,-27.261],[-52.261,-27.257],[-52.255,-27.256],[-52.235,-27.264],[-52.234,-27.269],[-52.242,-27.276],[-52.26,-27.279],[-52.268,-27.283],[-52.278,-27.297],[-52.273,-27.304],[-52.248,-27.302],[-52.235,-27.311],[-52.229,-27.325],[-52.225,-27.331],[-52.209,-27.331],[-52.203,-27.323],[-52.191,-27.292],[-52.18,-27.277],[-52.172,-27.271],[-52.165,-27.272],[-52.159,-27.282],[-52.169,-27.309],[-52.161,-27.314],[-52.142,-27.306],[-52.126,-27.302],[-52.112,-27.306],[-52.106,-27.313],[-52.106,-27.323],[-52.111,-27.333],[-52.107,-27.343],[-52.097,-27.348],[-52.082,-27.34],[-52.072,-27.338],[-52.049,-27.346],[-52.038,-27.344],[-52.02,-27.332],[-52.008,-27.334],[-52.011,-27.347],[-52.023,-27.355],[-52.023,-27.362],[-52.006,-27.375],[-51.992,-27.378],[-51.983,-27.375],[-51.975,-27.372],[-51.962,-27.375],[-51.952,-27.38],[-51.949,-27.386],[-51.951,-27.395],[-51.957,-27.395],[-51.982,-27.389],[-52.001,-27.392],[-52.008,-27.402],[-51.996,-27.41],[-51.969,-27.411],[-51.951,-27.417],[-51.936,-27.429],[-51.934,-27.439],[-51.942,-27.449],[-51.962,-27.462],[-51.96,-27.473],[-51.951,-27.475],[-51.918,-27.458],[-51.904,-27.46],[-51.901,-27.464],[-51.903,-27.491],[-51.895,-27.517],[-51.881,-27.521],[-51.874,-27.513],[-51.88,-27.492],[-51.876,-27.482],[-51.868,-27.477],[-51.858,-27.475],[-51.848,-27.479],[-51.844,-27.483],[-51.846,-27.498],[-51.855,-27.518],[-51.85,-27.526],[-51.837,-27.522],[-51.831,-27.515],[-51.822,-27.513],[-51.808,-27.524],[-51.799,-27.53],[-51.786,-27.528],[-51.788,-27.515],[-51.798,-27.509],[-51.802,-27.494],[-51.794,-27.49],[-51.785,-27.491],[-51.76,-27.487],[-51.752,-27.488],[-51.738,-27.504],[-51.728,-27.513],[-51.717,-27.511],[-51.71,-27.488],[-51.701,-27.48],[-51.684,-27.48],[-51.673,-27.488],[-51.678,-27.505],[-51.665,-27.517],[-51.651,-27.52],[-51.647,-27.516],[-51.646,-27.497],[-51.643,-27.491],[-51.633,-27.489],[-51.623,-27.493],[-51.62,-27.502],[-51.631,-27.527],[-51.631,-27.541],[-51.623,-27.546],[-51.608,-27.541],[-51.599,-27.529],[-51.591,-27.523],[-51.58,-27.524],[-51.578,-27.53],[-51.581,-27.545],[-51.587,-27.563],[-51.578,-27.577],[-51.567,-27.584],[-51.561,-27.583],[-51.556,-27.575],[-51.555,-27.564],[-51.548,-27.559],[-51.537,-27.563],[-51.517,-27.558],[-51.502,-27.556],[-51.483,-27.563],[-51.478,-27.57],[-51.477,-27.579],[-51.478,-27.596],[-51.475,-27.601],[-51.457,-27.608],[-51.445,-27.619],[-51.437,-27.63],[-51.437,-27.652],[-51.432,-27.656],[-51.419,-27.655],[-51.412,-27.648],[-51.405,-27.632],[-51.389,-27.624],[-51.381,-27.625],[-51.372,-27.634],[-51.37,-27.64],[-51.378,-27.66],[-51.375,-27.667],[-51.36,-27.679],[-51.35,-27.68],[-51.34,-27.674],[-51.327,-27.671],[-51.315,-27.675],[-51.311,-27.696],[-51.302,-27.703],[-51.31,-27.713],[-51.309,-27.72],[-51.294,-27.726],[-51.282,-27.723],[-51.274,-27.726],[-51.273,-27.735],[-51.275,-27.748],[-51.272,-27.752],[-51.257,-27.754],[-51.245,-27.761],[-51.246,-27.77],[-51.24,-27.779],[-51.232,-27.778],[-51.226,-27.771],[-51.22,-27.77],[-51.209,-27.777],[-51.192,-27.776],[-51.188,-27.778],[-51.16,-27.802],[-51.154,-27.804],[-51.135,-27.804],[-51.129,-27.823],[-51.131,-27.83],[-51.121,-27.833],[-51.098,-27.827],[-51.082,-27.834],[-51.077,-27.842],[-51.079,-27.862],[-51.057,-27.866],[-51.053,-27.869],[-51.057,-27.887],[-51.058,-27.897],[-51.056,-27.904],[-51.037,-27.915],[-51.02,-27.922],[-51.016,-27.933],[-51.022,-27.945],[-51.019,-27.957],[-51.009,-27.964],[-51.002,-27.963],[-50.994,-27.946],[-50.986,-27.941],[-50.978,-27.948],[-50.974,-27.954],[-50.959,-27.96],[-50.947,-27.967],[-50.931,-27.968],[-50.924,-27.972],[-50.923,-27.98],[-50.928,-27.991],[-50.921,-28.003],[-50.923,-28.012],[-50.908,-28.015],[-50.89,-28.023],[-50.875,-28.041],[-50.875,-28.054],[-50.886,-28.072],[-50.898,-28.076],[-50.903,-28.083],[-50.899,-28.09],[-50.884,-28.09],[-50.876,-28.095],[-50.87,-28.106],[-50.869,-28.116],[-50.875,-28.131],[-50.872,-28.137],[-50.859,-28.14],[-50.837,-28.119],[-50.83,-28.118],[-50.825,-28.124],[-50.822,-28.138],[-50.818,-28.141],[-50.794,-28.139],[-50.785,-28.146],[-50.792,-28.155],[-50.792,-28.161],[-50.783,-28.176],[-50.789,-28.189],[-50.789,-28.198],[-50.778,-28.2],[-50.768,-28.189],[-50.761,-28.195],[-50.753,-28.233],[-50.754,-28.245],[-50.749,-28.248],[-50.742,-28.25],[-50.711,-28.267],[-50.699,-28.266],[-50.696,-28.27],[-50.695,-28.288],[-50.678,-28.3],[-50.665,-28.313],[-50.659,-28.326],[-50.665,-28.338],[-50.645,-28.348],[-50.629,-28.364],[-50.633,-28.379],[-50.626,-28.392],[-50.614,-28.394],[-50.605,-28.388],[-50.601,-28.382],[-50.593,-28.382],[-50.577,-28.394],[-50.569,-28.403],[-50.565,-28.413],[-50.551,-28.42],[-50.544,-28.427],[-50.531,-28.429],[-50.528,-28.423],[-50.532,-28.408],[-50.528,-28.404],[-50.514,-28.405],[-50.501,-28.413],[-50.47,-28.415],[-50.457,-28.411],[-50.449,-28.422],[-50.436,-28.431],[-50.425,-28.433],[-50.395,-28.433],[-50.39,-28.444],[-50.382,-28.447],[-50.376,-28.443],[-50.377,-28.435],[-50.368,-28.421],[-50.361,-28.42],[-50.351,-28.425],[-50.348,-28.435],[-50.352,-28.449],[-50.352,-28.457],[-50.346,-28.464],[-50.337,-28.456],[-50.34,-28.441],[-50.336,-28.437],[-50.323,-28.434],[-50.315,-28.438],[-50.301,-28.439],[-50.292,-28.451],[-50.273,-28.457],[-50.25,-28.447],[-50.264,-28.443],[-50.247,-28.428],[-50.242,-28.432],[-50.236,-28.457],[-50.223,-28.463],[-50.216,-28.46],[-50.199,-28.445],[-50.188,-28.453],[-50.178,-28.452],[-50.165,-28.471],[-50.162,-28.479],[-50.163,-28.495],[-50.154,-28.498],[-50.139,-28.493],[-50.146,-28.477],[-50.159,-28.465],[-50.16,-28.459],[-50.147,-28.457],[-50.147,-28.45],[-50.139,-28.443],[-50.129,-28.441],[-50.126,-28.429],[-50.116,-28.437],[-50.111,-28.445],[-50.114,-28.452],[-50.127,-28.465],[-50.122,-28.476],[-50.111,-28.473],[-50.097,-28.484],[-50.091,-28.476],[-50.082,-28.473],[-50.073,-28.481],[-50.069,-28.479],[-50.051,-28.476],[-50.039,-28.48],[-50.027,-28.474],[-50.024,-28.459],[-50.014,-28.451],[-50.002,-28.458],[-49.989,-28.457],[-49.989,-28.448],[-49.981,-28.441],[-49.971,-28.44],[-49.969,-28.453],[-49.952,-28.451],[-49.951,-28.467],[-49.947,-28.48],[-49.942,-28.482],[-49.929,-28.472],[-49.929,-28.467],[-49.937,-28.457],[-49.928,-28.451],[-49.919,-28.458],[-49.9,-28.465],[-49.889,-28.459],[-49.898,-28.446],[-49.893,-28.44],[-49.88,-28.447],[-49.87,-28.442],[-49.854,-28.445],[-49.861,-28.45],[-49.871,-28.451],[-49.873,-28.459],[-49.864,-28.463],[-49.863,-28.472],[-49.869,-28.481],[-49.867,-28.489],[-49.852,-28.488],[-49.839,-28.497],[-49.824,-28.479],[-49.816,-28.48],[-49.816,-28.469],[-49.809,-28.469],[-49.804,-28.484],[-49.795,-28.489],[-49.791,-28.496],[-49.782,-28.497],[-49.786,-28.488],[-49.778,-28.477],[-49.781,-28.472],[-49.764,-28.463],[-49.768,-28.477],[-49.765,-28.484],[-49.771,-28.492],[-49.766,-28.501],[-49.748,-28.494],[-49.739,-28.5],[-49.739,-28.509],[-49.727,-28.519],[-49.736,-28.524],[-49.747,-28.535],[-49.749,-28.546],[-49.746,-28.55],[-49.731,-28.551],[-49.726,-28.57],[-49.708,-28.582],[-49.712,-28.591],[-49.71,-28.604],[-49.702,-28.605],[-49.691,-28.621],[-49.703,-28.629],[-49.704,-28.63],[-49.716,-28.624],[-49.744,-28.624],[-49.757,-28.627],[-49.757,-28.616],[-49.779,-28.63],[-49.784,-28.624],[-49.783,-28.61],[-49.798,-28.618],[-49.798,-28.624],[-49.807,-28.628],[-49.809,-28.635],[-49.817,-28.638],[-49.815,-28.648],[-49.811,-28.652],[-49.825,-28.666],[-49.839,-28.666],[-49.84,-28.676],[-49.837,-28.681],[-49.838,-28.69],[-49.834,-28.693],[-49.843,-28.706],[-49.84,-28.713],[-49.85,-28.706],[-49.869,-28.701],[-49.873,-28.715],[-49.868,-28.722],[-49.883,-28.738],[-49.892,-28.739],[-49.881,-28.722],[-49.893,-28.723],[-49.905,-28.718],[-49.908,-28.714],[-49.926,-28.718],[-49.935,-28.726],[-49.931,-28.738],[-49.922,-28.745],[-49.928,-28.754],[-49.937,-28.757],[-49.946,-28.752],[-49.953,-28.758],[-49.951,-28.763],[-49.961,-28.772],[-49.962,-28.778],[-49.958,-28.799],[-49.966,-28.82],[-49.965,-28.828],[-49.958,-28.829],[-49.962,-28.854],[-49.957,-28.862],[-49.969,-28.87],[-49.967,-28.877],[-49.957,-28.87],[-49.95,-28.876],[-49.951,-28.893],[-49.952,-28.901],[-49.958,-28.902],[-49.965,-28.925],[-49.956,-28.929],[-49.96,-28.936],[-49.956,-28.949],[-49.954,-28.962],[-49.934,-28.966],[-49.931,-28.976],[-49.943,-28.982],[-49.946,-28.995],[-49.957,-29.012],[-49.966,-29.022],[-49.941,-29.021],[-49.946,-29.031],[-49.956,-29.035],[-49.961,-29.044],[-49.961,-29.051],[-49.977,-29.059],[-49.99,-29.063],[-49.994,-29.07],[-49.962,-29.065],[-49.958,-29.068],[-49.955,-29.078],[-49.956,-29.085],[-49.965,-29.082],[-49.971,-29.101],[-49.969,-29.116],[-49.992,-29.117],[-49.984,-29.137],[-49.998,-29.131],[-50.007,-29.134],[-50.005,-29.141],[-50.018,-29.163],[-50.039,-29.177],[-50.043,-29.184],[-50.054,-29.183],[-50.075,-29.188],[-50.089,-29.175],[-50.085,-29.194],[-50.09,-29.201],[-50.085,-29.205],[-50.084,-29.214],[-50.108,-29.211],[-50.124,-29.202],[-50.127,-29.198],[-50.146,-29.198],[-50.14,-29.207],[-50.14,-29.215],[-50.149,-29.221],[-50.151,-29.23],[-50.141,-29.228],[-50.141,-29.238],[-50.152,-29.243],[-50.145,-29.257],[-50.145,-29.27],[-50.149,-29.282],[-50.141,-29.287],[-50.133,-29.3],[-50.128,-29.298],[-50.13,-29.287],[-50.117,-29.292],[-50.112,-29.304],[-50.099,-29.311],[-50.092,-29.311],[-50.086,-29.318],[-50.072,-29.325],[-50.071,-29.329],[-50.056,-29.341],[-50.047,-29.34],[-50.038,-29.347],[-50.041,-29.355],[-50.034,-29.35],[-50.051,-29.329],[-50.051,-29.324],[-50.065,-29.311],[-50.077,-29.308],[-50.108,-29.28],[-50.115,-29.262],[-50.095,-29.252],[-50.089,-29.254],[-50.071,-29.248],[-50.061,-29.241],[-50.05,-29.242],[-50.036,-29.238],[-50.035,-29.233],[-50.01,-29.225],[-49.997,-29.228],[-49.969,-29.212],[-49.971,-29.205],[-49.958,-29.2],[-49.945,-29.201],[-49.933,-29.208],[-49.925,-29.206],[-49.913,-29.208],[-49.902,-29.215],[-49.87,-29.224],[-49.857,-29.233],[-49.859,-29.242],[-49.853,-29.244],[-49.855,-29.257],[-49.843,-29.259],[-49.844,-29.278],[-49.83,-29.276],[-49.816,-29.286],[-49.799,-29.288],[-49.792,-29.286],[-49.78,-29.291],[-49.777,-29.297],[-49.762,-29.3],[-49.749,-29.297],[-49.742,-29.299],[-49.739,-29.315],[-49.747,-29.324],[-49.731,-29.329],[-49.713,-29.326],[-49.71,-29.317],[-49.673,-29.27],[-49.645,-29.238],[-49.597,-29.183],[-49.575,-29.159],[-49.561,-29.144],[-49.54,-29.122],[-49.516,-29.096],[-49.471,-29.047],[-49.425,-29.001],[-49.376,-28.956],[-49.357,-28.938],[-49.321,-28.908],[-49.306,-28.894],[-49.297,-28.89],[-49.29,-28.883],[-49.246,-28.847],[-49.19,-28.805],[-49.188,-28.802],[-49.124,-28.761],[-49.08,-28.733],[-49.025,-28.701],[-49.006,-28.69],[-48.975,-28.672],[-48.903,-28.635],[-48.862,-28.617],[-48.858,-28.616],[-48.828,-28.607],[-48.82,-28.609],[-48.817,-28.592],[-48.804,-28.575],[-48.789,-28.564],[-48.782,-28.549],[-48.77,-28.538],[-48.761,-28.535],[-48.761,-28.518],[-48.753,-28.508],[-48.746,-28.505],[-48.749,-28.494],[-48.76,-28.495],[-48.766,-28.485],[-48.765,-28.46],[-48.756,-28.44],[-48.746,-28.427],[-48.747,-28.416],[-48.744,-28.396],[-48.736,-28.379],[-48.717,-28.352],[-48.706,-28.341],[-48.709,-28.323],[-48.703,-28.304],[-48.695,-28.286],[-48.675,-28.256],[-48.665,-28.247],[-48.648,-28.235],[-48.661,-28.227],[-48.667,-28.214],[-48.661,-28.193],[-48.663,-28.184],[-48.658,-28.168],[-48.652,-28.154],[-48.647,-28.151],[-48.642,-28.136],[-48.642,-28.128],[-48.634,-28.113],[-48.632,-28.085],[-48.625,-28.075],[-48.617,-28.071],[-48.609,-28.062],[-48.606,-28.052],[-48.61,-28.043],[-48.603,-28.033],[-48.605,-28.019],[-48.616,-28.023],[-48.627,-28.015],[-48.632,-28.0],[-48.628,-27.974],[-48.62,-27.963],[-48.625,-27.96],[-48.621,-27.945],[-48.604,-27.921],[-48.587,-27.904],[-48.575,-27.892],[-48.573,-27.886],[-48.586,-27.881],[-48.591,-27.885],[-48.598,-27.88],[-48.602,-27.868],[-48.601,-27.859],[-48.596,-27.851],[-48.577,-27.844],[-48.566,-27.834],[-48.558,-27.837],[-48.542,-27.828],[-48.54,-27.815],[-48.535,-27.807],[-48.534,-27.796],[-48.525,-27.785],[-48.518,-27.782],[-48.507,-27.784],[-48.508,-27.79],[-48.498,-27.795],[-48.488,-27.791],[-48.483,-27.783],[-48.488,-27.779],[-48.485,-27.771],[-48.477,-27.767],[-48.478,-27.762],[-48.488,-27.755],[-48.497,-27.756],[-48.508,-27.744],[-48.505,-27.724],[-48.496,-27.704],[-48.481,-27.69],[-48.477,-27.67],[-48.467,-27.651],[-48.444,-27.623],[-48.432,-27.615],[-48.436,-27.608],[-48.427,-27.594],[-48.418,-27.589],[-48.421,-27.574],[-48.428,-27.569],[-48.429,-27.555],[-48.419,-27.528],[-48.406,-27.507],[-48.394,-27.492],[-48.382,-27.482],[-48.374,-27.472],[-48.377,-27.465],[-48.371,-27.45],[-48.362,-27.448],[-48.359,-27.441],[-48.366,-27.433],[-48.37,-27.443],[-48.377,-27.444],[-48.389,-27.438],[-48.396,-27.431],[-48.404,-27.415],[-48.406,-27.405],[-48.412,-27.405],[-48.414,-27.395],[-48.411,-27.384],[-48.417,-27.381],[-48.483,-27.378],[-48.516,-27.4],[-48.526,-27.408],[-48.534,-27.384],[-48.53,-27.376],[-48.537,-27.357],[-48.535,-27.35],[-48.528,-27.346],[-48.526,-27.335],[-48.534,-27.333],[-48.54,-27.32],[-48.538,-27.306],[-48.544,-27.302],[-48.553,-27.314],[-48.564,-27.316],[-48.58,-27.313],[-48.585,-27.32],[-48.595,-27.316],[-48.604,-27.301],[-48.615,-27.272],[-48.615,-27.255],[-48.612,-27.232],[-48.608,-27.221],[-48.603,-27.218],[-48.598,-27.219],[-48.583,-27.21],[-48.578,-27.212],[-48.572,-27.203],[-48.553,-27.194],[-48.542,-27.183],[-48.532,-27.18],[-48.514,-27.184],[-48.503,-27.194],[-48.501,-27.206],[-48.516,-27.217],[-48.485,-27.211],[-48.477,-27.205],[-48.484,-27.199],[-48.492,-27.202],[-48.499,-27.19],[-48.5,-27.179],[-48.496,-27.166],[-48.488,-27.164],[-48.482,-27.153],[-48.488,-27.148],[-48.504,-27.144],[-48.514,-27.131],[-48.509,-27.119],[-48.507,-27.119],[-48.508,-27.11],[-48.516,-27.121],[-48.524,-27.122],[-48.526,-27.13],[-48.538,-27.142],[-48.537,-27.151],[-48.553,-27.157],[-48.558,-27.152],[-48.565,-27.155],[-48.586,-27.145],[-48.601,-27.128],[-48.609,-27.115],[-48.614,-27.101],[-48.609,-27.092],[-48.6,-27.091],[-48.592,-27.081],[-48.595,-27.069],[-48.589,-27.061],[-48.587,-27.045],[-48.58,-27.04],[-48.582,-27.03],[-48.571,-27.009],[-48.581,-27.007],[-48.583,-26.993],[-48.588,-26.997],[-48.602,-26.997],[-48.602,-27.003],[-48.614,-27.005],[-48.628,-26.993],[-48.634,-26.984],[-48.633,-26.972],[-48.628,-26.971],[-48.628,-26.96],[-48.628,-26.942],[-48.625,-26.928],[-48.63,-26.929],[-48.642,-26.919],[-48.642,-26.913],[-48.643,-26.9],[-48.636,-26.86],[-48.627,-26.833],[-48.621,-26.826],[-48.604,-26.826],[-48.599,-26.819],[-48.596,-26.802],[-48.588,-26.791],[-48.6,-26.774],[-48.604,-26.78],[-48.605,-26.789],[-48.62,-26.789],[-48.633,-26.78],[-48.641,-26.767],[-48.648,-26.763],[-48.653,-26.77],[-48.661,-26.771],[-48.668,-26.768],[-48.674,-26.759],[-48.682,-26.724],[-48.682,-26.718],[-48.679,-26.698],[-48.687,-26.688],[-48.688,-26.671],[-48.68,-26.627],[-48.676,-26.611],[-48.665,-26.581],[-48.651,-26.547],[-48.635,-26.513],[-48.61,-26.472],[-48.594,-26.452],[-48.597,-26.449],[-48.599,-26.432],[-48.597,-26.421],[-48.59,-26.402],[-48.583,-26.389],[-48.567,-26.363],[-48.562,-26.351],[-48.558,-26.336],[-48.547,-26.311],[-48.526,-26.272],[-48.504,-26.237],[-48.503,-26.226],[-48.515,-26.224],[-48.525,-26.21],[-48.528,-26.185],[-48.524,-26.173],[-48.532,-26.163],[-48.54,-26.17],[-48.547,-26.171],[-48.569,-26.168],[-48.581,-26.164],[-48.589,-26.155],[-48.598,-26.129],[-48.603,-26.1],[-48.603,-26.072],[-48.61,-26.066],[-48.61,-26.051],[-48.606,-26.02],[-48.601,-25.996],[-48.595,-25.977],[-48.601,-25.981],[-48.614,-25.982],[-48.624,-25.977],[-48.634,-25.978],[-48.634,-25.969],[-48.64,-25.967],[-48.639,-25.96],[-48.644,-25.956],[-48.669,-25.979],[-48.677,-25.978],[-48.682,-25.984],[-48.819,-25.982],[-48.961,-25.981],[-48.95,-25.99],[-48.959,-25.993],[-48.962,-25.984],[-48.968,-25.987],[-48.979,-25.989],[-48.981,-25.998],[-48.994,-26.009],[-49.02,-26.016],[-49.029,-26.005],[-49.043,-26.005],[-49.046,-26.018],[-49.055,-26.021],[-49.069,-26.009],[-49.074,-26.001],[-49.092,-26.01],[-49.099,-26.01],[-49.106,-26.003],[-49.119,-26.003],[-49.126,-25.996],[-49.139,-26.014],[-49.158,-26.009],[-49.167,-26.001],[-49.197,-26.015],[-49.208,-26.017],[-49.208,-26.022],[-49.226,-26.03],[-49.234,-26.031],[-49.239,-26.034],[-49.243,-26.044],[-49.253,-26.05],[-49.254,-26.064],[-49.264,-26.067],[-49.268,-26.077],[-49.277,-26.082],[-49.287,-26.078],[-49.295,-26.089],[-49.294,-26.098],[-49.3,-26.111],[-49.322,-26.11],[-49.333,-26.119],[-49.335,-26.125],[-49.347,-26.128],[-49.361,-26.137],[-49.381,-26.157],[-49.418,-26.156],[-49.421,-26.166],[-49.429,-26.17],[-49.44,-26.164],[-49.461,-26.162],[-49.462,-26.171],[-49.475,-26.182],[-49.486,-26.185],[-49.487,-26.194],[-49.49,-26.199],[-49.5,-26.203],[-49.491,-26.214],[-49.502,-26.22],[-49.523,-26.221],[-49.538,-26.213],[-49.542,-26.214],[-49.55,-26.233],[-49.56,-26.237],[-49.567,-26.233],[-49.578,-26.214],[-49.583,-26.23],[-49.598,-26.221],[-49.603,-26.227],[-49.603,-26.215],[-49.613,-26.213],[-49.622,-26.216],[-49.634,-26.203],[-49.643,-26.21],[-49.651,-26.208],[-49.654,-26.187],[-49.669,-26.186],[-49.673,-26.19],[-49.691,-26.177],[-49.702,-26.159],[-49.713,-26.155],[-49.72,-26.166],[-49.727,-26.171],[-49.737,-26.157],[-49.727,-26.149],[-49.729,-26.142],[-49.748,-26.14],[-49.749,-26.125],[-49.753,-26.119],[-49.765,-26.114],[-49.774,-26.119],[-49.78,-26.119],[-49.785,-26.106],[-49.791,-26.113],[-49.803,-26.11],[-49.808,-26.094],[-49.824,-26.094],[-49.831,-26.083],[-49.828,-26.075],[-49.839,-26.064],[-49.845,-26.065],[-49.864,-26.055],[-49.864,-26.048],[-49.871,-26.043],[-49.869,-26.034],[-49.891,-26.029],[-49.898,-26.034],[-49.906,-26.026],[-49.915,-26.025],[-49.931,-26.03],[-49.94,-26.028],[-49.934,-26.019],[-49.944,-26.009],[-49.954,-26.02],[-49.948,-26.029],[-49.958,-26.043],[-49.972,-26.058],[-49.976,-26.05],[-49.967,-26.042],[-49.963,-26.028],[-49.969,-26.018],[-49.977,-26.014],[-49.993,-26.011],[-49.999,-26.016],[-50.011,-26.013],[-50.011,-26.026],[-50.002,-26.038],[-50.006,-26.046],[-50.022,-26.032],[-50.03,-26.028],[-50.039,-26.028],[-50.055,-26.036],[-50.063,-26.033],[-50.08,-26.039],[-50.079,-26.025],[-50.087,-26.029],[-50.089,-26.042],[-50.106,-26.057],[-50.116,-26.051],[-50.124,-26.051],[-50.132,-26.042],[-50.15,-26.052],[-50.14,-26.027],[-50.149,-26.023],[-50.178,-26.028],[-50.172,-26.04],[-50.154,-26.047],[-50.168,-26.064],[-50.175,-26.066],[-50.178,-26.079],[-50.19,-26.07],[-50.208,-26.057],[-50.222,-26.06],[-50.235,-26.047],[-50.236,-26.035],[-50.248,-26.03],[-50.255,-26.038],[-50.251,-26.05],[-50.255,-26.052],[-50.269,-26.043],[-50.273,-26.049],[-50.287,-26.056],[-50.299,-26.055],[-50.309,-26.064],[-50.32,-26.07],[-50.323,-26.081],[-50.332,-26.085],[-50.325,-26.096],[-50.333,-26.1],[-50.332,-26.109],[-50.326,-26.115],[-50.322,-26.127],[-50.322,-26.134],[-50.334,-26.135],[-50.352,-26.119],[-50.366,-26.112],[-50.362,-26.093],[-50.372,-26.079],[-50.384,-26.071],[-50.408,-26.058],[-50.412,-26.066],[-50.419,-26.061],[-50.429,-26.063],[-50.437,-26.058],[-50.44,-26.051],[-50.45,-26.041],[-50.444,-26.034],[-50.461,-26.026],[-50.478,-26.026],[-50.487,-26.024],[-50.494,-26.026],[-50.499,-26.022],[-50.507,-26.032],[-50.513,-26.026],[-50.53,-26.036],[-50.551,-26.038],[-50.556,-26.018],[-50.564,-26.003],[-50.57,-26.002],[-50.589,-26.019],[-50.593,-26.027],[-50.592,-26.04],[-50.586,-26.048],[-50.576,-26.047],[-50.565,-26.041],[-50.555,-26.042],[-50.549,-26.047],[-50.553,-26.059],[-50.571,-26.067],[-50.595,-26.07],[-50.62,-26.063],[-50.629,-26.063],[-50.641,-26.079],[-50.644,-26.09],[-50.656,-26.101],[-50.657,-26.107],[-50.648,-26.122],[-50.65,-26.133],[-50.669,-26.142],[-50.683,-26.154],[-50.691,-26.172],[-50.697,-26.182],[-50.703,-26.188],[-50.73,-26.203],[-50.731,-26.209],[-50.715,-26.234],[-50.716,-26.245],[-50.731,-26.25],[-50.746,-26.247],[-50.745,-26.235],[-50.748,-26.227],[-50.763,-26.222],[-50.781,-26.225],[-50.8,-26.231],[-50.828,-26.248],[-50.831,-26.266],[-50.836,-26.271],[-50.847,-26.266],[-50.861,-26.245],[-50.873,-26.246],[-50.879,-26.259],[-50.879,-26.27],[-50.882,-26.279],[-50.895,-26.288],[-50.9,-26.289],[-50.909,-26.284],[-50.906,-26.27],[-50.907,-26.257],[-50.91,-26.249],[-50.932,-26.235],[-50.941,-26.234],[-50.944,-26.244],[-50.935,-26.257],[-50.932,-26.268],[-50.935,-26.276],[-50.947,-26.282],[-50.953,-26.27],[-50.966,-26.267],[-50.971,-26.261],[-50.973,-26.246],[-50.992,-26.235],[-51.005,-26.231],[-51.019,-26.236],[-51.057,-26.244],[-51.068,-26.24],[-51.077,-26.231],[-51.086,-26.234],[-51.088,-26.247],[-51.097,-26.255],[-51.096,-26.262],[-51.102,-26.273],[-51.111,-26.273],[-51.12,-26.28],[-51.136,-26.28],[-51.143,-26.285],[-51.148,-26.279],[-51.163,-26.284],[-51.162,-26.29],[-51.181,-26.299],[-51.192,-26.302],[-51.203,-26.298],[-51.207,-26.296],[-51.214,-26.312],[-51.22,-26.315],[-51.227,-26.324],[-51.248,-26.33],[-51.257,-26.344],[-51.252,-26.352],[-51.26,-26.365],[-51.253,-26.376],[-51.27,-26.387],[-51.277,-26.389],[-51.274,-26.399],[-51.286,-26.398],[-51.292,-26.404],[-51.289,-26.415],[-51.3,-26.418],[-51.294,-26.425],[-51.293,-26.434],[-51.273,-26.446],[-51.279,-26.454],[-51.275,-26.459],[-51.253,-26.462],[-51.259,-26.48],[-51.273,-26.498],[-51.266,-26.512],[-51.257,-26.519],[-51.251,-26.519],[-51.247,-26.527],[-51.247,-26.538],[-51.241,-26.538],[-51.228,-26.555],[-51.228,-26.564],[-51.215,-26.571],[-51.225,-26.576],[-51.227,-26.585],[-51.222,-26.594],[-51.228,-26.596],[-51.237,-26.608],[-51.23,-26.613],[-51.239,-26.628],[-51.258,-26.625],[-51.263,-26.634],[-51.274,-26.641],[-51.283,-26.642],[-51.283,-26.654],[-51.294,-26.656],[-51.31,-26.651],[-51.321,-26.657],[-51.325,-26.649],[-51.347,-26.649],[-51.371,-26.66],[-51.376,-26.658],[-51.391,-26.663],[-51.401,-26.673],[-51.402,-26.68],[-51.393,-26.685],[-51.393,-26.699],[-51.4,-26.712],[-51.411,-26.717],[-51.407,-26.701],[-51.425,-26.694],[-51.435,-26.688],[-51.44,-26.667],[-51.456,-26.654],[-51.455,-26.641],[-51.469,-26.621],[-51.487,-26.621],[-51.485,-26.61],[-51.48,-26.606],[-51.495,-26.587],[-51.508,-26.581],[-51.512,-26.582],[-51.519,-26.588],[-51.536,-26.592],[-51.551,-26.591],[-51.562,-26.588],[-51.569,-26.59],[-51.597,-26.584],[-51.611,-26.589],[-51.633,-26.587],[-51.642,-26.577],[-51.658,-26.565],[-51.672,-26.565],[-51.693,-26.581],[-51.704,-26.581],[-51.711,-26.576],[-51.731,-26.572],[-51.738,-26.573],[-51.76,-26.581],[-51.784,-26.588],[-51.792,-26.588],[-51.808,-26.585],[-51.814,-26.578],[-51.824,-26.582],[-51.834,-26.59],[-51.846,-26.594],[-51.856,-26.591],[-51.86,-26.596],[-51.873,-26.599],[-51.878,-26.598],[-51.883,-26.585],[-51.891,-26.585],[-51.9,-26.579],[-51.928,-26.584],[-51.948,-26.57],[-51.96,-26.575],[-51.97,-26.568],[-51.982,-26.569],[-51.987,-26.566],[-52.009,-26.567],[-52.014,-26.561],[-52.023,-26.548],[-52.029,-26.547],[-52.034,-26.54],[-52.048,-26.535],[-52.052,-26.53],[-52.061,-26.53],[-52.065,-26.523],[-52.081,-26.525],[-52.087,-26.513],[-52.094,-26.513],[-52.098,-26.501],[-52.097,-26.488],[-52.1,-26.482],[-52.112,-26.475],[-52.13,-26.477],[-52.137,-26.469],[-52.148,-26.472],[-52.159,-26.466],[-52.167,-26.465],[-52.186,-26.445],[-52.191,-26.446],[-52.203,-26.459],[-52.224,-26.467],[-52.23,-26.467],[-52.253,-26.457],[-52.262,-26.454],[-52.277,-26.461],[-52.288,-26.457],[-52.304,-26.441],[-52.312,-26.439],[-52.338,-26.442],[-52.341,-26.435],[-52.349,-26.441],[-52.357,-26.44],[-52.368,-26.433],[-52.38,-26.439],[-52.403,-26.428],[-52.419,-26.437],[-52.433,-26.44],[-52.443,-26.438]]],[[[-48.37,-27.271],[-48.377,-27.284],[-48.371,-27.284],[-48.366,-27.296],[-48.358,-27.293],[-48.359,-27.274],[-48.37,-27.271]]]]},"properties":{"uf":"SC","code":42}},{"type":"Feature","geometry":{"type":"MultiPolygon","coordinates":[[[[-53.947,-31.955],[-53.932,-31.961],[-53.919,-31.964],[-53.9,-31.978],[-53.892,-31.989],[-53.892,-31.995],[-53.879,-31.995],[-53.873,-31.999],[-53.866,-31.993],[-53.851,-32.0],[-53.854,-32.01],[-53.851,-32.027],[-53.838,-32.033],[-53.833,-32.046],[-53.833,-32.055],[-53.827,-32.06],[-53.815,-32.062],[-53.804,-32.071],[-53.769,-32.074],[-53.764,-32.08],[-53.748,-32.078],[-53.745,-32.091],[-53.733,-32.093],[-53.726,-32.098],[-53.73,-32.105],[-53.738,-32.106],[-53.744,-32.115],[-53.726,-32.14],[-53.727,-32.147],[-53.717,-32.156],[-53.724,-32.174],[-53.713,-32.178],[-53.714,-32.188],[-53.705,-32.207],[-53.695,-32.204],[-53.693,-32.214],[-53.685,-32.22],[-53.676,-32.238],[-53.679,-32.243],[-53.678,-32.259],[-53.665,-32.275],[-53.656,-32.28],[-53.657,-32.288],[-53.644,-32.295],[-53.643,-32.302],[-53.653,-32.321],[-53.643,-32.325],[-53.645,-32.332],[-53.633,-32.354],[-53.644,-32.368],[-53.644,-32.385],[-53.628,-32.389],[-53.614,-32.398],[-53.612,-32.403],[-53.616,-32.415],[-53.596,-32.433],[-53.589,-32.435],[-53.584,-32.451],[-53.567,-32.459],[-53.562,-32.467],[-53.553,-32.474],[-53.523,-32.486],[-53.5,-32.481],[-53.478,-32.484],[-53.471,-32.481],[-53.463,-32.488],[-53.466,-32.492],[-53.464,-32.503],[-53.457,-32.517],[-53.458,-32.522],[-53.45,-32.529],[-53.437,-32.548],[-53.432,-32.565],[-53.425,-32.559],[-53.417,-32.561],[-53.417,-32.568],[-53.403,-32.58],[-53.388,-32.587],[-53.38,-32.578],[-53.379,-32.572],[-53.37,-32.57],[-53.353,-32.592],[-53.346,-32.592],[-53.339,-32.585],[-53.313,-32.599],[-53.303,-32.607],[-53.297,-32.616],[-53.289,-32.621],[-53.279,-32.619],[-53.278,-32.611],[-53.269,-32.604],[-53.255,-32.602],[-53.246,-32.607],[-53.243,-32.623],[-53.237,-32.63],[-53.215,-32.639],[-53.193,-32.642],[-53.184,-32.647],[-53.176,-32.658],[-53.167,-32.649],[-53.147,-32.641],[-53.128,-32.639],[-53.108,-32.643],[-53.084,-32.657],[-53.081,-32.638],[-53.077,-32.628],[-53.063,-32.618],[-53.043,-32.614],[-53.02,-32.613],[-53.009,-32.608],[-52.997,-32.591],[-52.994,-32.575],[-52.992,-32.545],[-52.989,-32.538],[-52.983,-32.504],[-52.968,-32.49],[-52.94,-32.475],[-52.92,-32.468],[-52.892,-32.461],[-52.834,-32.454],[-52.802,-32.447],[-52.786,-32.44],[-52.766,-32.426],[-52.738,-32.399],[-52.724,-32.382],[-52.724,-32.37],[-52.75,-32.362],[-52.772,-32.353],[-52.775,-32.356],[-52.773,-32.368],[-52.79,-32.379],[-52.803,-32.36],[-52.798,-32.355],[-52.786,-32.356],[-52.791,-32.343],[-52.8,-32.352],[-52.806,-32.354],[-52.817,-32.347],[-52.821,-32.334],[-52.819,-32.327],[-52.808,-32.319],[-52.794,-32.284],[-52.797,-32.276],[-52.793,-32.268],[-52.784,-32.27],[-52.783,-32.258],[-52.778,-32.252],[-52.779,-32.237],[-52.777,-32.231],[-52.767,-32.224],[-52.755,-32.212],[-52.763,-32.209],[-52.763,-32.199],[-52.749,-32.192],[-52.738,-32.192],[-52.734,-32.187],[-52.741,-32.181],[-52.741,-32.174],[-52.733,-32.165],[-52.732,-32.16],[-52.719,-32.154],[-52.701,-32.155],[-52.681,-32.164],[-52.675,-32.164],[-52.659,-32.154],[-52.646,-32.152],[-52.634,-32.147],[-52.623,-32.146],[-52.629,-32.152],[-52.628,-32.159],[-52.648,-32.191],[-52.662,-32.226],[-52.683,-32.273],[-52.691,-32.297],[-52.692,-32.307],[-52.688,-32.319],[-52.68,-32.331],[-52.66,-32.363],[-52.639,-32.393],[-52.636,-32.401],[-52.616,-32.432],[-52.602,-32.461],[-52.586,-32.509],[-52.588,-32.538],[-52.602,-32.582],[-52.609,-32.612],[-52.621,-32.638],[-52.647,-32.682],[-52.663,-32.714],[-52.688,-32.758],[-52.71,-32.802],[-52.723,-32.834],[-52.731,-32.842],[-52.73,-32.847],[-52.741,-32.855],[-52.744,-32.864],[-52.761,-32.886],[-52.77,-32.893],[-52.791,-32.904],[-52.808,-32.911],[-52.832,-32.915],[-52.847,-32.914],[-52.867,-32.91],[-52.883,-32.904],[-52.908,-32.888],[-52.928,-32.869],[-52.949,-32.855],[-52.963,-32.842],[-52.986,-32.818],[-53.002,-32.797],[-53.004,-32.782],[-53.002,-32.765],[-53.025,-32.789],[-53.042,-32.804],[-53.053,-32.819],[-53.07,-32.834],[-53.085,-32.832],[-53.101,-32.822],[-53.124,-32.794],[-53.141,-32.807],[-53.147,-32.819],[-53.157,-32.859],[-53.159,-32.905],[-53.158,-32.929],[-53.155,-32.954],[-53.164,-32.984],[-53.174,-33.004],[-53.186,-33.02],[-53.208,-33.045],[-53.226,-33.06],[-53.241,-33.076],[-53.249,-33.093],[-53.26,-33.107],[-53.277,-33.109],[-53.314,-33.096],[-53.327,-33.083],[-53.337,-33.083],[-53.351,-33.103],[-53.358,-33.109],[-53.368,-33.123],[-53.386,-33.137],[-53.388,-33.143],[-53.403,-33.158],[-53.417,-33.161],[-53.422,-33.156],[-53.42,-33.147],[-53.428,-33.141],[-53.437,-33.162],[-53.432,-33.162],[-53.438,-33.183],[-53.445,-33.196],[-53.452,-33.221],[-53.464,-33.239],[-53.469,-33.255],[-53.468,-33.28],[-53.463,-33.294],[-53.453,-33.33],[-53.449,-33.349],[-53.441,-33.375],[-53.437,-33.393],[-53.429,-33.415],[-53.425,-33.438],[-53.429,-33.467],[-53.432,-33.47],[-53.433,-33.491],[-53.438,-33.516],[-53.452,-33.519],[-53.452,-33.533],[-53.466,-33.558],[-53.472,-33.563],[-53.48,-33.563],[-53.486,-33.555],[-53.482,-33.547],[-53.501,-33.543],[-53.511,-33.544],[-53.515,-33.554],[-53.511,-33.567],[-53.516,-33.585],[-53.513,-33.603],[-53.52,-33.615],[-53.529,-33.62],[-53.526,-33.626],[-53.528,-33.64],[-53.534,-33.651],[-53.533,-33.663],[-53.525,-33.675],[-53.53,-33.678],[-53.529,-33.688],[-53.523,-33.689],[-53.44,-33.694],[-53.436,-33.701],[-53.438,-33.713],[-53.431,-33.731],[-53.431,-33.739],[-53.422,-33.744],[-53.417,-33.748],[-53.397,-33.751],[-53.386,-33.746],[-53.37,-33.744],[-53.341,-33.722],[-53.297,-33.692],[-53.265,-33.671],[-53.239,-33.652],[-53.204,-33.624],[-53.192,-33.617],[-53.156,-33.59],[-53.112,-33.552],[-53.086,-33.531],[-53.055,-33.507],[-52.995,-33.459],[-52.961,-33.432],[-52.876,-33.364],[-52.85,-33.342],[-52.802,-33.305],[-52.777,-33.283],[-52.734,-33.241],[-52.688,-33.188],[-52.65,-33.142],[-52.624,-33.104],[-52.593,-33.05],[-52.577,-33.017],[-52.558,-32.98],[-52.537,-32.943],[-52.519,-32.912],[-52.495,-32.867],[-52.485,-32.844],[-52.464,-32.788],[-52.449,-32.735],[-52.433,-32.668],[-52.423,-32.629],[-52.416,-32.605],[-52.386,-32.526],[-52.371,-32.488],[-52.341,-32.425],[-52.322,-32.389],[-52.293,-32.338],[-52.27,-32.304],[-52.251,-32.28],[-52.234,-32.26],[-52.199,-32.227],[-52.178,-32.21],[-52.148,-32.184],[-52.125,-32.169],[-52.111,-32.163],[-52.097,-32.162],[-52.104,-32.133],[-52.105,-32.103],[-52.099,-32.083],[-52.085,-32.065],[-52.094,-32.062],[-52.103,-32.068],[-52.112,-32.084],[-52.119,-32.091],[-52.132,-32.098],[-52.149,-32.116],[-52.157,-32.114],[-52.157,-32.096],[-52.15,-32.075],[-52.139,-32.061],[-52.119,-32.053],[-52.095,-32.049],[-52.071,-32.052],[-52.077,-32.033],[-52.098,-32.029],[-52.108,-32.025],[-52.116,-32.033],[-52.139,-32.047],[-52.15,-32.048],[-52.165,-32.056],[-52.172,-32.056],[-52.203,-32.076],[-52.212,-32.076],[-52.217,-32.085],[-52.228,-32.085],[-52.24,-32.08],[-52.227,-32.069],[-52.219,-32.069],[-52.209,-32.06],[-52.194,-32.058],[-52.202,-32.039],[-52.196,-32.028],[-52.18,-32.03],[-52.157,-32.026],[-52.147,-32.021],[-52.113,-32.009],[-52.102,-32.003],[-52.097,-31.995],[-52.113,-31.978],[-52.14,-31.983],[-52.152,-31.98],[-52.164,-31.982],[-52.175,-31.979],[-52.188,-31.982],[-52.196,-31.994],[-52.194,-32.005],[-52.206,-32.01],[-52.201,-32.023],[-52.196,-32.028],[-52.202,-32.039],[-52.213,-32.035],[-52.228,-32.036],[-52.235,-32.044],[-52.253,-32.047],[-52.246,-32.028],[-52.236,-32.022],[-52.235,-32.014],[-52.242,-31.992],[-52.239,-31.985],[-52.224,-31.973],[-52.219,-31.959],[-52.207,-31.965],[-52.202,-31.962],[-52.188,-31.963],[-52.185,-31.95],[-52.176,-31.953],[-52.167,-31.943],[-52.153,-31.95],[-52.154,-31.93],[-52.145,-31.929],[-52.142,-31.938],[-52.145,-31.942],[-52.142,-31.951],[-52.115,-31.942],[-52.139,-31.918],[-52.177,-31.907],[-52.19,-31.901],[-52.206,-31.888],[-52.22,-31.873],[-52.224,-31.871],[-52.237,-31.878],[-52.229,-31.884],[-52.228,-31.891],[-52.235,-31.893],[-52.242,-31.883],[-52.248,-31.877],[-52.255,-31.865],[-52.257,-31.85],[-52.251,-31.84],[-52.239,-31.839],[-52.225,-31.847],[-52.222,-31.834],[-52.224,-31.813],[-52.217,-31.807],[-52.218,-31.795],[-52.224,-31.789],[-52.219,-31.784],[-52.223,-31.777],[-52.228,-31.76],[-52.226,-31.752],[-52.199,-31.726],[-52.163,-31.708],[-52.152,-31.699],[-52.104,-31.685],[-52.077,-31.682],[-52.057,-31.683],[-52.036,-31.696],[-52.031,-31.692],[-52.021,-31.662],[-52.013,-31.619],[-52.01,-31.614],[-52.01,-31.598],[-52.014,-31.597],[-52.011,-31.594],[-52.014,-31.582],[-52.018,-31.548],[-52.016,-31.526],[-52.01,-31.501],[-52.008,-31.493],[-52.004,-31.453],[-51.994,-31.414],[-51.987,-31.395],[-51.981,-31.384],[-51.961,-31.373],[-51.963,-31.363],[-51.96,-31.353],[-51.949,-31.339],[-51.939,-31.335],[-51.931,-31.327],[-51.931,-31.319],[-51.919,-31.311],[-51.892,-31.316],[-51.883,-31.315],[-51.875,-31.309],[-51.873,-31.3],[-51.857,-31.318],[-51.858,-31.327],[-51.85,-31.328],[-51.844,-31.323],[-51.834,-31.306],[-51.812,-31.286],[-51.802,-31.278],[-51.791,-31.273],[-51.769,-31.278],[-51.757,-31.286],[-51.752,-31.279],[-51.741,-31.282],[-51.732,-31.279],[-51.724,-31.271],[-51.707,-31.266],[-51.681,-31.27],[-51.639,-31.271],[-51.628,-31.265],[-51.635,-31.256],[-51.643,-31.226],[-51.644,-31.211],[-51.641,-31.188],[-51.629,-31.153],[-51.618,-31.14],[-51.602,-31.132],[-51.567,-31.129],[-51.554,-31.114],[-51.545,-31.112],[-51.538,-31.115],[-51.533,-31.112],[-51.505,-31.103],[-51.486,-31.101],[-51.468,-31.097],[-51.446,-31.09],[-51.466,-31.065],[-51.483,-31.031],[-51.493,-31.004],[-51.501,-30.965],[-51.501,-30.936],[-51.498,-30.918],[-51.488,-30.9],[-51.477,-30.89],[-51.449,-30.872],[-51.439,-30.871],[-51.429,-30.875],[-51.409,-30.878],[-51.39,-30.88],[-51.376,-30.877],[-51.373,-30.872],[-51.382,-30.861],[-51.391,-30.84],[-51.396,-30.82],[-51.396,-30.808],[-51.404,-30.783],[-51.404,-30.767],[-51.406,-30.757],[-51.401,-30.717],[-51.398,-30.71],[-51.389,-30.665],[-51.381,-30.643],[-51.364,-30.633],[-51.348,-30.631],[-51.335,-30.634],[-51.319,-30.646],[-51.317,-30.654],[-51.319,-30.663],[-51.317,-30.677],[-51.319,-30.682],[-51.314,-30.689],[-51.317,-30.697],[-51.315,-30.705],[-51.303,-30.722],[-51.297,-30.74],[-51.293,-30.765],[-51.3,-30.78],[-51.312,-30.789],[-51.298,-30.792],[-51.281,-30.802],[-51.294,-30.752],[-51.295,-30.731],[-51.293,-30.708],[-51.302,-30.634],[-51.303,-30.589],[-51.298,-30.559],[-51.279,-30.51],[-51.265,-30.48],[-51.259,-30.467],[-51.249,-30.458],[-51.246,-30.445],[-51.223,-30.42],[-51.198,-30.408],[-51.182,-30.408],[-51.154,-30.414],[-51.145,-30.422],[-51.142,-30.434],[-51.136,-30.437],[-51.143,-30.471],[-51.147,-30.472],[-51.155,-30.488],[-51.151,-30.497],[-51.142,-30.471],[-51.132,-30.435],[-51.127,-30.433],[-51.128,-30.422],[-51.121,-30.406],[-51.122,-30.397],[-51.106,-30.377],[-51.097,-30.375],[-51.095,-30.365],[-51.098,-30.358],[-51.109,-30.357],[-51.122,-30.361],[-51.129,-30.359],[-51.145,-30.368],[-51.15,-30.373],[-51.178,-30.386],[-51.191,-30.377],[-51.207,-30.341],[-51.211,-30.324],[-51.21,-30.301],[-51.223,-30.304],[-51.234,-30.311],[-51.239,-30.318],[-51.246,-30.319],[-51.248,-30.311],[-51.257,-30.306],[-51.279,-30.308],[-51.295,-30.303],[-51.298,-30.296],[-51.301,-30.275],[-51.298,-30.26],[-51.293,-30.255],[-51.282,-30.256],[-51.28,-30.251],[-51.295,-30.247],[-51.299,-30.241],[-51.294,-30.232],[-51.313,-30.24],[-51.326,-30.235],[-51.328,-30.227],[-51.322,-30.213],[-51.315,-30.189],[-51.324,-30.173],[-51.322,-30.151],[-51.306,-30.132],[-51.313,-30.13],[-51.314,-30.114],[-51.308,-30.091],[-51.313,-30.085],[-51.305,-30.054],[-51.301,-30.054],[-51.304,-30.027],[-51.299,-30.003],[-51.29,-30.002],[-51.289,-30.012],[-51.283,-30.022],[-51.276,-30.014],[-51.268,-30.017],[-51.272,-30.039],[-51.263,-30.04],[-51.255,-30.046],[-51.25,-30.035],[-51.234,-30.048],[-51.234,-30.058],[-51.24,-30.063],[-51.242,-30.072],[-51.248,-30.082],[-51.253,-30.097],[-51.261,-30.097],[-51.267,-30.103],[-51.262,-30.11],[-51.259,-30.123],[-51.246,-30.125],[-51.246,-30.129],[-51.234,-30.135],[-51.226,-30.144],[-51.225,-30.152],[-51.228,-30.162],[-51.228,-30.177],[-51.239,-30.19],[-51.223,-30.188],[-51.202,-30.192],[-51.194,-30.2],[-51.194,-30.214],[-51.188,-30.211],[-51.178,-30.217],[-51.179,-30.225],[-51.184,-30.233],[-51.175,-30.238],[-51.156,-30.24],[-51.152,-30.246],[-51.157,-30.261],[-51.142,-30.266],[-51.138,-30.264],[-51.133,-30.252],[-51.128,-30.248],[-51.115,-30.246],[-51.106,-30.248],[-51.096,-30.241],[-51.077,-30.243],[-51.07,-30.247],[-51.063,-30.26],[-51.069,-30.271],[-51.059,-30.277],[-51.057,-30.271],[-51.043,-30.269],[-51.031,-30.274],[-51.023,-30.284],[-51.02,-30.297],[-51.024,-30.316],[-51.032,-30.334],[-51.04,-30.343],[-51.065,-30.357],[-51.046,-30.36],[-51.041,-30.366],[-51.047,-30.381],[-51.056,-30.392],[-51.042,-30.39],[-51.039,-30.386],[-51.013,-30.39],[-50.998,-30.395],[-50.973,-30.408],[-50.946,-30.426],[-50.93,-30.436],[-50.938,-30.407],[-50.939,-30.394],[-50.939,-30.375],[-50.935,-30.356],[-50.927,-30.338],[-50.915,-30.326],[-50.893,-30.322],[-50.885,-30.324],[-50.844,-30.321],[-50.838,-30.325],[-50.819,-30.33],[-50.797,-30.338],[-50.776,-30.334],[-50.777,-30.327],[-50.789,-30.333],[-50.792,-30.33],[-50.795,-30.312],[-50.788,-30.289],[-50.782,-30.285],[-50.751,-30.297],[-50.734,-30.296],[-50.721,-30.299],[-50.704,-30.297],[-50.686,-30.298],[-50.673,-30.297],[-50.668,-30.291],[-50.656,-30.286],[-50.655,-30.282],[-50.663,-30.27],[-50.669,-30.255],[-50.664,-30.222],[-50.661,-30.215],[-50.659,-30.2],[-50.644,-30.192],[-50.621,-30.198],[-50.613,-30.2],[-50.598,-30.196],[-50.59,-30.212],[-50.575,-30.238],[-50.56,-30.252],[-50.543,-30.252],[-50.538,-30.274],[-50.544,-30.282],[-50.543,-30.3],[-50.555,-30.317],[-50.555,-30.322],[-50.546,-30.331],[-50.544,-30.342],[-50.545,-30.356],[-50.554,-30.372],[-50.566,-30.388],[-50.568,-30.396],[-50.563,-30.41],[-50.567,-30.43],[-50.565,-30.438],[-50.569,-30.458],[-50.575,-30.464],[-50.571,-30.471],[-50.574,-30.482],[-50.583,-30.49],[-50.597,-30.491],[-50.611,-30.486],[-50.64,-30.463],[-50.649,-30.454],[-50.656,-30.426],[-50.654,-30.418],[-50.633,-30.406],[-50.622,-30.412],[-50.62,-30.407],[-50.604,-30.4],[-50.593,-30.4],[-50.597,-30.391],[-50.619,-30.361],[-50.626,-30.344],[-50.626,-30.33],[-50.633,-30.332],[-50.636,-30.341],[-50.634,-30.357],[-50.631,-30.361],[-50.632,-30.375],[-50.63,-30.392],[-50.643,-30.396],[-50.653,-30.39],[-50.68,-30.369],[-50.687,-30.357],[-50.706,-30.348],[-50.709,-30.354],[-50.719,-30.353],[-50.722,-30.364],[-50.73,-30.368],[-50.725,-30.384],[-50.713,-30.401],[-50.7,-30.425],[-50.696,-30.441],[-50.686,-30.501],[-50.679,-30.609],[-50.683,-30.664],[-50.69,-30.7],[-50.69,-30.707],[-50.7,-30.733],[-50.702,-30.746],[-50.721,-30.78],[-50.741,-30.805],[-50.745,-30.812],[-50.754,-30.819],[-50.775,-30.827],[-50.791,-30.829],[-50.816,-30.841],[-50.823,-30.846],[-50.826,-30.854],[-50.846,-30.859],[-50.857,-30.865],[-50.872,-30.879],[-50.882,-30.892],[-50.905,-30.904],[-50.92,-30.906],[-50.941,-30.904],[-50.968,-30.898],[-50.951,-30.959],[-50.953,-30.982],[-50.956,-30.993],[-50.955,-31.003],[-50.965,-31.016],[-50.972,-31.033],[-50.978,-31.039],[-50.995,-31.048],[-51.024,-31.052],[-51.048,-31.062],[-51.085,-31.088],[-51.091,-31.093],[-51.104,-31.099],[-51.125,-31.098],[-51.149,-31.087],[-51.16,-31.078],[-51.166,-31.068],[-51.177,-31.08],[-51.18,-31.103],[-51.181,-31.125],[-51.179,-31.134],[-51.179,-31.145],[-51.169,-31.175],[-51.163,-31.197],[-51.158,-31.238],[-51.157,-31.264],[-51.157,-31.285],[-51.167,-31.325],[-51.179,-31.365],[-51.195,-31.398],[-51.204,-31.414],[-51.215,-31.428],[-51.225,-31.442],[-51.237,-31.457],[-51.264,-31.483],[-51.282,-31.497],[-51.311,-31.513],[-51.337,-31.523],[-51.343,-31.528],[-51.361,-31.532],[-51.383,-31.527],[-51.399,-31.52],[-51.416,-31.51],[-51.428,-31.492],[-51.441,-31.507],[-51.455,-31.529],[-51.447,-31.536],[-51.456,-31.546],[-51.461,-31.556],[-51.462,-31.567],[-51.45,-31.595],[-51.437,-31.614],[-51.47,-31.59],[-51.474,-31.579],[-51.475,-31.566],[-51.498,-31.583],[-51.53,-31.623],[-51.547,-31.651],[-51.562,-31.67],[-51.583,-31.696],[-51.613,-31.729],[-51.632,-31.743],[-51.659,-31.767],[-51.682,-31.776],[-51.69,-31.781],[-51.709,-31.785],[-51.725,-31.786],[-51.735,-31.789],[-51.773,-31.787],[-51.802,-31.788],[-51.818,-31.797],[-51.832,-31.8],[-51.813,-31.808],[-51.805,-31.815],[-51.803,-31.833],[-51.811,-31.845],[-51.844,-31.863],[-51.86,-31.87],[-51.879,-31.873],[-51.903,-31.87],[-51.923,-31.863],[-51.957,-31.844],[-51.966,-31.84],[-51.986,-31.827],[-52.008,-31.818],[-52.03,-31.815],[-52.049,-31.814],[-52.067,-31.818],[-52.079,-31.826],[-52.098,-31.836],[-52.09,-31.846],[-52.087,-31.859],[-52.079,-31.869],[-52.048,-31.89],[-52.044,-31.902],[-52.032,-31.907],[-52.015,-31.922],[-52.006,-31.939],[-52.005,-31.951],[-52.015,-31.967],[-52.041,-31.973],[-52.053,-31.979],[-52.054,-31.985],[-52.044,-32.007],[-52.045,-32.014],[-52.039,-32.03],[-52.041,-32.045],[-52.045,-32.049],[-52.05,-32.077],[-52.058,-32.08],[-52.06,-32.09],[-52.074,-32.108],[-52.076,-32.115],[-52.09,-32.131],[-52.08,-32.134],[-52.077,-32.143],[-52.045,-32.111],[-52.018,-32.081],[-51.969,-32.032],[-51.921,-31.988],[-51.895,-31.966],[-51.868,-31.945],[-51.831,-31.919],[-51.797,-31.898],[-51.748,-31.87],[-51.691,-31.841],[-51.625,-31.809],[-51.502,-31.743],[-51.484,-31.732],[-51.427,-31.696],[-51.376,-31.658],[-51.345,-31.636],[-51.331,-31.625],[-51.294,-31.599],[-51.267,-31.579],[-51.221,-31.539],[-51.186,-31.504],[-51.104,-31.421],[-51.04,-31.36],[-50.97,-31.305],[-50.924,-31.266],[-50.879,-31.227],[-50.842,-31.19],[-50.779,-31.124],[-50.767,-31.11],[-50.742,-31.076],[-50.704,-31.015],[-50.668,-30.963],[-50.645,-30.932],[-50.605,-30.879],[-50.558,-30.818],[-50.507,-30.744],[-50.484,-30.709],[-50.465,-30.681],[-50.429,-30.632],[-50.374,-30.563],[-50.348,-30.525],[-50.334,-30.501],[-50.321,-30.477],[-50.306,-30.447],[-50.289,-30.405],[-50.278,-30.371],[-50.252,-30.305],[-50.224,-30.236],[-50.219,-30.223],[-50.17,-30.097],[-50.158,-30.067],[-50.13,-30.005],[-50.119,-29.976],[-50.075,-29.884],[-50.064,-29.86],[-50.018,-29.773],[-49.992,-29.724],[-49.96,-29.669],[-49.934,-29.625],[-49.922,-29.607],[-49.907,-29.585],[-49.867,-29.529],[-49.833,-29.481],[-49.803,-29.444],[-49.768,-29.398],[-49.738,-29.361],[-49.732,-29.358],[-49.73,-29.35],[-49.716,-29.332],[-49.713,-29.326],[-49.731,-29.329],[-49.747,-29.324],[-49.739,-29.315],[-49.742,-29.299],[-49.749,-29.297],[-49.762,-29.3],[-49.777,-29.297],[-49.78,-29.291],[-49.792,-29.286],[-49.799,-29.288],[-49.816,-29.286],[-49.83,-29.276],[-49.844,-29.278],[-49.843,-29.259],[-49.855,-29.257],[-49.853,-29.244],[-49.859,-29.242],[-49.857,-29.233],[-49.87,-29.224],[-49.902,-29.215],[-49.913,-29.208],[-49.925,-29.206],[-49.933,-29.208],[-49.945,-29.201],[-49.958,-29.2],[-49.971,-29.205],[-49.969,-29.212],[-49.997,-29.228],[-50.01,-29.225],[-50.035,-29.233],[-50.036,-29.238],[-50.05,-29.242],[-50.061,-29.241],[-50.071,-29.248],[-50.089,-29.254],[-50.095,-29.252],[-50.115,-29.262],[-50.108,-29.28],[-50.077,-29.308],[-50.065,-29.311],[-50.051,-29.324],[-50.051,-29.329],[-50.034,-29.35],[-50.041,-29.355],[-50.038,-29.347],[-50.047,-29.34],[-50.056,-29.341],[-50.071,-29.329],[-50.072,-29.325],[-50.086,-29.318],[-50.092,-29.311],[-50.099,-29.311],[-50.112,-29.304],[-50.117,-29.292],[-50.13,-29.287],[-50.128,-29.298],[-50.133,-29.3],[-50.141,-29.287],[-50.149,-29.282],[-50.145,-29.27],[-50.145,-29.257],[-50.152,-29.243],[-50.141,-29.238],[-50.141,-29.228],[-50.151,-29.23],[-50.149,-29.221],[-50.14,-29.215],[-50.14,-29.207],[-50.146,-29.198],[-50.127,-29.198],[-50.124,-29.202],[-50.108,-29.211],[-50.084,-29.214],[-50.085,-29.205],[-50.09,-29.201],[-50.085,-29.194],[-50.089,-29.175],[-50.075,-29.188],[-50.054,-29.183],[-50.043,-29.184],[-50.039,-29.177],[-50.018,-29.163],[-50.005,-29.141],[-50.007,-29.134],[-49.998,-29.131],[-49.984,-29.137],[-49.992,-29.117],[-49.969,-29.116],[-49.971,-29.101],[-49.965,-29.082],[-49.956,-29.085],[-49.955,-29.078],[-49.958,-29.068],[-49.962,-29.065],[-49.994,-29.07],[-49.99,-29.063],[-49.977,-29.059],[-49.961,-29.051],[-49.961,-29.044],[-49.956,-29.035],[-49.946,-29.031],[-49.941,-29.021],[-49.966,-29.022],[-49.957,-29.012],[-49.946,-28.995],[-49.943,-28.982],[-49.931,-28.976],[-49.934,-28.966],[-49.954,-28.962],[-49.956,-28.949],[-49.96,-28.936],[-49.956,-28.929],[-49.965,-28.925],[-49.958,-28.902],[-49.952,-28.901],[-49.951,-28.893],[-49.95,-28.876],[-49.957,-28.87],[-49.967,-28.877],[-49.969,-28.87],[-49.957,-28.862],[-49.962,-28.854],[-49.958,-28.829],[-49.965,-28.828],[-49.966,-28.82],[-49.958,-28.799],[-49.962,-28.778],[-49.961,-28.772],[-49.951,-28.763],[-49.953,-28.758],[-49.946,-28.752],[-49.937,-28.757],[-49.928,-28.754],[-49.922,-28.745],[-49.931,-28.738],[-49.935,-28.726],[-49.926,-28.718],[-49.908,-28.714],[-49.905,-28.718],[-49.893,-28.723],[-49.881,-28.722],[-49.892,-28.739],[-49.883,-28.738],[-49.868,-28.722],[-49.873,-28.715],[-49.869,-28.701],[-49.85,-28.706],[-49.84,-28.713],[-49.843,-28.706],[-49.834,-28.693],[-49.838,-28.69],[-49.837,-28.681],[-49.84,-28.676],[-49.839,-28.666],[-49.825,-28.666],[-49.811,-28.652],[-49.815,-28.648],[-49.817,-28.638],[-49.809,-28.635],[-49.807,-28.628],[-49.798,-28.624],[-49.798,-28.618],[-49.783,-28.61],[-49.784,-28.624],[-49.779,-28.63],[-49.757,-28.616],[-49.757,-28.627],[-49.744,-28.624],[-49.716,-28.624],[-49.704,-28.63],[-49.703,-28.629],[-49.691,-28.621],[-49.702,-28.605],[-49.71,-28.604],[-49.712,-28.591],[-49.708,-28.582],[-49.726,-28.57],[-49.731,-28.551],[-49.746,-28.55],[-49.749,-28.546],[-49.747,-28.535],[-49.736,-28.524],[-49.727,-28.519],[-49.739,-28.509],[-49.739,-28.5],[-49.748,-28.494],[-49.766,-28.501],[-49.771,-28.492],[-49.765,-28.484],[-49.768,-28.477],[-49.764,-28.463],[-49.781,-28.472],[-49.778,-28.477],[-49.786,-28.488],[-49.782,-28.497],[-49.791,-28.496],[-49.795,-28.489],[-49.804,-28.484],[-49.809,-28.469],[-49.816,-28.469],[-49.816,-28.48],[-49.824,-28.479],[-49.839,-28.497],[-49.852,-28.488],[-49.867,-28.489],[-49.869,-28.481],[-49.863,-28.472],[-49.864,-28.463],[-49.873,-28.459],[-49.871,-28.451],[-49.861,-28.45],[-49.854,-28.445],[-49.87,-28.442],[-49.88,-28.447],[-49.893,-28.44],[-49.898,-28.446],[-49.889,-28.459],[-49.9,-28.465],[-49.919,-28.458],[-49.928,-28.451],[-49.937,-28.457],[-49.929,-28.467],[-49.929,-28.472],[-49.942,-28.482],[-49.947,-28.48],[-49.951,-28.467],[-49.952,-28.451],[-49.969,-28.453],[-49.971,-28.44],[-49.981,-28.441],[-49.989,-28.448],[-49.989,-28.457],[-50.002,-28.458],[-50.014,-28.451],[-50.024,-28.459],[-50.027,-28.474],[-50.039,-28.48],[-50.051,-28.476],[-50.069,-28.479],[-50.073,-28.481],[-50.082,-28.473],[-50.091,-28.476],[-50.097,-28.484],[-50.111,-28.473],[-50.122,-28.476],[-50.127,-28.465],[-50.114,-28.452],[-50.111,-28.445],[-50.116,-28.437],[-50.126,-28.429],[-50.129,-28.441],[-50.139,-28.443],[-50.147,-28.45],[-50.147,-28.457],[-50.16,-28.459],[-50.159,-28.465],[-50.146,-28.477],[-50.139,-28.493],[-50.154,-28.498],[-50.163,-28.495],[-50.162,-28.479],[-50.165,-28.471],[-50.178,-28.452],[-50.188,-28.453],[-50.199,-28.445],[-50.216,-28.46],[-50.223,-28.463],[-50.236,-28.457],[-50.242,-28.432],[-50.247,-28.428],[-50.264,-28.443],[-50.25,-28.447],[-50.273,-28.457],[-50.292,-28.451],[-50.301,-28.439],[-50.315,-28.438],[-50.323,-28.434],[-50.336,-28.437],[-50.34,-28.441],[-50.337,-28.456],[-50.346,-28.464],[-50.352,-28.457],[-50.352,-28.449],[-50.348,-28.435],[-50.351,-28.425],[-50.361,-28.42],[-50.368,-28.421],[-50.377,-28.435],[-50.376,-28.443],[-50.382,-28.447],[-50.39,-28.444],[-50.395,-28.433],[-50.425,-28.433],[-50.436,-28.431],[-50.449,-28.422],[-50.457,-28.411],[-50.47,-28.415],[-50.501,-28.413],[-50.514,-28.405],[-50.528,-28.404],[-50.532,-28.408],[-50.528,-28.423],[-50.531,-28.429],[-50.544,-28.427],[-50.551,-28.42],[-50.565,-28.413],[-50.569,-28.403],[-50.577,-28.394],[-50.593,-28.382],[-50.601,-28.382],[-50.605,-28.388],[-50.614,-28.394],[-50.626,-28.392],[-50.633,-28.379],[-50.629,-28.364],[-50.645,-28.348],[-50.665,-28.338],[-50.659,-28.326],[-50.665,-28.313],[-50.678,-28.3],[-50.695,-28.288],[-50.696,-28.27],[-50.699,-28.266],[-50.711,-28.267],[-50.742,-28.25],[-50.749,-28.248],[-50.754,-28.245],[-50.753,-28.233],[-50.761,-28.195],[-50.768,-28.189],[-50.778,-28.2],[-50.789,-28.198],[-50.789,-28.189],[-50.783,-28.176],[-50.792,-28.161],[-50.792,-28.155],[-50.785,-28.146],[-50.794,-28.139],[-50.818,-28.141],[-50.822,-28.138],[-50.825,-28.124],[-50.83,-28.118],[-50.837,-28.119],[-50.859,-28.14],[-50.872,-28.137],[-50.875,-28.131],[-50.869,-28.116],[-50.87,-28.106],[-50.876,-28.095],[-50.884,-28.09],[-50.899,-28.09],[-50.903,-28.083],[-50.898,-28.076],[-50.886,-28.072],[-50.875,-28.054],[-50.875,-28.041],[-50.89,-28.023],[-50.908,-28.015],[-50.923,-28.012],[-50.921,-28.003],[-50.928,-27.991],[-50.923,-27.98],[-50.924,-27.972],[-50.931,-27.968],[-50.947,-27.967],[-50.959,-27.96],[-50.974,-27.954],[-50.978,-27.948],[-50.986,-27.941],[-50.994,-27.946],[-51.002,-27.963],[-51.009,-27.964],[-51.019,-27.957],[-51.022,-27.945],[-51.016,-27.933],[-51.02,-27.922],[-51.037,-27.915],[-51.056,-27.904],[-51.058,-27.897],[-51.057,-27.887],[-51.053,-27.869],[-51.057,-27.866],[-51.079,-27.862],[-51.077,-27.842],[-51.082,-27.834],[-51.098,-27.827],[-51.121,-27.833],[-51.131,-27.83],[-51.129,-27.823],[-51.135,-27.804],[-51.154,-27.804],[-51.16,-27.802],[-51.188,-27.778],[-51.192,-27.776],[-51.209,-27.777],[-51.22,-27.77],[-51.226,-27.771],[-51.232,-27.778],[-51.24,-27.779],[-51.246,-27.77],[-51.245,-27.761],[-51.257,-27.754],[-51.272,-27.752],[-51.275,-27.748],[-51.273,-27.735],[-51.274,-27.726],[-51.282,-27.723],[-51.294,-27.726],[-51.309,-27.72],[-51.31,-27.713],[-51.302,-27.703],[-51.311,-27.696],[-51.315,-27.675],[-51.327,-27.671],[-51.34,-27.674],[-51.35,-27.68],[-51.36,-27.679],[-51.375,-27.667],[-51.378,-27.66],[-51.37,-27.64],[-51.372,-27.634],[-51.381,-27.625],[-51.389,-27.624],[-51.405,-27.632],[-51.412,-27.648],[-51.419,-27.655],[-51.432,-27.656],[-51.437,-27.652],[-51.437,-27.63],[-51.445,-27.619],[-51.457,-27.608],[-51.475,-27.601],[-51.478,-27.596],[-51.477,-27.579],[-51.478,-27.57],[-51.483,-27.563],[-51.502,-27.556],[-51.517,-27.558],[-51.537,-27.563],[-51.548,-27.559],[-51.555,-27.564],[-51.556,-27.575],[-51.561,-27.583],[-51.567,-27.584],[-51.578,-27.577],[-51.587,-27.563],[-51.581,-27.545],[-51.578,-27.53],[-51.58,-27.524],[-51.591,-27.523],[-51.599,-27.529],[-51.608,-27.541],[-51.623,-27.546],[-51.631,-27.541],[-51.631,-27.527],[-51.62,-27.502],[-51.623,-27.493],[-51.633,-27.489],[-51.643,-27.491],[-51.646,-27.497],[-51.647,-27.516],[-51.651,-27.52],[-51.665,-27.517],[-51.678,-27.505],[-51.673,-27.488],[-51.684,-27.48],[-51.701,-27.48],[-51.71,-27.488],[-51.717,-27.511],[-51.728,-27.513],[-51.738,-27.504],[-51.752,-27.488],[-51.76,-27.487],[-51.785,-27.491],[-51.794,-27.49],[-51.802,-27.494],[-51.798,-27.509],[-51.788,-27.515],[-51.786,-27.528],[-51.799,-27.53],[-51.808,-27.524],[-51.822,-27.513],[-51.831,-27.515],[-51.837,-27.522],[-51.85,-27.526],[-51.855,-27.518],[-51.846,-27.498],[-51.844,-27.483],[-51.848,-27.479],[-51.858,-27.475],[-51.868,-27.477],[-51.876,-27.482],[-51.88,-27.492],[-51.874,-27.513],[-51.881,-27.521],[-51.895,-27.517],[-51.903,-27.491],[-51.901,-27.464],[-51.904,-27.46],[-51.918,-27.458],[-51.951,-27.475],[-51.96,-27.473],[-51.962,-27.462],[-51.942,-27.449],[-51.934,-27.439],[-51.936,-27.429],[-51.951,-27.417],[-51.969,-27.411],[-51.996,-27.41],[-52.008,-27.402],[-52.001,-27.392],[-51.982,-27.389],[-51.957,-27.395],[-51.951,-27.395],[-51.949,-27.386],[-51.952,-27.38],[-51.962,-27.375],[-51.975,-27.372],[-51.983,-27.375],[-51.992,-27.378],[-52.006,-27.375],[-52.023,-27.362],[-52.023,-27.355],[-52.011,-27.347],[-52.008,-27.334],[-52.02,-27.332],[-52.038,-27.344],[-52.049,-27.346],[-52.072,-27.338],[-52.082,-27.34],[-52.097,-27.348],[-52.107,-27.343],[-52.111,-27.333],[-52.106,-27.323],[-52.106,-27.313],[-52.112,-27.306],[-52.126,-27.302],[-52.142,-27.306],[-52.161,-27.314],[-52.169,-27.309],[-52.159,-27.282],[-52.165,-27.272],[-52.172,-27.271],[-52.18,-27.277],[-52.191,-27.292],[-52.203,-27.323],[-52.209,-27.331],[-52.225,-27.331],[-52.229,-27.325],[-52.235,-27.311],[-52.248,-27.302],[-52.273,-27.304],[-52.278,-27.297],[-52.268,-27.283],[-52.26,-27.279],[-52.242,-27.276],[-52.234,-27.269],[-52.235,-27.264],[-52.255,-27.256],[-52.261,-27.257],[-52.278,-27.261],[-52.288,-27.258],[-52.299,-27.258],[-52.306,-27.266],[-52.302,-27.285],[-52.291,-27.305],[-52.292,-27.314],[-52.3,-27.319],[-52.306,-27.317],[-52.313,-27.309],[-52.329,-27.302],[-52.342,-27.29],[-52.352,-27.289],[-52.367,-27.305],[-52.378,-27.304],[-52.382,-27.295],[-52.383,-27.281],[-52.381,-27.264],[-52.386,-27.253],[-52.395,-27.252],[-52.4,-27.263],[-52.394,-27.284],[-52.398,-27.293],[-52.407,-27.29],[-52.419,-27.282],[-52.439,-27.264],[-52.442,-27.25],[-52.437,-27.237],[-52.431,-27.227],[-52.432,-27.218],[-52.448,-27.218],[-52.462,-27.229],[-52.48,-27.235],[-52.482,-27.247],[-52.476,-27.259],[-52.479,-27.266],[-52.493,-27.267],[-52.508,-27.264],[-52.527,-27.263],[-52.536,-27.26],[-52.545,-27.241],[-52.553,-27.239],[-52.566,-27.249],[-52.583,-27.247],[-52.594,-27.25],[-52.605,-27.261],[-52.618,-27.266],[-52.633,-27.265],[-52.645,-27.262],[-52.655,-27.241],[-52.668,-27.238],[-52.676,-27.246],[-52.677,-27.263],[-52.686,-27.281],[-52.691,-27.284],[-52.703,-27.279],[-52.707,-27.271],[-52.706,-27.256],[-52.714,-27.238],[-52.727,-27.236],[-52.734,-27.243],[-52.739,-27.254],[-52.749,-27.26],[-52.756,-27.258],[-52.763,-27.249],[-52.763,-27.238],[-52.758,-27.226],[-52.761,-27.213],[-52.775,-27.207],[-52.785,-27.206],[-52.801,-27.203],[-52.817,-27.203],[-52.831,-27.21],[-52.84,-27.211],[-52.846,-27.207],[-52.846,-27.191],[-52.843,-27.18],[-52.851,-27.17],[-52.867,-27.173],[-52.885,-27.183],[-52.899,-27.197],[-52.907,-27.201],[-52.929,-27.204],[-52.938,-27.197],[-52.936,-27.178],[-52.942,-27.166],[-52.957,-27.163],[-52.962,-27.169],[-52.968,-27.19],[-52.968,-27.213],[-52.971,-27.218],[-52.984,-27.221],[-52.992,-27.218],[-53,-27.207],[-53.003,-27.198],[-53.001,-27.187],[-52.985,-27.171],[-52.983,-27.165],[-52.985,-27.153],[-52.992,-27.14],[-53.0,-27.135],[-53.006,-27.137],[-53.018,-27.153],[-53.026,-27.159],[-53.038,-27.158],[-53.044,-27.144],[-53.045,-27.134],[-53.041,-27.125],[-53.02,-27.105],[-53.018,-27.093],[-53.024,-27.085],[-53.034,-27.082],[-53.048,-27.084],[-53.064,-27.092],[-53.077,-27.108],[-53.078,-27.121],[-53.072,-27.134],[-53.07,-27.146],[-53.071,-27.157],[-53.08,-27.164],[-53.113,-27.172],[-53.132,-27.18],[-53.14,-27.176],[-53.15,-27.144],[-53.159,-27.14],[-53.169,-27.144],[-53.174,-27.156],[-53.175,-27.172],[-53.182,-27.189],[-53.188,-27.192],[-53.197,-27.193],[-53.232,-27.171],[-53.245,-27.173],[-53.26,-27.183],[-53.293,-27.197],[-53.311,-27.219],[-53.321,-27.215],[-53.322,-27.21],[-53.321,-27.198],[-53.309,-27.182],[-53.296,-27.151],[-53.293,-27.141],[-53.296,-27.132],[-53.309,-27.121],[-53.317,-27.119],[-53.337,-27.122],[-53.346,-27.121],[-53.355,-27.111],[-53.365,-27.094],[-53.371,-27.091],[-53.381,-27.094],[-53.396,-27.113],[-53.399,-27.125],[-53.406,-27.137],[-53.418,-27.144],[-53.432,-27.146],[-53.455,-27.157],[-53.464,-27.155],[-53.476,-27.139],[-53.491,-27.132],[-53.503,-27.135],[-53.507,-27.139],[-53.508,-27.151],[-53.503,-27.166],[-53.49,-27.18],[-53.488,-27.194],[-53.493,-27.203],[-53.508,-27.204],[-53.518,-27.202],[-53.531,-27.195],[-53.548,-27.176],[-53.556,-27.173],[-53.571,-27.176],[-53.591,-27.188],[-53.6,-27.189],[-53.613,-27.186],[-53.618,-27.187],[-53.631,-27.213],[-53.642,-27.22],[-53.649,-27.218],[-53.651,-27.21],[-53.648,-27.191],[-53.651,-27.177],[-53.666,-27.163],[-53.675,-27.161],[-53.686,-27.164],[-53.706,-27.173],[-53.718,-27.183],[-53.731,-27.189],[-53.748,-27.192],[-53.752,-27.188],[-53.76,-27.162],[-53.765,-27.152],[-53.776,-27.148],[-53.809,-27.173],[-53.82,-27.176],[-53.837,-27.168],[-53.848,-27.157],[-53.859,-27.133],[-53.864,-27.126],[-53.879,-27.128],[-53.885,-27.135],[-53.887,-27.152],[-53.898,-27.17],[-53.91,-27.176],[-53.917,-27.175],[-53.929,-27.159],[-53.947,-27.151],[-53.953,-27.153],[-53.961,-27.165],[-53.956,-27.176],[-53.956,-27.184],[-53.96,-27.195],[-53.972,-27.199],[-53.984,-27.196],[-54.001,-27.196],[-54.008,-27.198],[-54.015,-27.208],[-54.016,-27.233],[-54.021,-27.246],[-54.028,-27.255],[-54.047,-27.259],[-54.055,-27.264],[-54.065,-27.276],[-54.072,-27.291],[-54.082,-27.299],[-54.101,-27.303],[-54.111,-27.302],[-54.133,-27.302],[-54.155,-27.297],[-54.16,-27.288],[-54.156,-27.28],[-54.156,-27.269],[-54.162,-27.256],[-54.174,-27.255],[-54.187,-27.265],[-54.194,-27.292],[-54.193,-27.308],[-54.205,-27.328],[-54.213,-27.351],[-54.213,-27.375],[-54.217,-27.385],[-54.222,-27.39],[-54.235,-27.394],[-54.243,-27.393],[-54.26,-27.396],[-54.267,-27.404],[-54.271,-27.419],[-54.268,-27.431],[-54.272,-27.441],[-54.284,-27.448],[-54.294,-27.446],[-54.311,-27.422],[-54.334,-27.404],[-54.342,-27.404],[-54.343,-27.413],[-54.34,-27.431],[-54.335,-27.451],[-54.34,-27.463],[-54.346,-27.467],[-54.357,-27.465],[-54.37,-27.453],[-54.385,-27.428],[-54.399,-27.412],[-54.411,-27.405],[-54.419,-27.409],[-54.439,-27.425],[-54.457,-27.422],[-54.47,-27.426],[-54.472,-27.434],[-54.46,-27.449],[-54.444,-27.46],[-54.443,-27.468],[-54.456,-27.478],[-54.475,-27.481],[-54.501,-27.48],[-54.51,-27.485],[-54.518,-27.499],[-54.525,-27.506],[-54.537,-27.503],[-54.542,-27.487],[-54.561,-27.462],[-54.573,-27.454],[-54.581,-27.453],[-54.589,-27.458],[-54.595,-27.487],[-54.609,-27.51],[-54.616,-27.532],[-54.627,-27.544],[-54.632,-27.546],[-54.642,-27.545],[-54.652,-27.532],[-54.657,-27.513],[-54.66,-27.509],[-54.671,-27.505],[-54.679,-27.513],[-54.68,-27.527],[-54.674,-27.548],[-54.672,-27.566],[-54.681,-27.575],[-54.694,-27.573],[-54.723,-27.564],[-54.739,-27.561],[-54.745,-27.563],[-54.759,-27.581],[-54.766,-27.585],[-54.778,-27.584],[-54.785,-27.579],[-54.791,-27.558],[-54.795,-27.535],[-54.81,-27.53],[-54.817,-27.536],[-54.827,-27.554],[-54.831,-27.568],[-54.84,-27.605],[-54.848,-27.621],[-54.861,-27.629],[-54.879,-27.626],[-54.895,-27.629],[-54.903,-27.636],[-54.907,-27.648],[-54.905,-27.656],[-54.903,-27.699],[-54.903,-27.716],[-54.907,-27.73],[-54.915,-27.738],[-54.929,-27.756],[-54.937,-27.77],[-54.949,-27.779],[-54.961,-27.779],[-54.978,-27.771],[-54.993,-27.776],[-54.999,-27.791],[-55.006,-27.796],[-55.024,-27.794],[-55.045,-27.773],[-55.058,-27.768],[-55.073,-27.774],[-55.084,-27.784],[-55.083,-27.797],[-55.07,-27.803],[-55.053,-27.816],[-55.034,-27.825],[-55.025,-27.835],[-55.026,-27.848],[-55.036,-27.858],[-55.052,-27.852],[-55.067,-27.847],[-55.091,-27.843],[-55.114,-27.849],[-55.126,-27.86],[-55.124,-27.881],[-55.128,-27.894],[-55.139,-27.895],[-55.162,-27.875],[-55.172,-27.861],[-55.191,-27.855],[-55.203,-27.858],[-55.232,-27.884],[-55.25,-27.914],[-55.267,-27.93],[-55.278,-27.933],[-55.286,-27.932],[-55.309,-27.922],[-55.319,-27.922],[-55.327,-27.927],[-55.333,-27.939],[-55.34,-27.966],[-55.347,-27.972],[-55.377,-27.977],[-55.387,-27.986],[-55.383,-28.0],[-55.371,-28.014],[-55.369,-28.027],[-55.376,-28.034],[-55.391,-28.045],[-55.414,-28.055],[-55.422,-28.062],[-55.438,-28.086],[-55.443,-28.094],[-55.455,-28.096],[-55.488,-28.076],[-55.499,-28.081],[-55.507,-28.103],[-55.513,-28.115],[-55.531,-28.116],[-55.54,-28.123],[-55.548,-28.137],[-55.549,-28.156],[-55.557,-28.165],[-55.564,-28.163],[-55.585,-28.148],[-55.589,-28.142],[-55.583,-28.125],[-55.587,-28.119],[-55.596,-28.116],[-55.611,-28.117],[-55.621,-28.131],[-55.622,-28.138],[-55.62,-28.154],[-55.628,-28.172],[-55.634,-28.178],[-55.653,-28.182],[-55.693,-28.219],[-55.705,-28.224],[-55.734,-28.229],[-55.771,-28.241],[-55.779,-28.248],[-55.783,-28.256],[-55.78,-28.265],[-55.773,-28.274],[-55.755,-28.28],[-55.743,-28.282],[-55.724,-28.293],[-55.702,-28.311],[-55.68,-28.322],[-55.67,-28.334],[-55.669,-28.341],[-55.68,-28.37],[-55.689,-28.388],[-55.692,-28.416],[-55.695,-28.423],[-55.704,-28.428],[-55.714,-28.426],[-55.72,-28.419],[-55.728,-28.392],[-55.734,-28.381],[-55.746,-28.373],[-55.757,-28.369],[-55.796,-28.367],[-55.822,-28.364],[-55.851,-28.355],[-55.871,-28.357],[-55.879,-28.362],[-55.885,-28.375],[-55.9,-28.398],[-55.903,-28.408],[-55.901,-28.419],[-55.889,-28.445],[-55.883,-28.464],[-55.884,-28.479],[-55.907,-28.482],[-55.929,-28.486],[-55.949,-28.495],[-55.988,-28.498],[-56.001,-28.502],[-56.011,-28.507],[-56.023,-28.523],[-56.026,-28.535],[-56.021,-28.553],[-56.007,-28.569],[-56.002,-28.578],[-56.003,-28.598],[-56.018,-28.613],[-56.037,-28.622],[-56.047,-28.624],[-56.064,-28.636],[-56.082,-28.654],[-56.109,-28.675],[-56.119,-28.681],[-56.144,-28.709],[-56.166,-28.747],[-56.182,-28.767],[-56.194,-28.775],[-56.211,-28.775],[-56.223,-28.777],[-56.261,-28.779],[-56.271,-28.782],[-56.289,-28.794],[-56.3,-28.808],[-56.301,-28.817],[-56.297,-28.841],[-56.3,-28.896],[-56.304,-28.903],[-56.323,-28.925],[-56.344,-28.94],[-56.379,-28.948],[-56.39,-28.955],[-56.406,-28.973],[-56.416,-28.992],[-56.416,-29.001],[-56.402,-29.012],[-56.399,-29.017],[-56.404,-29.032],[-56.41,-29.039],[-56.413,-29.062],[-56.422,-29.076],[-56.43,-29.079],[-56.477,-29.086],[-56.503,-29.089],[-56.515,-29.093],[-56.533,-29.105],[-56.538,-29.111],[-56.55,-29.117],[-56.568,-29.114],[-56.589,-29.12],[-56.594,-29.126],[-56.595,-29.136],[-56.617,-29.171],[-56.646,-29.2],[-56.655,-29.224],[-56.655,-29.231],[-56.649,-29.255],[-56.651,-29.264],[-56.664,-29.295],[-56.689,-29.334],[-56.7,-29.356],[-56.713,-29.367],[-56.746,-29.368],[-56.759,-29.371],[-56.768,-29.378],[-56.773,-29.387],[-56.78,-29.416],[-56.78,-29.42],[-56.779,-29.437],[-56.797,-29.449],[-56.804,-29.46],[-56.808,-29.473],[-56.822,-29.49],[-56.861,-29.507],[-56.888,-29.526],[-56.902,-29.534],[-56.921,-29.555],[-56.929,-29.566],[-56.951,-29.581],[-56.968,-29.602],[-56.972,-29.617],[-56.967,-29.63],[-56.971,-29.643],[-56.991,-29.647],[-57.001,-29.652],[-57.011,-29.665],[-57.021,-29.683],[-57.033,-29.696],[-57.045,-29.702],[-57.057,-29.714],[-57.069,-29.722],[-57.1,-29.748],[-57.132,-29.77],[-57.172,-29.781],[-57.181,-29.781],[-57.221,-29.776],[-57.235,-29.781],[-57.268,-29.809],[-57.282,-29.817],[-57.298,-29.835],[-57.315,-29.86],[-57.325,-29.873],[-57.33,-29.888],[-57.329,-29.902],[-57.324,-29.922],[-57.324,-29.94],[-57.328,-29.972],[-57.338,-29.99],[-57.352,-30.008],[-57.396,-30.023],[-57.417,-30.038],[-57.448,-30.072],[-57.454,-30.082],[-57.458,-30.101],[-57.465,-30.11],[-57.503,-30.136],[-57.526,-30.151],[-57.57,-30.172],[-57.594,-30.179],[-57.625,-30.175],[-57.64,-30.177],[-57.647,-30.182],[-57.65,-30.189],[-57.645,-30.194],[-57.636,-30.189],[-57.626,-30.187],[-57.603,-30.19],[-57.558,-30.213],[-57.558,-30.233],[-57.568,-30.252],[-57.566,-30.259],[-57.555,-30.265],[-57.551,-30.273],[-57.525,-30.285],[-57.513,-30.285],[-57.5,-30.289],[-57.49,-30.269],[-57.487,-30.267],[-57.466,-30.265],[-57.452,-30.276],[-57.429,-30.275],[-57.416,-30.278],[-57.422,-30.289],[-57.419,-30.303],[-57.404,-30.301],[-57.398,-30.305],[-57.389,-30.302],[-57.389,-30.296],[-57.379,-30.279],[-57.365,-30.271],[-57.359,-30.272],[-57.358,-30.281],[-57.352,-30.285],[-57.343,-30.278],[-57.319,-30.27],[-57.318,-30.261],[-57.311,-30.258],[-57.303,-30.269],[-57.293,-30.286],[-57.285,-30.294],[-57.278,-30.293],[-57.27,-30.285],[-57.269,-30.272],[-57.259,-30.267],[-57.253,-30.275],[-57.256,-30.282],[-57.25,-30.289],[-57.22,-30.289],[-57.204,-30.285],[-57.196,-30.265],[-57.176,-30.251],[-57.167,-30.248],[-57.155,-30.233],[-57.163,-30.228],[-57.165,-30.212],[-57.168,-30.208],[-57.167,-30.196],[-57.158,-30.191],[-57.159,-30.186],[-57.145,-30.172],[-57.144,-30.165],[-57.136,-30.158],[-57.129,-30.141],[-57.114,-30.145],[-57.111,-30.143],[-57.111,-30.129],[-57.117,-30.12],[-57.115,-30.114],[-57.095,-30.115],[-57.087,-30.101],[-57.078,-30.091],[-57.066,-30.085],[-57.069,-30.099],[-57.058,-30.099],[-57.045,-30.106],[-57.031,-30.102],[-57.024,-30.087],[-57.006,-30.088],[-56.993,-30.086],[-56.984,-30.087],[-56.977,-30.098],[-56.956,-30.101],[-56.936,-30.095],[-56.918,-30.096],[-56.903,-30.112],[-56.892,-30.1],[-56.889,-30.089],[-56.874,-30.086],[-56.874,-30.093],[-56.85,-30.089],[-56.824,-30.096],[-56.819,-30.106],[-56.81,-30.103],[-56.805,-30.106],[-56.799,-30.122],[-56.78,-30.127],[-56.778,-30.134],[-56.784,-30.151],[-56.782,-30.159],[-56.773,-30.164],[-56.761,-30.16],[-56.73,-30.172],[-56.72,-30.18],[-56.71,-30.176],[-56.705,-30.179],[-56.708,-30.188],[-56.696,-30.205],[-56.685,-30.196],[-56.679,-30.2],[-56.664,-30.197],[-56.658,-30.201],[-56.65,-30.212],[-56.668,-30.217],[-56.664,-30.222],[-56.652,-30.22],[-56.647,-30.223],[-56.641,-30.235],[-56.625,-30.245],[-56.631,-30.255],[-56.639,-30.259],[-56.628,-30.267],[-56.616,-30.262],[-56.609,-30.269],[-56.607,-30.281],[-56.614,-30.29],[-56.621,-30.293],[-56.619,-30.301],[-56.605,-30.293],[-56.596,-30.295],[-56.585,-30.29],[-56.574,-30.291],[-56.577,-30.302],[-56.563,-30.312],[-56.556,-30.32],[-56.547,-30.311],[-56.541,-30.315],[-56.541,-30.327],[-56.537,-30.334],[-56.55,-30.339],[-56.552,-30.344],[-56.545,-30.352],[-56.546,-30.361],[-56.536,-30.359],[-56.519,-30.36],[-56.505,-30.37],[-56.507,-30.381],[-56.496,-30.387],[-56.491,-30.398],[-56.462,-30.384],[-56.456,-30.393],[-56.454,-30.402],[-56.444,-30.412],[-56.454,-30.421],[-56.44,-30.433],[-56.428,-30.435],[-56.415,-30.433],[-56.408,-30.447],[-56.398,-30.448],[-56.4,-30.459],[-56.407,-30.46],[-56.406,-30.469],[-56.397,-30.479],[-56.395,-30.485],[-56.387,-30.487],[-56.386,-30.496],[-56.378,-30.502],[-56.368,-30.503],[-56.35,-30.497],[-56.349,-30.504],[-56.336,-30.511],[-56.337,-30.519],[-56.331,-30.529],[-56.323,-30.532],[-56.31,-30.531],[-56.291,-30.522],[-56.29,-30.532],[-56.289,-30.54],[-56.279,-30.553],[-56.277,-30.561],[-56.265,-30.555],[-56.257,-30.567],[-56.262,-30.572],[-56.26,-30.58],[-56.238,-30.573],[-56.226,-30.579],[-56.224,-30.585],[-56.235,-30.588],[-56.234,-30.594],[-56.224,-30.597],[-56.22,-30.607],[-56.214,-30.608],[-56.196,-30.604],[-56.188,-30.605],[-56.17,-30.616],[-56.183,-30.626],[-56.178,-30.634],[-56.165,-30.643],[-56.17,-30.653],[-56.167,-30.663],[-56.152,-30.68],[-56.144,-30.68],[-56.138,-30.687],[-56.15,-30.694],[-56.15,-30.706],[-56.138,-30.71],[-56.13,-30.716],[-56.133,-30.732],[-56.127,-30.741],[-56.117,-30.733],[-56.107,-30.732],[-56.102,-30.744],[-56.096,-30.754],[-56.088,-30.758],[-56.074,-30.746],[-56.063,-30.753],[-56.066,-30.769],[-56.05,-30.777],[-56.039,-30.775],[-56.035,-30.785],[-56.024,-30.786],[-56.021,-30.791],[-56.025,-30.8],[-56.016,-30.802],[-56.016,-30.819],[-56.009,-30.82],[-56.004,-30.83],[-56.004,-30.84],[-55.995,-30.845],[-55.99,-30.86],[-55.99,-30.866],[-55.998,-30.873],[-56.007,-30.891],[-56.011,-30.912],[-56.005,-30.922],[-56.01,-30.927],[-56.011,-30.978],[-56.007,-30.984],[-56.018,-31.003],[-56.014,-31.022],[-56.019,-31.044],[-56.005,-31.082],[-55.993,-31.085],[-55.979,-31.073],[-55.93,-31.086],[-55.926,-31.077],[-55.91,-31.075],[-55.899,-31.067],[-55.891,-31.077],[-55.882,-31.077],[-55.871,-31.072],[-55.869,-31.065],[-55.855,-31.045],[-55.844,-31.043],[-55.83,-31.044],[-55.82,-31.03],[-55.807,-31.017],[-55.795,-31.015],[-55.781,-31.017],[-55.767,-31.01],[-55.768,-31.003],[-55.752,-30.997],[-55.746,-30.985],[-55.734,-30.981],[-55.724,-30.966],[-55.724,-30.951],[-55.719,-30.942],[-55.704,-30.955],[-55.695,-30.944],[-55.688,-30.952],[-55.676,-30.956],[-55.666,-30.954],[-55.659,-30.944],[-55.663,-30.936],[-55.656,-30.926],[-55.648,-30.923],[-55.642,-30.912],[-55.655,-30.892],[-55.653,-30.883],[-55.663,-30.872],[-55.658,-30.864],[-55.649,-30.865],[-55.647,-30.855],[-55.638,-30.846],[-55.629,-30.848],[-55.623,-30.842],[-55.613,-30.843],[-55.607,-30.85],[-55.579,-30.833],[-55.579,-30.84],[-55.567,-30.845],[-55.564,-30.869],[-55.555,-30.873],[-55.552,-30.883],[-55.546,-30.89],[-55.534,-30.897],[-55.517,-30.899],[-55.51,-30.902],[-55.51,-30.911],[-55.504,-30.925],[-55.494,-30.925],[-55.486,-30.928],[-55.49,-30.94],[-55.487,-30.948],[-55.478,-30.954],[-55.469,-30.955],[-55.457,-30.951],[-55.452,-30.96],[-55.441,-30.96],[-55.44,-30.967],[-55.425,-30.986],[-55.438,-30.994],[-55.437,-31.005],[-55.425,-31.012],[-55.407,-31.019],[-55.405,-31.027],[-55.392,-31.026],[-55.387,-31.021],[-55.371,-31.023],[-55.373,-31.031],[-55.363,-31.039],[-55.351,-31.038],[-55.349,-31.043],[-55.353,-31.057],[-55.359,-31.063],[-55.346,-31.076],[-55.339,-31.085],[-55.328,-31.088],[-55.334,-31.105],[-55.33,-31.108],[-55.331,-31.117],[-55.337,-31.12],[-55.339,-31.134],[-55.326,-31.138],[-55.319,-31.145],[-55.302,-31.143],[-55.29,-31.145],[-55.285,-31.156],[-55.291,-31.163],[-55.272,-31.173],[-55.284,-31.188],[-55.283,-31.194],[-55.263,-31.195],[-55.25,-31.206],[-55.254,-31.211],[-55.249,-31.218],[-55.247,-31.233],[-55.249,-31.241],[-55.247,-31.252],[-55.235,-31.258],[-55.214,-31.263],[-55.184,-31.265],[-55.174,-31.268],[-55.157,-31.285],[-55.152,-31.293],[-55.136,-31.301],[-55.122,-31.305],[-55.122,-31.313],[-55.109,-31.308],[-55.103,-31.315],[-55.089,-31.319],[-55.075,-31.332],[-55.066,-31.33],[-55.053,-31.314],[-55.039,-31.3],[-55.033,-31.288],[-55.036,-31.284],[-55.032,-31.27],[-55.002,-31.269],[-55.002,-31.282],[-54.993,-31.29],[-54.986,-31.292],[-54.98,-31.303],[-54.983,-31.311],[-54.975,-31.317],[-54.958,-31.324],[-54.953,-31.332],[-54.959,-31.34],[-54.959,-31.352],[-54.939,-31.354],[-54.935,-31.364],[-54.941,-31.379],[-54.932,-31.385],[-54.918,-31.379],[-54.907,-31.381],[-54.9,-31.376],[-54.886,-31.377],[-54.887,-31.383],[-54.878,-31.398],[-54.858,-31.408],[-54.861,-31.418],[-54.837,-31.442],[-54.827,-31.436],[-54.812,-31.435],[-54.809,-31.431],[-54.797,-31.43],[-54.792,-31.434],[-54.77,-31.427],[-54.753,-31.425],[-54.739,-31.426],[-54.736,-31.43],[-54.725,-31.43],[-54.721,-31.437],[-54.703,-31.439],[-54.701,-31.436],[-54.696,-31.443],[-54.677,-31.448],[-54.67,-31.454],[-54.587,-31.456],[-54.587,-31.462],[-54.58,-31.47],[-54.577,-31.481],[-54.571,-31.483],[-54.56,-31.493],[-54.547,-31.498],[-54.534,-31.501],[-54.516,-31.51],[-54.51,-31.521],[-54.502,-31.531],[-54.49,-31.552],[-54.494,-31.558],[-54.481,-31.57],[-54.473,-31.57],[-54.467,-31.592],[-54.458,-31.594],[-54.459,-31.606],[-54.466,-31.61],[-54.461,-31.626],[-54.454,-31.63],[-54.452,-31.64],[-54.455,-31.653],[-54.318,-31.755],[-54.174,-31.862],[-54.143,-31.884],[-54.138,-31.896],[-54.124,-31.9],[-54.111,-31.908],[-54.107,-31.918],[-54.096,-31.93],[-54.081,-31.93],[-54.081,-31.924],[-54.07,-31.923],[-54.056,-31.912],[-54.054,-31.905],[-54.039,-31.897],[-54.015,-31.902],[-54.004,-31.915],[-53.99,-31.918],[-53.981,-31.916],[-53.963,-31.922],[-53.962,-31.93],[-53.972,-31.936],[-53.966,-31.95],[-53.954,-31.957],[-53.947,-31.955]]],[[[-52.102,-31.791],[-52.109,-31.795],[-52.104,-31.802],[-52.097,-31.799],[-52.102,-31.791]]]]},"properties":{"uf":"RS","code":43}},{"type":"Feature","geometry":{"type":"Polygon","coordinates":[[[-53.404,-17.993],[-53.418,-17.995],[-53.435,-17.985],[-53.449,-17.999],[-53.457,-18.0],[-53.456,-18.011],[-53.46,-18.022],[-53.468,-18.029],[-53.468,-18.035],[-53.486,-18.04],[-53.499,-18.036],[-53.502,-18.028],[-53.514,-18.027],[-53.518,-18.021],[-53.531,-18.02],[-53.558,-18.012],[-53.565,-18.005],[-53.575,-18.013],[-53.59,-18.01],[-53.593,-18.001],[-53.607,-17.995],[-53.61,-17.984],[-53.616,-17.979],[-53.63,-17.98],[-53.652,-17.976],[-53.661,-17.977],[-53.663,-17.986],[-53.676,-17.99],[-53.679,-17.995],[-53.693,-18.007],[-53.716,-18.006],[-53.719,-17.998],[-53.727,-18.003],[-53.737,-17.995],[-53.751,-17.999],[-53.774,-18.001],[-53.786,-17.994],[-53.79,-17.985],[-53.804,-17.971],[-53.812,-17.968],[-53.812,-17.959],[-53.822,-17.959],[-53.824,-17.95],[-53.854,-17.926],[-53.879,-17.923],[-53.885,-17.916],[-53.899,-17.909],[-53.916,-17.918],[-53.924,-17.92],[-53.932,-17.913],[-53.939,-17.92],[-53.952,-17.916],[-53.947,-17.909],[-53.951,-17.903],[-53.95,-17.894],[-53.956,-17.883],[-53.952,-17.869],[-53.944,-17.85],[-53.941,-17.84],[-53.929,-17.824],[-53.921,-17.818],[-53.913,-17.808],[-53.906,-17.789],[-53.895,-17.777],[-53.897,-17.769],[-53.888,-17.749],[-53.878,-17.739],[-53.877,-17.732],[-53.866,-17.727],[-53.861,-17.721],[-53.856,-17.703],[-53.839,-17.69],[-53.825,-17.688],[-53.813,-17.681],[-53.806,-17.672],[-53.799,-17.671],[-53.785,-17.676],[-53.779,-17.672],[-53.757,-17.673],[-53.747,-17.671],[-53.74,-17.665],[-53.728,-17.664],[-53.72,-17.669],[-53.704,-17.661],[-53.693,-17.5],[-53.68,-17.254],[-53.693,-17.247],[-53.694,-17.234],[-53.705,-17.228],[-53.736,-17.232],[-53.747,-17.243],[-53.759,-17.243],[-53.763,-17.247],[-53.766,-17.26],[-53.78,-17.277],[-53.786,-17.288],[-53.807,-17.288],[-53.82,-17.295],[-53.826,-17.313],[-53.831,-17.317],[-53.835,-17.339],[-53.831,-17.355],[-53.837,-17.359],[-53.869,-17.369],[-53.878,-17.375],[-53.884,-17.387],[-53.915,-17.414],[-53.919,-17.425],[-53.931,-17.435],[-53.931,-17.439],[-53.948,-17.452],[-53.952,-17.459],[-53.964,-17.461],[-53.971,-17.466],[-53.973,-17.472],[-53.984,-17.474],[-53.997,-17.471],[-54.023,-17.477],[-54.038,-17.486],[-54.041,-17.5],[-54.052,-17.506],[-54.058,-17.513],[-54.055,-17.527],[-54.046,-17.537],[-54.052,-17.547],[-54.052,-17.563],[-54.059,-17.576],[-54.066,-17.579],[-54.073,-17.588],[-54.073,-17.597],[-54.079,-17.605],[-54.085,-17.619],[-54.099,-17.613],[-54.134,-17.619],[-54.141,-17.611],[-54.147,-17.615],[-54.157,-17.605],[-54.17,-17.607],[-54.179,-17.603],[-54.192,-17.606],[-54.2,-17.615],[-54.205,-17.613],[-54.217,-17.621],[-54.223,-17.621],[-54.233,-17.627],[-54.244,-17.629],[-54.252,-17.641],[-54.267,-17.648],[-54.275,-17.654],[-54.292,-17.653],[-54.302,-17.662],[-54.309,-17.659],[-54.316,-17.662],[-54.328,-17.659],[-54.339,-17.66],[-54.343,-17.656],[-54.372,-17.645],[-54.388,-17.632],[-54.383,-17.627],[-54.377,-17.607],[-54.383,-17.597],[-54.38,-17.594],[-54.386,-17.581],[-54.383,-17.572],[-54.392,-17.571],[-54.396,-17.565],[-54.406,-17.562],[-54.405,-17.555],[-54.414,-17.545],[-54.426,-17.537],[-54.447,-17.532],[-54.453,-17.534],[-54.469,-17.527],[-54.478,-17.514],[-54.474,-17.498],[-54.483,-17.494],[-54.485,-17.489],[-54.498,-17.486],[-54.502,-17.481],[-54.511,-17.483],[-54.517,-17.48],[-54.536,-17.478],[-54.554,-17.489],[-54.57,-17.473],[-54.583,-17.469],[-54.589,-17.477],[-54.607,-17.487],[-54.619,-17.488],[-54.636,-17.496],[-54.646,-17.491],[-54.656,-17.491],[-54.657,-17.497],[-54.677,-17.502],[-54.681,-17.507],[-54.69,-17.503],[-54.715,-17.513],[-54.721,-17.519],[-54.73,-17.515],[-54.747,-17.52],[-54.757,-17.535],[-54.756,-17.545],[-54.762,-17.554],[-54.759,-17.566],[-54.779,-17.571],[-54.792,-17.582],[-54.801,-17.583],[-54.815,-17.596],[-54.825,-17.61],[-54.839,-17.614],[-54.852,-17.613],[-54.861,-17.624],[-54.867,-17.619],[-54.881,-17.617],[-54.897,-17.62],[-54.902,-17.612],[-54.914,-17.608],[-54.92,-17.61],[-54.943,-17.609],[-54.944,-17.613],[-54.96,-17.616],[-54.967,-17.616],[-54.979,-17.625],[-54.985,-17.624],[-54.996,-17.639],[-55.012,-17.631],[-55.047,-17.64],[-55.062,-17.639],[-55.073,-17.632],[-55.088,-17.633],[-55.093,-17.636],[-55.104,-17.628],[-55.111,-17.631],[-55.114,-17.644],[-55.127,-17.653],[-55.137,-17.65],[-55.139,-17.648],[-55.149,-17.643],[-55.171,-17.641],[-55.174,-17.631],[-55.205,-17.614],[-55.221,-17.617],[-55.218,-17.608],[-55.232,-17.596],[-55.241,-17.595],[-55.245,-17.6],[-55.252,-17.592],[-55.251,-17.583],[-55.254,-17.577],[-55.264,-17.572],[-55.263,-17.565],[-55.275,-17.559],[-55.281,-17.563],[-55.284,-17.554],[-55.292,-17.544],[-55.3,-17.541],[-55.31,-17.546],[-55.326,-17.546],[-55.332,-17.549],[-55.348,-17.547],[-55.354,-17.541],[-55.354,-17.532],[-55.372,-17.523],[-55.381,-17.524],[-55.387,-17.519],[-55.405,-17.512],[-55.418,-17.515],[-55.423,-17.51],[-55.433,-17.512],[-55.445,-17.506],[-55.454,-17.508],[-55.454,-17.5],[-55.465,-17.487],[-55.477,-17.484],[-55.483,-17.479],[-55.498,-17.486],[-55.515,-17.484],[-55.525,-17.479],[-55.527,-17.472],[-55.537,-17.465],[-55.543,-17.456],[-55.557,-17.452],[-55.556,-17.443],[-55.568,-17.435],[-55.575,-17.435],[-55.577,-17.424],[-55.589,-17.414],[-55.586,-17.409],[-55.587,-17.398],[-55.584,-17.383],[-55.586,-17.374],[-55.593,-17.374],[-55.603,-17.367],[-55.604,-17.367],[-55.612,-17.367],[-55.626,-17.364],[-55.636,-17.353],[-55.649,-17.358],[-55.658,-17.339],[-55.668,-17.351],[-55.675,-17.34],[-55.689,-17.34],[-55.704,-17.352],[-55.709,-17.338],[-55.72,-17.349],[-55.73,-17.34],[-55.74,-17.337],[-55.761,-17.323],[-55.774,-17.331],[-55.781,-17.321],[-55.79,-17.327],[-55.799,-17.314],[-55.805,-17.309],[-55.803,-17.301],[-55.806,-17.298],[-55.821,-17.298],[-55.825,-17.305],[-55.832,-17.302],[-55.826,-17.292],[-55.835,-17.291],[-55.838,-17.3],[-55.845,-17.299],[-55.85,-17.29],[-55.851,-17.281],[-55.858,-17.284],[-55.87,-17.275],[-55.875,-17.269],[-55.88,-17.273],[-55.876,-17.281],[-55.887,-17.285],[-55.902,-17.273],[-55.889,-17.263],[-55.92,-17.265],[-55.926,-17.258],[-55.931,-17.265],[-55.931,-17.274],[-55.938,-17.279],[-55.947,-17.271],[-55.95,-17.263],[-55.96,-17.25],[-55.967,-17.255],[-55.983,-17.25],[-55.992,-17.24],[-56.004,-17.245],[-56.004,-17.234],[-56.012,-17.237],[-56.013,-17.223],[-56.008,-17.217],[-56.017,-17.209],[-56.005,-17.204],[-56.016,-17.19],[-56.03,-17.187],[-56.044,-17.171],[-56.049,-17.174],[-56.047,-17.185],[-56.056,-17.182],[-56.06,-17.172],[-56.07,-17.17],[-56.083,-17.178],[-56.102,-17.174],[-56.112,-17.166],[-56.118,-17.174],[-56.129,-17.179],[-56.141,-17.181],[-56.157,-17.187],[-56.163,-17.195],[-56.171,-17.189],[-56.175,-17.195],[-56.184,-17.195],[-56.191,-17.211],[-56.2,-17.206],[-56.206,-17.214],[-56.212,-17.209],[-56.213,-17.226],[-56.221,-17.229],[-56.234,-17.227],[-56.238,-17.222],[-56.251,-17.219],[-56.255,-17.223],[-56.252,-17.232],[-56.258,-17.238],[-56.272,-17.241],[-56.273,-17.248],[-56.283,-17.247],[-56.282,-17.263],[-56.287,-17.27],[-56.295,-17.271],[-56.298,-17.277],[-56.313,-17.269],[-56.323,-17.276],[-56.323,-17.286],[-56.332,-17.282],[-56.336,-17.29],[-56.35,-17.279],[-56.343,-17.273],[-56.354,-17.267],[-56.362,-17.272],[-56.361,-17.281],[-56.383,-17.288],[-56.389,-17.302],[-56.403,-17.306],[-56.408,-17.316],[-56.417,-17.312],[-56.435,-17.321],[-56.441,-17.33],[-56.451,-17.326],[-56.451,-17.312],[-56.456,-17.31],[-56.466,-17.314],[-56.465,-17.305],[-56.477,-17.305],[-56.49,-17.298],[-56.499,-17.298],[-56.499,-17.29],[-56.514,-17.298],[-56.511,-17.302],[-56.514,-17.313],[-56.532,-17.313],[-56.551,-17.323],[-56.568,-17.315],[-56.579,-17.32],[-56.575,-17.328],[-56.596,-17.332],[-56.606,-17.329],[-56.612,-17.332],[-56.62,-17.322],[-56.629,-17.324],[-56.63,-17.334],[-56.641,-17.327],[-56.644,-17.337],[-56.657,-17.321],[-56.663,-17.327],[-56.655,-17.332],[-56.662,-17.339],[-56.672,-17.335],[-56.674,-17.325],[-56.683,-17.317],[-56.691,-17.325],[-56.694,-17.317],[-56.702,-17.32],[-56.716,-17.317],[-56.723,-17.308],[-56.734,-17.31],[-56.736,-17.321],[-56.743,-17.327],[-56.758,-17.327],[-56.757,-17.337],[-56.769,-17.341],[-56.761,-17.352],[-56.763,-17.361],[-56.767,-17.365],[-56.784,-17.369],[-56.789,-17.374],[-56.786,-17.387],[-56.791,-17.391],[-56.804,-17.387],[-56.821,-17.391],[-56.829,-17.39],[-56.831,-17.41],[-56.842,-17.418],[-56.834,-17.424],[-56.824,-17.423],[-56.82,-17.43],[-56.823,-17.438],[-56.833,-17.435],[-56.841,-17.442],[-56.825,-17.453],[-56.825,-17.459],[-56.832,-17.464],[-56.845,-17.462],[-56.85,-17.471],[-56.846,-17.481],[-56.852,-17.487],[-56.858,-17.483],[-56.865,-17.49],[-56.866,-17.5],[-56.861,-17.505],[-56.876,-17.533],[-56.896,-17.539],[-56.91,-17.532],[-56.915,-17.539],[-56.924,-17.542],[-56.946,-17.555],[-56.947,-17.565],[-56.952,-17.569],[-56.967,-17.571],[-56.974,-17.58],[-56.982,-17.58],[-56.976,-17.596],[-56.981,-17.602],[-56.982,-17.61],[-56.973,-17.614],[-56.962,-17.605],[-56.958,-17.608],[-56.965,-17.622],[-56.974,-17.628],[-56.977,-17.637],[-56.985,-17.645],[-56.988,-17.659],[-57.0,-17.671],[-57.013,-17.672],[-57.02,-17.685],[-57.019,-17.692],[-57.033,-17.695],[-57.037,-17.704],[-57.037,-17.711],[-57.048,-17.733],[-57.057,-17.73],[-57.064,-17.735],[-57.075,-17.737],[-57.08,-17.749],[-57.089,-17.751],[-57.096,-17.761],[-57.102,-17.772],[-57.115,-17.774],[-57.119,-17.781],[-57.128,-17.774],[-57.135,-17.774],[-57.148,-17.768],[-57.154,-17.777],[-57.16,-17.779],[-57.175,-17.776],[-57.191,-17.786],[-57.211,-17.789],[-57.225,-17.783],[-57.235,-17.788],[-57.24,-17.796],[-57.252,-17.798],[-57.245,-17.806],[-57.265,-17.82],[-57.284,-17.813],[-57.283,-17.823],[-57.3,-17.817],[-57.306,-17.811],[-57.311,-17.818],[-57.325,-17.825],[-57.325,-17.829],[-57.343,-17.831],[-57.35,-17.837],[-57.363,-17.834],[-57.368,-17.826],[-57.38,-17.827],[-57.385,-17.843],[-57.401,-17.848],[-57.41,-17.854],[-57.426,-17.856],[-57.436,-17.87],[-57.447,-17.876],[-57.446,-17.892],[-57.453,-17.903],[-57.46,-17.9],[-57.467,-17.889],[-57.478,-17.879],[-57.479,-17.869],[-57.485,-17.862],[-57.516,-17.863],[-57.535,-17.852],[-57.531,-17.839],[-57.552,-17.828],[-57.558,-17.816],[-57.57,-17.817],[-57.578,-17.8],[-57.602,-17.805],[-57.609,-17.797],[-57.613,-17.779],[-57.603,-17.779],[-57.603,-17.772],[-57.615,-17.767],[-57.62,-17.756],[-57.619,-17.748],[-57.623,-17.736],[-57.64,-17.717],[-57.646,-17.724],[-57.664,-17.73],[-57.672,-17.728],[-57.672,-17.72],[-57.685,-17.716],[-57.68,-17.704],[-57.683,-17.696],[-57.681,-17.685],[-57.672,-17.682],[-57.672,-17.664],[-57.679,-17.658],[-57.683,-17.643],[-57.687,-17.643],[-57.688,-17.628],[-57.693,-17.627],[-57.697,-17.621],[-57.702,-17.601],[-57.703,-17.588],[-57.702,-17.578],[-57.711,-17.566],[-57.712,-17.543],[-57.728,-17.53],[-57.74,-17.536],[-57.748,-17.558],[-57.752,-17.564],[-57.765,-17.569],[-57.771,-17.562],[-57.781,-17.562],[-57.792,-17.559],[-57.796,-17.565],[-57.785,-17.571],[-57.786,-17.581],[-57.779,-17.586],[-57.782,-17.594],[-57.775,-17.599],[-57.784,-17.608],[-57.782,-17.616],[-57.773,-17.614],[-57.774,-17.626],[-57.783,-17.637],[-57.776,-17.658],[-57.763,-17.661],[-57.758,-17.671],[-57.75,-17.696],[-57.742,-17.694],[-57.734,-17.716],[-57.728,-17.721],[-57.721,-17.721],[-57.711,-17.729],[-57.719,-17.773],[-57.684,-17.809],[-57.684,-17.829],[-57.721,-17.829],[-57.676,-17.909],[-57.6,-18.043],[-57.574,-18.132],[-57.505,-18.199],[-57.493,-18.202],[-57.481,-18.198],[-57.481,-18.208],[-57.473,-18.213],[-57.469,-18.223],[-57.457,-18.225],[-57.455,-18.233],[-57.558,-18.241],[-57.767,-18.899],[-57.72,-18.899],[-57.719,-18.978],[-57.715,-18.977],[-57.704,-18.987],[-57.697,-18.999],[-57.698,-19.011],[-57.707,-19.025],[-57.71,-19.035],[-57.743,-19.034],[-57.783,-19.035],[-57.831,-19.134],[-57.888,-19.253],[-57.965,-19.414],[-58.001,-19.487],[-58.032,-19.552],[-58.052,-19.594],[-58.131,-19.759],[-57.931,-19.915],[-57.859,-19.972],[-57.867,-19.99],[-57.882,-20.01],[-57.892,-20.022],[-57.903,-20.042],[-57.909,-20.041],[-57.93,-20.022],[-57.939,-20.019],[-57.95,-20.02],[-57.963,-20.027],[-57.971,-20.045],[-57.979,-20.055],[-57.989,-20.059],[-58.001,-20.056],[-58.024,-20.059],[-58.036,-20.068],[-58.044,-20.1],[-58.054,-20.108],[-58.071,-20.106],[-58.088,-20.107],[-58.095,-20.11],[-58.107,-20.128],[-58.117,-20.147],[-58.133,-20.152],[-58.149,-20.152],[-58.165,-20.161],[-58.169,-20.166],[-58.166,-20.177],[-58.159,-20.181],[-58.133,-20.182],[-58.122,-20.194],[-58.124,-20.202],[-58.132,-20.207],[-58.154,-20.216],[-58.164,-20.227],[-58.166,-20.237],[-58.159,-20.264],[-58.145,-20.272],[-58.137,-20.269],[-58.135,-20.262],[-58.127,-20.253],[-58.12,-20.25],[-58.108,-20.249],[-58.097,-20.254],[-58.09,-20.265],[-58.091,-20.285],[-58.095,-20.301],[-58.103,-20.321],[-58.097,-20.336],[-58.094,-20.351],[-58.084,-20.372],[-58.073,-20.388],[-58.062,-20.393],[-58.04,-20.399],[-58.025,-20.4],[-58.004,-20.427],[-57.996,-20.443],[-57.999,-20.456],[-58.014,-20.48],[-58.017,-20.491],[-58.02,-20.514],[-58.016,-20.529],[-58.007,-20.548],[-58.002,-20.565],[-57.997,-20.572],[-57.999,-20.578],[-58.007,-20.589],[-58.013,-20.608],[-58.011,-20.616],[-57.996,-20.632],[-57.979,-20.638],[-57.97,-20.644],[-57.978,-20.668],[-57.988,-20.687],[-57.988,-20.7],[-57.981,-20.706],[-57.958,-20.705],[-57.95,-20.698],[-57.937,-20.67],[-57.929,-20.664],[-57.919,-20.666],[-57.914,-20.671],[-57.903,-20.69],[-57.894,-20.697],[-57.878,-20.714],[-57.87,-20.726],[-57.865,-20.746],[-57.873,-20.751],[-57.92,-20.744],[-57.934,-20.746],[-57.941,-20.752],[-57.95,-20.765],[-57.954,-20.781],[-57.962,-20.793],[-57.959,-20.798],[-57.941,-20.801],[-57.922,-20.795],[-57.911,-20.789],[-57.893,-20.791],[-57.874,-20.807],[-57.859,-20.825],[-57.854,-20.841],[-57.858,-20.851],[-57.873,-20.854],[-57.892,-20.87],[-57.908,-20.881],[-57.915,-20.884],[-57.929,-20.895],[-57.926,-20.903],[-57.916,-20.904],[-57.902,-20.902],[-57.886,-20.909],[-57.88,-20.919],[-57.875,-20.94],[-57.864,-20.949],[-57.844,-20.947],[-57.834,-20.936],[-57.825,-20.934],[-57.82,-20.938],[-57.819,-20.948],[-57.825,-20.965],[-57.818,-20.981],[-57.827,-20.989],[-57.84,-21.006],[-57.846,-21.017],[-57.866,-21.039],[-57.869,-21.046],[-57.866,-21.067],[-57.857,-21.078],[-57.846,-21.097],[-57.863,-21.13],[-57.865,-21.136],[-57.86,-21.158],[-57.849,-21.188],[-57.848,-21.195],[-57.853,-21.227],[-57.857,-21.233],[-57.868,-21.239],[-57.877,-21.248],[-57.907,-21.266],[-57.921,-21.278],[-57.92,-21.285],[-57.906,-21.301],[-57.895,-21.307],[-57.855,-21.317],[-57.854,-21.332],[-57.861,-21.351],[-57.867,-21.357],[-57.892,-21.378],[-57.908,-21.403],[-57.91,-21.421],[-57.927,-21.45],[-57.925,-21.462],[-57.934,-21.484],[-57.947,-21.499],[-57.961,-21.51],[-57.968,-21.521],[-57.968,-21.535],[-57.966,-21.552],[-57.962,-21.562],[-57.951,-21.57],[-57.936,-21.574],[-57.919,-21.582],[-57.915,-21.596],[-57.938,-21.615],[-57.943,-21.629],[-57.93,-21.657],[-57.92,-21.666],[-57.885,-21.684],[-57.883,-21.689],[-57.893,-21.701],[-57.908,-21.713],[-57.941,-21.733],[-57.947,-21.746],[-57.94,-21.758],[-57.927,-21.767],[-57.911,-21.77],[-57.908,-21.774],[-57.914,-21.79],[-57.925,-21.809],[-57.931,-21.825],[-57.943,-21.835],[-57.97,-21.844],[-57.97,-21.851],[-57.96,-21.853],[-57.933,-21.867],[-57.916,-21.876],[-57.917,-21.889],[-57.926,-21.891],[-57.933,-21.888],[-57.948,-21.9],[-57.948,-21.911],[-57.938,-21.915],[-57.937,-21.928],[-57.955,-21.966],[-57.965,-21.984],[-57.965,-22.001],[-57.975,-22.015],[-58.006,-22.031],[-58.01,-22.045],[-58.001,-22.054],[-57.988,-22.059],[-57.983,-22.071],[-57.992,-22.09],[-57.967,-22.089],[-57.965,-22.081],[-57.957,-22.085],[-57.942,-22.083],[-57.937,-22.091],[-57.938,-22.099],[-57.933,-22.105],[-57.922,-22.11],[-57.93,-22.12],[-57.914,-22.122],[-57.907,-22.126],[-57.893,-22.122],[-57.886,-22.13],[-57.873,-22.129],[-57.864,-22.132],[-57.853,-22.127],[-57.845,-22.127],[-57.834,-22.12],[-57.823,-22.123],[-57.819,-22.139],[-57.81,-22.142],[-57.805,-22.15],[-57.791,-22.138],[-57.789,-22.131],[-57.779,-22.125],[-57.768,-22.13],[-57.765,-22.135],[-57.755,-22.135],[-57.748,-22.139],[-57.738,-22.133],[-57.734,-22.123],[-57.742,-22.115],[-57.738,-22.103],[-57.73,-22.1],[-57.72,-22.113],[-57.714,-22.103],[-57.704,-22.1],[-57.699,-22.092],[-57.691,-22.088],[-57.677,-22.102],[-57.67,-22.101],[-57.664,-22.106],[-57.639,-22.106],[-57.615,-22.095],[-57.61,-22.095],[-57.613,-22.11],[-57.606,-22.124],[-57.598,-22.131],[-57.595,-22.141],[-57.586,-22.144],[-57.588,-22.165],[-57.581,-22.175],[-57.553,-22.181],[-57.541,-22.181],[-57.526,-22.174],[-57.517,-22.174],[-57.51,-22.182],[-57.483,-22.192],[-57.471,-22.187],[-57.445,-22.188],[-57.445,-22.192],[-57.435,-22.2],[-57.43,-22.196],[-57.419,-22.197],[-57.389,-22.205],[-57.377,-22.214],[-57.382,-22.224],[-57.376,-22.229],[-57.359,-22.227],[-57.325,-22.239],[-57.318,-22.237],[-57.311,-22.23],[-57.297,-22.221],[-57.281,-22.226],[-57.269,-22.238],[-57.251,-22.241],[-57.248,-22.247],[-57.238,-22.251],[-57.226,-22.243],[-57.218,-22.241],[-57.214,-22.224],[-57.195,-22.212],[-57.192,-22.223],[-57.179,-22.233],[-57.148,-22.234],[-57.134,-22.226],[-57.119,-22.23],[-57.109,-22.231],[-57.112,-22.242],[-57.101,-22.249],[-57.086,-22.245],[-57.084,-22.251],[-57.069,-22.243],[-57.059,-22.242],[-57.06,-22.231],[-57.05,-22.232],[-57.048,-22.241],[-57.031,-22.234],[-57.024,-22.236],[-57.019,-22.231],[-57.01,-22.236],[-56.997,-22.223],[-56.989,-22.229],[-56.987,-22.243],[-56.971,-22.244],[-56.958,-22.238],[-56.954,-22.25],[-56.947,-22.256],[-56.93,-22.254],[-56.916,-22.255],[-56.909,-22.265],[-56.901,-22.262],[-56.9,-22.252],[-56.888,-22.245],[-56.879,-22.253],[-56.875,-22.264],[-56.881,-22.276],[-56.87,-22.282],[-56.86,-22.292],[-56.853,-22.291],[-56.844,-22.301],[-56.826,-22.296],[-56.823,-22.29],[-56.805,-22.285],[-56.801,-22.281],[-56.808,-22.272],[-56.804,-22.266],[-56.806,-22.26],[-56.802,-22.249],[-56.794,-22.243],[-56.783,-22.258],[-56.776,-22.26],[-56.772,-22.255],[-56.762,-22.249],[-56.758,-22.242],[-56.746,-22.236],[-56.744,-22.241],[-56.731,-22.248],[-56.734,-22.257],[-56.72,-22.265],[-56.72,-22.257],[-56.713,-22.252],[-56.706,-22.243],[-56.705,-22.237],[-56.698,-22.235],[-56.694,-22.229],[-56.704,-22.223],[-56.691,-22.218],[-56.684,-22.221],[-56.682,-22.237],[-56.673,-22.249],[-56.667,-22.249],[-56.652,-22.257],[-56.642,-22.265],[-56.638,-22.258],[-56.643,-22.246],[-56.638,-22.241],[-56.627,-22.246],[-56.616,-22.236],[-56.606,-22.232],[-56.603,-22.22],[-56.582,-22.206],[-56.569,-22.207],[-56.563,-22.198],[-56.556,-22.195],[-56.557,-22.188],[-56.554,-22.176],[-56.557,-22.169],[-56.549,-22.166],[-56.538,-22.157],[-56.54,-22.147],[-56.528,-22.148],[-56.523,-22.137],[-56.525,-22.125],[-56.519,-22.109],[-56.509,-22.099],[-56.495,-22.094],[-56.48,-22.094],[-56.471,-22.08],[-56.452,-22.079],[-56.434,-22.085],[-56.419,-22.079],[-56.392,-22.08],[-56.393,-22.101],[-56.385,-22.11],[-56.38,-22.119],[-56.372,-22.126],[-56.368,-22.137],[-56.374,-22.143],[-56.366,-22.159],[-56.367,-22.163],[-56.358,-22.172],[-56.349,-22.174],[-56.346,-22.181],[-56.346,-22.188],[-56.33,-22.199],[-56.331,-22.204],[-56.318,-22.215],[-56.309,-22.214],[-56.299,-22.218],[-56.285,-22.232],[-56.267,-22.236],[-56.25,-22.238],[-56.237,-22.237],[-56.233,-22.245],[-56.234,-22.255],[-56.213,-22.276],[-56.2,-22.278],[-56.19,-22.273],[-56.187,-22.279],[-56.174,-22.28],[-56.169,-22.287],[-56.161,-22.282],[-56.136,-22.286],[-56.129,-22.283],[-56.124,-22.272],[-56.101,-22.279],[-56.098,-22.283],[-56.088,-22.285],[-56.083,-22.282],[-56.069,-22.287],[-56.063,-22.277],[-56.049,-22.278],[-56.04,-22.283],[-56.017,-22.289],[-56.009,-22.293],[-55.993,-22.282],[-55.98,-22.281],[-55.969,-22.292],[-55.966,-22.289],[-55.954,-22.29],[-55.936,-22.28],[-55.92,-22.281],[-55.913,-22.279],[-55.905,-22.285],[-55.888,-22.282],[-55.865,-22.284],[-55.857,-22.281],[-55.843,-22.287],[-55.839,-22.302],[-55.833,-22.315],[-55.832,-22.326],[-55.821,-22.345],[-55.815,-22.346],[-55.809,-22.352],[-55.801,-22.355],[-55.799,-22.365],[-55.804,-22.372],[-55.791,-22.381],[-55.788,-22.389],[-55.78,-22.384],[-55.767,-22.384],[-55.757,-22.386],[-55.749,-22.383],[-55.742,-22.395],[-55.746,-22.404],[-55.737,-22.411],[-55.74,-22.424],[-55.734,-22.442],[-55.738,-22.454],[-55.751,-22.475],[-55.747,-22.486],[-55.747,-22.506],[-55.741,-22.515],[-55.738,-22.526],[-55.724,-22.552],[-55.699,-22.563],[-55.695,-22.578],[-55.683,-22.589],[-55.67,-22.594],[-55.667,-22.599],[-55.641,-22.613],[-55.625,-22.628],[-55.623,-22.651],[-55.614,-22.655],[-55.617,-22.665],[-55.617,-22.678],[-55.609,-22.689],[-55.614,-22.693],[-55.613,-22.717],[-55.617,-22.725],[-55.616,-22.74],[-55.621,-22.745],[-55.62,-22.753],[-55.627,-22.758],[-55.618,-22.768],[-55.631,-22.767],[-55.637,-22.772],[-55.636,-22.779],[-55.65,-22.791],[-55.649,-22.802],[-55.656,-22.809],[-55.653,-22.817],[-55.661,-22.827],[-55.659,-22.841],[-55.666,-22.852],[-55.66,-22.864],[-55.661,-22.882],[-55.651,-22.887],[-55.649,-22.897],[-55.651,-22.902],[-55.645,-22.924],[-55.652,-22.931],[-55.644,-22.942],[-55.648,-22.95],[-55.638,-22.951],[-55.637,-22.965],[-55.622,-22.985],[-55.634,-22.992],[-55.633,-23.008],[-55.639,-23.026],[-55.624,-23.033],[-55.614,-23.041],[-55.611,-23.048],[-55.611,-23.077],[-55.617,-23.082],[-55.612,-23.09],[-55.6,-23.104],[-55.596,-23.119],[-55.597,-23.153],[-55.583,-23.148],[-55.573,-23.143],[-55.567,-23.144],[-55.555,-23.153],[-55.542,-23.156],[-55.54,-23.175],[-55.543,-23.181],[-55.523,-23.198],[-55.526,-23.208],[-55.54,-23.221],[-55.542,-23.227],[-55.539,-23.241],[-55.537,-23.251],[-55.53,-23.253],[-55.523,-23.26],[-55.533,-23.269],[-55.553,-23.279],[-55.555,-23.288],[-55.549,-23.304],[-55.556,-23.316],[-55.535,-23.333],[-55.521,-23.352],[-55.519,-23.365],[-55.507,-23.37],[-55.505,-23.378],[-55.516,-23.41],[-55.529,-23.43],[-55.538,-23.439],[-55.545,-23.449],[-55.541,-23.456],[-55.545,-23.477],[-55.562,-23.476],[-55.56,-23.483],[-55.552,-23.489],[-55.548,-23.505],[-55.547,-23.523],[-55.537,-23.54],[-55.536,-23.555],[-55.526,-23.567],[-55.531,-23.572],[-55.528,-23.58],[-55.538,-23.592],[-55.536,-23.617],[-55.54,-23.625],[-55.53,-23.628],[-55.511,-23.623],[-55.51,-23.633],[-55.489,-23.643],[-55.482,-23.645],[-55.475,-23.651],[-55.475,-23.674],[-55.462,-23.684],[-55.467,-23.703],[-55.464,-23.712],[-55.455,-23.717],[-55.449,-23.712],[-55.44,-23.713],[-55.442,-23.728],[-55.449,-23.742],[-55.443,-23.756],[-55.443,-23.766],[-55.434,-23.771],[-55.43,-23.79],[-55.435,-23.793],[-55.444,-23.809],[-55.454,-23.819],[-55.441,-23.829],[-55.439,-23.857],[-55.44,-23.866],[-55.436,-23.872],[-55.44,-23.905],[-55.446,-23.917],[-55.438,-23.919],[-55.428,-23.926],[-55.427,-23.94],[-55.417,-23.948],[-55.42,-23.957],[-55.414,-23.965],[-55.405,-23.965],[-55.398,-23.974],[-55.388,-23.968],[-55.379,-23.975],[-55.364,-23.982],[-55.358,-23.989],[-55.349,-23.994],[-55.336,-23.993],[-55.318,-23.963],[-55.304,-23.965],[-55.296,-23.972],[-55.283,-23.978],[-55.278,-23.985],[-55.264,-23.988],[-55.262,-23.992],[-55.26,-23.994],[-55.235,-24.007],[-55.229,-24.014],[-55.207,-24.004],[-55.199,-23.996],[-55.198,-23.987],[-55.181,-23.988],[-55.179,-23.994],[-55.16,-23.988],[-55.149,-23.989],[-55.129,-23.984],[-55.125,-23.976],[-55.118,-23.977],[-55.107,-23.965],[-55.094,-23.975],[-55.09,-23.983],[-55.073,-23.985],[-55.062,-23.993],[-55.046,-23.984],[-55.033,-23.974],[-55.02,-23.973],[-54.999,-23.958],[-54.985,-23.963],[-54.976,-23.958],[-54.967,-23.966],[-54.942,-23.965],[-54.925,-23.96],[-54.93,-23.944],[-54.924,-23.937],[-54.927,-23.925],[-54.913,-23.922],[-54.909,-23.911],[-54.894,-23.911],[-54.891,-23.9],[-54.885,-23.897],[-54.873,-23.909],[-54.86,-23.905],[-54.851,-23.908],[-54.85,-23.897],[-54.836,-23.884],[-54.823,-23.89],[-54.814,-23.89],[-54.811,-23.884],[-54.793,-23.868],[-54.787,-23.87],[-54.775,-23.865],[-54.764,-23.866],[-54.759,-23.857],[-54.749,-23.861],[-54.745,-23.869],[-54.733,-23.87],[-54.721,-23.866],[-54.705,-23.865],[-54.698,-23.858],[-54.699,-23.842],[-54.692,-23.834],[-54.684,-23.831],[-54.669,-23.817],[-54.653,-23.822],[-54.647,-23.834],[-54.631,-23.83],[-54.625,-23.835],[-54.617,-23.835],[-54.61,-23.851],[-54.601,-23.852],[-54.589,-23.839],[-54.581,-23.846],[-54.564,-23.854],[-54.57,-23.868],[-54.569,-23.875],[-54.557,-23.87],[-54.543,-23.868],[-54.535,-23.873],[-54.523,-23.874],[-54.515,-23.885],[-54.507,-23.882],[-54.493,-23.885],[-54.487,-23.894],[-54.478,-23.898],[-54.463,-23.901],[-54.456,-23.899],[-54.44,-23.904],[-54.426,-23.916],[-54.427,-23.931],[-54.416,-23.946],[-54.415,-23.958],[-54.401,-23.965],[-54.394,-23.965],[-54.387,-23.983],[-54.377,-23.991],[-54.37,-23.992],[-54.352,-24.008],[-54.338,-24.002],[-54.336,-24.006],[-54.324,-24.004],[-54.319,-24.012],[-54.322,-24.024],[-54.314,-24.034],[-54.31,-24.046],[-54.286,-24.068],[-54.277,-24.062],[-54.26,-24.057],[-54.249,-24.056],[-54.227,-24.043],[-54.217,-24.036],[-54.175,-24.002],[-54.169,-23.999],[-54.154,-23.992],[-54.14,-23.988],[-54.13,-23.982],[-54.117,-23.971],[-54.102,-23.952],[-54.098,-23.944],[-54.093,-23.924],[-54.081,-23.891],[-54.079,-23.881],[-54.084,-23.865],[-54.088,-23.845],[-54.083,-23.831],[-54.086,-23.825],[-54.084,-23.805],[-54.081,-23.781],[-54.076,-23.765],[-54.066,-23.746],[-54.055,-23.731],[-54.052,-23.721],[-54.053,-23.702],[-54.051,-23.687],[-54.045,-23.669],[-54.035,-23.656],[-54.031,-23.646],[-54.031,-23.628],[-54.029,-23.613],[-54.023,-23.597],[-54.024,-23.586],[-54.013,-23.562],[-54.007,-23.545],[-54.004,-23.511],[-53.995,-23.49],[-53.987,-23.467],[-53.981,-23.457],[-53.972,-23.448],[-53.96,-23.443],[-53.941,-23.446],[-53.932,-23.446],[-53.907,-23.432],[-53.877,-23.42],[-53.856,-23.407],[-53.825,-23.392],[-53.816,-23.386],[-53.79,-23.38],[-53.776,-23.375],[-53.766,-23.368],[-53.762,-23.359],[-53.759,-23.354],[-53.741,-23.336],[-53.725,-23.31],[-53.715,-23.283],[-53.706,-23.263],[-53.699,-23.235],[-53.694,-23.221],[-53.68,-23.195],[-53.669,-23.184],[-53.659,-23.163],[-53.66,-23.154],[-53.655,-23.144],[-53.637,-23.125],[-53.636,-23.106],[-53.632,-23.07],[-53.631,-23.023],[-53.63,-23.014],[-53.634,-23.003],[-53.634,-22.998],[-53.617,-22.974],[-53.607,-22.951],[-53.589,-22.936],[-53.571,-22.928],[-53.561,-22.916],[-53.559,-22.906],[-53.547,-22.89],[-53.531,-22.881],[-53.524,-22.88],[-53.485,-22.864],[-53.451,-22.842],[-53.43,-22.833],[-53.419,-22.825],[-53.41,-22.814],[-53.399,-22.807],[-53.38,-22.804],[-53.372,-22.799],[-53.364,-22.784],[-53.352,-22.776],[-53.327,-22.765],[-53.289,-22.75],[-53.24,-22.733],[-53.223,-22.731],[-53.207,-22.731],[-53.194,-22.725],[-53.185,-22.719],[-53.166,-22.694],[-53.148,-22.678],[-53.128,-22.652],[-53.105,-22.622],[-53.11,-22.61],[-53.108,-22.596],[-53.098,-22.582],[-53.086,-22.562],[-53.074,-22.549],[-53.058,-22.537],[-53.04,-22.527],[-53.014,-22.521],[-53.007,-22.513],[-52.999,-22.493],[-52.988,-22.487],[-52.948,-22.473],[-52.886,-22.453],[-52.855,-22.439],[-52.84,-22.415],[-52.808,-22.388],[-52.798,-22.378],[-52.746,-22.343],[-52.724,-22.335],[-52.695,-22.315],[-52.655,-22.303],[-52.646,-22.298],[-52.633,-22.285],[-52.623,-22.279],[-52.604,-22.273],[-52.597,-22.269],[-52.587,-22.257],[-52.571,-22.248],[-52.542,-22.24],[-52.523,-22.229],[-52.503,-22.225],[-52.488,-22.217],[-52.48,-22.201],[-52.456,-22.185],[-52.446,-22.177],[-52.433,-22.163],[-52.408,-22.142],[-52.402,-22.126],[-52.392,-22.115],[-52.377,-22.107],[-52.355,-22.077],[-52.345,-22.062],[-52.339,-22.048],[-52.332,-22.02],[-52.326,-22.002],[-52.319,-21.972],[-52.309,-21.952],[-52.301,-21.942],[-52.28,-21.923],[-52.275,-21.915],[-52.264,-21.912],[-52.259,-21.907],[-52.248,-21.902],[-52.228,-21.879],[-52.207,-21.862],[-52.189,-21.844],[-52.184,-21.826],[-52.184,-21.814],[-52.171,-21.786],[-52.161,-21.771],[-52.148,-21.76],[-52.118,-21.749],[-52.104,-21.746],[-52.094,-21.73],[-52.077,-21.715],[-52.056,-21.677],[-52.048,-21.656],[-52.05,-21.643],[-52.061,-21.624],[-52.069,-21.598],[-52.084,-21.583],[-52.092,-21.581],[-52.102,-21.57],[-52.102,-21.555],[-52.096,-21.542],[-52.088,-21.533],[-52.078,-21.515],[-52.066,-21.505],[-52.057,-21.504],[-52.038,-21.509],[-52.022,-21.511],[-52.0,-21.517],[-51.987,-21.512],[-51.968,-21.502],[-51.962,-21.493],[-51.952,-21.474],[-51.943,-21.465],[-51.929,-21.456],[-51.922,-21.44],[-51.918,-21.412],[-51.911,-21.393],[-51.9,-21.378],[-51.888,-21.367],[-51.869,-21.354],[-51.861,-21.337],[-51.861,-21.317],[-51.857,-21.29],[-51.849,-21.276],[-51.849,-21.267],[-51.855,-21.26],[-51.855,-21.25],[-51.861,-21.239],[-51.864,-21.227],[-51.874,-21.211],[-51.88,-21.198],[-51.876,-21.181],[-51.879,-21.148],[-51.876,-21.136],[-51.865,-21.131],[-51.845,-21.131],[-51.824,-21.127],[-51.815,-21.121],[-51.808,-21.11],[-51.79,-21.102],[-51.776,-21.073],[-51.773,-21.051],[-51.771,-21.043],[-51.76,-21.022],[-51.744,-21.005],[-51.738,-20.995],[-51.723,-20.977],[-51.714,-20.971],[-51.696,-20.971],[-51.686,-20.973],[-51.667,-20.971],[-51.655,-20.965],[-51.644,-20.956],[-51.633,-20.952],[-51.624,-20.944],[-51.619,-20.933],[-51.618,-20.911],[-51.614,-20.896],[-51.615,-20.886],[-51.628,-20.869],[-51.633,-20.833],[-51.633,-20.822],[-51.626,-20.796],[-51.627,-20.785],[-51.622,-20.777],[-51.635,-20.755],[-51.632,-20.737],[-51.624,-20.712],[-51.611,-20.686],[-51.603,-20.662],[-51.588,-20.636],[-51.575,-20.623],[-51.568,-20.618],[-51.533,-20.597],[-51.5,-20.568],[-51.493,-20.547],[-51.466,-20.508],[-51.464,-20.502],[-51.457,-20.496],[-51.449,-20.483],[-51.435,-20.473],[-51.419,-20.465],[-51.409,-20.46],[-51.399,-20.446],[-51.378,-20.402],[-51.372,-20.393],[-51.361,-20.384],[-51.354,-20.369],[-51.343,-20.356],[-51.321,-20.34],[-51.296,-20.328],[-51.24,-20.317],[-51.198,-20.312],[-51.161,-20.305],[-51.132,-20.296],[-51.109,-20.28],[-51.069,-20.25],[-51.059,-20.235],[-51.054,-20.22],[-51.049,-20.199],[-51.038,-20.175],[-51.029,-20.151],[-51.022,-20.133],[-51.007,-20.106],[-51.001,-20.096],[-51.001,-20.085],[-51.01,-20.072],[-51.018,-20.048],[-51.017,-20.042],[-51.006,-20.025],[-51.005,-19.996],[-51.015,-19.981],[-51.021,-19.968],[-51.021,-19.959],[-51.01,-19.935],[-51.002,-19.925],[-50.999,-19.906],[-51.019,-19.87],[-51.02,-19.857],[-51.018,-19.837],[-51.021,-19.828],[-51.024,-19.804],[-51.033,-19.791],[-51.04,-19.782],[-51.04,-19.777],[-51.028,-19.757],[-51.03,-19.751],[-51.046,-19.736],[-51.045,-19.727],[-51.038,-19.72],[-51.04,-19.713],[-51.038,-19.692],[-51.022,-19.661],[-51.013,-19.654],[-51.011,-19.645],[-50.99,-19.605],[-50.988,-19.59],[-50.978,-19.582],[-50.962,-19.582],[-50.947,-19.592],[-50.931,-19.59],[-50.924,-19.581],[-50.924,-19.559],[-50.931,-19.542],[-50.945,-19.526],[-50.963,-19.501],[-50.964,-19.486],[-50.957,-19.476],[-50.949,-19.471],[-50.935,-19.468],[-50.936,-19.461],[-50.945,-19.453],[-50.952,-19.443],[-50.968,-19.435],[-50.983,-19.433],[-50.986,-19.429],[-50.988,-19.408],[-50.994,-19.408],[-51.005,-19.413],[-51.005,-19.401],[-51.019,-19.401],[-51.026,-19.399],[-51.02,-19.387],[-51.03,-19.367],[-51.042,-19.356],[-51.045,-19.343],[-51.058,-19.33],[-51.065,-19.331],[-51.092,-19.308],[-51.111,-19.307],[-51.118,-19.303],[-51.127,-19.303],[-51.144,-19.287],[-51.169,-19.287],[-51.183,-19.28],[-51.187,-19.27],[-51.206,-19.262],[-51.225,-19.259],[-51.23,-19.265],[-51.243,-19.269],[-51.255,-19.268],[-51.277,-19.261],[-51.279,-19.249],[-51.286,-19.252],[-51.291,-19.245],[-51.308,-19.233],[-51.303,-19.223],[-51.309,-19.218],[-51.323,-19.219],[-51.337,-19.222],[-51.346,-19.214],[-51.364,-19.223],[-51.365,-19.215],[-51.37,-19.209],[-51.37,-19.2],[-51.378,-19.193],[-51.395,-19.196],[-51.409,-19.184],[-51.405,-19.178],[-51.41,-19.172],[-51.418,-19.173],[-51.42,-19.166],[-51.439,-19.171],[-51.448,-19.16],[-51.455,-19.161],[-51.459,-19.168],[-51.468,-19.161],[-51.473,-19.154],[-51.482,-19.16],[-51.499,-19.161],[-51.502,-19.147],[-51.514,-19.15],[-51.527,-19.139],[-51.539,-19.143],[-51.551,-19.141],[-51.555,-19.132],[-51.569,-19.134],[-51.592,-19.127],[-51.597,-19.137],[-51.609,-19.141],[-51.614,-19.137],[-51.623,-19.138],[-51.635,-19.131],[-51.646,-19.13],[-51.652,-19.136],[-51.66,-19.134],[-51.692,-19.118],[-51.7,-19.119],[-51.716,-19.106],[-51.727,-19.108],[-51.731,-19.1],[-51.74,-19.101],[-51.748,-19.094],[-51.745,-19.086],[-51.758,-19.089],[-51.765,-19.087],[-51.778,-19.078],[-51.784,-19.081],[-51.797,-19.073],[-51.796,-19.066],[-51.808,-19.062],[-51.816,-19.055],[-51.833,-19.056],[-51.844,-19.053],[-51.836,-19.046],[-51.845,-19.042],[-51.852,-19.052],[-51.861,-19.047],[-51.863,-19.042],[-51.876,-19.031],[-51.889,-19.01],[-51.893,-19.007],[-51.897,-18.994],[-51.907,-18.994],[-51.917,-18.984],[-51.926,-18.985],[-51.93,-18.977],[-51.941,-18.968],[-51.951,-18.981],[-51.96,-18.978],[-51.962,-18.969],[-51.969,-18.967],[-51.97,-18.978],[-51.979,-18.974],[-51.996,-18.974],[-52.003,-18.968],[-52.007,-18.976],[-52.014,-18.976],[-52.019,-18.963],[-52.026,-18.963],[-52.035,-18.958],[-52.043,-18.959],[-52.044,-18.951],[-52.079,-18.951],[-52.091,-18.941],[-52.106,-18.926],[-52.107,-18.91],[-52.111,-18.899],[-52.119,-18.901],[-52.134,-18.897],[-52.136,-18.89],[-52.151,-18.893],[-52.164,-18.87],[-52.173,-18.857],[-52.18,-18.854],[-52.187,-18.846],[-52.198,-18.85],[-52.208,-18.849],[-52.216,-18.843],[-52.252,-18.839],[-52.263,-18.828],[-52.273,-18.832],[-52.286,-18.828],[-52.293,-18.829],[-52.298,-18.836],[-52.305,-18.84],[-52.324,-18.831],[-52.334,-18.829],[-52.337,-18.823],[-52.345,-18.823],[-52.354,-18.8],[-52.364,-18.799],[-52.375,-18.791],[-52.379,-18.782],[-52.395,-18.769],[-52.401,-18.759],[-52.407,-18.757],[-52.412,-18.744],[-52.416,-18.737],[-52.424,-18.733],[-52.438,-18.712],[-52.448,-18.692],[-52.464,-18.686],[-52.471,-18.687],[-52.492,-18.678],[-52.502,-18.676],[-52.522,-18.665],[-52.532,-18.657],[-52.539,-18.659],[-52.547,-18.657],[-52.566,-18.665],[-52.574,-18.674],[-52.586,-18.681],[-52.589,-18.687],[-52.598,-18.69],[-52.604,-18.688],[-52.622,-18.689],[-52.632,-18.696],[-52.635,-18.692],[-52.649,-18.686],[-52.667,-18.683],[-52.674,-18.679],[-52.687,-18.678],[-52.7,-18.685],[-52.716,-18.691],[-52.731,-18.689],[-52.748,-18.692],[-52.763,-18.681],[-52.785,-18.681],[-52.81,-18.668],[-52.822,-18.672],[-52.836,-18.667],[-52.846,-18.667],[-52.851,-18.66],[-52.857,-18.658],[-52.873,-18.646],[-52.893,-18.646],[-52.913,-18.642],[-52.918,-18.635],[-52.914,-18.628],[-52.914,-18.62],[-52.921,-18.613],[-52.937,-18.614],[-52.941,-18.611],[-52.934,-18.599],[-52.941,-18.586],[-52.952,-18.577],[-52.954,-18.562],[-52.965,-18.55],[-52.962,-18.541],[-52.955,-18.534],[-52.943,-18.517],[-52.92,-18.511],[-52.913,-18.505],[-52.91,-18.492],[-52.899,-18.477],[-52.881,-18.465],[-52.879,-18.443],[-52.876,-18.431],[-52.871,-18.426],[-52.851,-18.422],[-52.839,-18.424],[-52.828,-18.42],[-52.807,-18.418],[-52.798,-18.415],[-52.793,-18.408],[-52.788,-18.393],[-52.784,-18.388],[-52.77,-18.38],[-52.762,-18.371],[-52.759,-18.363],[-52.759,-18.348],[-52.776,-18.329],[-52.797,-18.316],[-52.821,-18.311],[-52.856,-18.312],[-52.873,-18.315],[-52.914,-18.301],[-52.935,-18.297],[-52.954,-18.297],[-52.965,-18.299],[-52.984,-18.307],[-53.005,-18.323],[-53.014,-18.326],[-53.023,-18.349],[-53.028,-18.352],[-53.044,-18.344],[-53.065,-18.344],[-53.072,-18.341],[-53.083,-18.327],[-53.1,-18.314],[-53.103,-18.292],[-53.102,-18.273],[-53.108,-18.26],[-53.111,-18.235],[-53.11,-18.22],[-53.13,-18.161],[-53.129,-18.139],[-53.137,-18.119],[-53.143,-18.084],[-53.14,-18.072],[-53.124,-18.059],[-53.103,-18.059],[-53.082,-18.055],[-53.076,-18.051],[-53.072,-18.034],[-53.074,-18.035],[-53.174,-18.042],[-53.191,-18.036],[-53.199,-18.02],[-53.205,-18.022],[-53.218,-18.014],[-53.23,-18.012],[-53.238,-18.007],[-53.242,-18.005],[-53.274,-18.002],[-53.288,-17.999],[-53.292,-17.996],[-53.308,-17.996],[-53.319,-18.0],[-53.332,-18.002],[-53.336,-18.007],[-53.36,-18.006],[-53.381,-18.009],[-53.397,-18.0],[-53.404,-17.993]]]},"properties":{"uf":"MS","code":50}},{"type":"Feature","geometry":{"type":"Polygon","coordinates":[[[-56.272,-9.401],[-56.672,-9.367],[-56.692,-9.371],[-56.698,-9.374],[-56.708,-9.373],[-56.716,-9.377],[-56.718,-9.384],[-56.738,-9.397],[-56.754,-9.406],[-56.761,-9.405],[-56.772,-9.391],[-56.77,-9.376],[-56.776,-9.366],[-56.777,-9.352],[-56.776,-9.329],[-56.779,-9.317],[-56.785,-9.317],[-56.792,-9.294],[-56.8,-9.28],[-56.803,-9.268],[-56.812,-9.254],[-56.82,-9.246],[-56.844,-9.241],[-56.86,-9.232],[-56.872,-9.239],[-56.88,-9.24],[-56.895,-9.235],[-56.942,-9.229],[-56.949,-9.224],[-56.964,-9.225],[-56.973,-9.229],[-56.986,-9.23],[-56.995,-9.234],[-57.008,-9.223],[-57.023,-9.22],[-57.034,-9.21],[-57.039,-9.197],[-57.047,-9.194],[-57.06,-9.182],[-57.059,-9.17],[-57.052,-9.159],[-57.06,-9.137],[-57.041,-9.115],[-57.039,-9.098],[-57.046,-9.089],[-57.063,-9.079],[-57.06,-9.064],[-57.076,-9.055],[-57.09,-9.038],[-57.095,-9.017],[-57.108,-9.012],[-57.138,-8.995],[-57.148,-8.982],[-57.162,-8.969],[-57.182,-8.941],[-57.189,-8.933],[-57.204,-8.921],[-57.216,-8.914],[-57.236,-8.907],[-57.245,-8.906],[-57.262,-8.908],[-57.289,-8.916],[-57.306,-8.91],[-57.312,-8.89],[-57.318,-8.886],[-57.35,-8.881],[-57.377,-8.882],[-57.384,-8.88],[-57.403,-8.863],[-57.416,-8.859],[-57.42,-8.853],[-57.42,-8.842],[-57.414,-8.831],[-57.414,-8.812],[-57.417,-8.793],[-57.428,-8.783],[-57.44,-8.783],[-57.45,-8.786],[-57.464,-8.785],[-57.485,-8.769],[-57.507,-8.761],[-57.523,-8.75],[-57.53,-8.748],[-57.544,-8.752],[-57.562,-8.761],[-57.586,-8.759],[-57.593,-8.757],[-57.597,-8.745],[-57.601,-8.741],[-57.594,-8.707],[-57.598,-8.688],[-57.603,-8.679],[-57.605,-8.663],[-57.611,-8.659],[-57.623,-8.645],[-57.625,-8.639],[-57.625,-8.621],[-57.621,-8.604],[-57.622,-8.591],[-57.631,-8.585],[-57.645,-8.582],[-57.649,-8.576],[-57.647,-8.567],[-57.651,-8.553],[-57.639,-8.541],[-57.633,-8.527],[-57.638,-8.514],[-57.659,-8.5],[-57.66,-8.49],[-57.652,-8.479],[-57.654,-8.465],[-57.664,-8.457],[-57.683,-8.43],[-57.687,-8.416],[-57.687,-8.407],[-57.67,-8.379],[-57.668,-8.364],[-57.676,-8.341],[-57.68,-8.327],[-57.678,-8.312],[-57.669,-8.301],[-57.664,-8.291],[-57.663,-8.268],[-57.659,-8.258],[-57.645,-8.235],[-57.642,-8.22],[-57.646,-8.206],[-57.658,-8.187],[-57.673,-8.173],[-57.693,-8.171],[-57.705,-8.168],[-57.715,-8.158],[-57.719,-8.151],[-57.726,-8.118],[-57.727,-8.098],[-57.733,-8.089],[-57.75,-8.074],[-57.776,-8.052],[-57.792,-8.027],[-57.802,-8.007],[-57.817,-7.99],[-57.829,-7.973],[-57.832,-7.962],[-57.832,-7.933],[-57.834,-7.909],[-57.833,-7.895],[-57.835,-7.881],[-57.841,-7.862],[-57.855,-7.834],[-57.868,-7.813],[-57.874,-7.801],[-57.88,-7.782],[-57.883,-7.747],[-57.887,-7.728],[-57.889,-7.712],[-57.897,-7.678],[-57.901,-7.668],[-57.916,-7.657],[-57.934,-7.657],[-57.94,-7.653],[-57.942,-7.643],[-57.942,-7.619],[-57.945,-7.602],[-57.952,-7.58],[-57.964,-7.555],[-57.973,-7.535],[-57.987,-7.515],[-57.994,-7.5],[-58.002,-7.488],[-58.02,-7.473],[-58.035,-7.454],[-58.04,-7.446],[-58.048,-7.422],[-58.061,-7.395],[-58.069,-7.389],[-58.092,-7.374],[-58.113,-7.357],[-58.121,-7.352],[-58.138,-7.349],[-58.137,-7.356],[-58.147,-7.37],[-58.161,-7.382],[-58.173,-7.394],[-58.2,-7.435],[-58.213,-7.458],[-58.214,-7.467],[-58.212,-7.484],[-58.213,-7.493],[-58.223,-7.524],[-58.221,-7.542],[-58.217,-7.558],[-58.204,-7.589],[-58.2,-7.613],[-58.202,-7.621],[-58.24,-7.654],[-58.252,-7.677],[-58.276,-7.7],[-58.283,-7.715],[-58.283,-7.741],[-58.29,-7.764],[-58.3,-7.777],[-58.314,-7.787],[-58.334,-7.804],[-58.34,-7.808],[-58.365,-7.817],[-58.378,-7.827],[-58.385,-7.844],[-58.384,-7.852],[-58.375,-7.865],[-58.374,-7.872],[-58.375,-7.899],[-58.373,-7.907],[-58.365,-7.921],[-58.355,-7.944],[-58.331,-7.969],[-58.325,-7.993],[-58.325,-8.01],[-58.322,-8.025],[-58.31,-8.045],[-58.293,-8.071],[-58.286,-8.088],[-58.292,-8.104],[-58.292,-8.113],[-58.287,-8.129],[-58.29,-8.136],[-58.317,-8.155],[-58.322,-8.17],[-58.322,-8.178],[-58.318,-8.185],[-58.313,-8.209],[-58.321,-8.224],[-58.322,-8.232],[-58.32,-8.248],[-58.322,-8.256],[-58.321,-8.272],[-58.328,-8.286],[-58.326,-8.294],[-58.316,-8.306],[-58.315,-8.323],[-58.319,-8.33],[-58.326,-8.335],[-58.345,-8.341],[-58.352,-8.353],[-58.35,-8.368],[-58.355,-8.382],[-58.355,-8.393],[-58.361,-8.399],[-58.368,-8.414],[-58.381,-8.432],[-58.39,-8.439],[-58.396,-8.45],[-58.397,-8.46],[-58.405,-8.464],[-58.418,-8.489],[-58.42,-8.502],[-58.415,-8.523],[-58.408,-8.528],[-58.405,-8.538],[-58.41,-8.558],[-58.41,-8.57],[-58.398,-8.58],[-58.389,-8.595],[-58.391,-8.603],[-58.398,-8.608],[-58.401,-8.616],[-58.404,-8.631],[-58.414,-8.644],[-58.425,-8.674],[-58.433,-8.688],[-58.437,-8.703],[-58.434,-8.71],[-58.412,-8.721],[-58.404,-8.718],[-58.391,-8.709],[-58.376,-8.704],[-58.351,-8.702],[-58.328,-8.712],[-58.326,-8.72],[-58.332,-8.726],[-58.348,-8.733],[-58.366,-8.749],[-58.388,-8.775],[-58.416,-8.793],[-58.423,-8.789],[-58.43,-8.79],[-58.442,-8.799],[-58.443,-8.799],[-58.558,-8.8],[-58.963,-8.803],[-59.127,-8.803],[-59.289,-8.803],[-59.481,-8.803],[-60.001,-8.801],[-60.085,-8.8],[-60.33,-8.797],[-60.42,-8.797],[-60.515,-8.797],[-60.835,-8.798],[-61.014,-8.798],[-61.185,-8.799],[-61.31,-8.799],[-61.467,-8.799],[-61.583,-8.799],[-61.58,-8.803],[-61.568,-8.801],[-61.563,-8.807],[-61.553,-8.809],[-61.543,-8.819],[-61.533,-8.82],[-61.527,-8.817],[-61.521,-8.822],[-61.52,-8.828],[-61.514,-8.837],[-61.514,-8.849],[-61.513,-8.861],[-61.505,-8.872],[-61.492,-8.885],[-61.485,-8.906],[-61.47,-8.915],[-61.469,-8.92],[-61.489,-8.937],[-61.506,-8.966],[-61.512,-8.98],[-61.514,-8.99],[-61.519,-8.996],[-61.523,-9.01],[-61.528,-9.019],[-61.53,-9.039],[-61.542,-9.054],[-61.546,-9.065],[-61.549,-9.081],[-61.556,-9.092],[-61.556,-9.107],[-61.559,-9.118],[-61.555,-9.132],[-61.539,-9.152],[-61.532,-9.171],[-61.524,-9.179],[-61.52,-9.197],[-61.522,-9.212],[-61.527,-9.226],[-61.525,-9.243],[-61.529,-9.249],[-61.539,-9.244],[-61.552,-9.244],[-61.568,-9.237],[-61.577,-9.238],[-61.589,-9.244],[-61.6,-9.256],[-61.616,-9.256],[-61.628,-9.257],[-61.633,-9.264],[-61.633,-9.274],[-61.625,-9.284],[-61.615,-9.279],[-61.612,-9.281],[-61.615,-9.306],[-61.611,-9.316],[-61.616,-9.327],[-61.624,-9.335],[-61.628,-9.352],[-61.626,-9.363],[-61.615,-9.356],[-61.61,-9.363],[-61.595,-9.369],[-61.579,-9.368],[-61.563,-9.378],[-61.559,-9.386],[-61.56,-9.403],[-61.55,-9.415],[-61.556,-9.422],[-61.557,-9.436],[-61.565,-9.438],[-61.582,-9.459],[-61.572,-9.464],[-61.578,-9.47],[-61.569,-9.477],[-61.563,-9.486],[-61.55,-9.489],[-61.539,-9.497],[-61.526,-9.501],[-61.549,-9.512],[-61.545,-9.52],[-61.536,-9.524],[-61.527,-9.533],[-61.513,-9.528],[-61.514,-9.539],[-61.508,-9.54],[-61.51,-9.565],[-61.503,-9.573],[-61.496,-9.574],[-61.495,-9.585],[-61.501,-9.609],[-61.504,-9.613],[-61.497,-9.624],[-61.487,-9.627],[-61.479,-9.624],[-61.477,-9.63],[-61.481,-9.64],[-61.486,-9.645],[-61.495,-9.66],[-61.507,-9.662],[-61.502,-9.683],[-61.505,-9.691],[-61.52,-9.697],[-61.532,-9.712],[-61.546,-9.715],[-61.553,-9.707],[-61.575,-9.718],[-61.567,-9.729],[-61.555,-9.729],[-61.539,-9.738],[-61.532,-9.74],[-61.533,-9.758],[-61.546,-9.785],[-61.538,-9.793],[-61.525,-9.796],[-61.525,-9.808],[-61.531,-9.822],[-61.52,-9.822],[-61.516,-9.828],[-61.517,-9.838],[-61.513,-9.854],[-61.508,-9.861],[-61.51,-9.879],[-61.508,-9.889],[-61.511,-9.896],[-61.525,-9.907],[-61.526,-9.915],[-61.523,-9.928],[-61.529,-9.936],[-61.523,-9.947],[-61.532,-9.953],[-61.539,-9.964],[-61.528,-9.97],[-61.531,-9.99],[-61.54,-10.0],[-61.545,-10.019],[-61.556,-10.039],[-61.572,-10.046],[-61.585,-10.062],[-61.58,-10.069],[-61.579,-10.079],[-61.583,-10.082],[-61.583,-10.096],[-61.589,-10.104],[-61.592,-10.117],[-61.59,-10.121],[-61.596,-10.137],[-61.596,-10.144],[-61.601,-10.15],[-61.602,-10.157],[-61.597,-10.162],[-61.579,-10.163],[-61.572,-10.169],[-61.562,-10.172],[-61.558,-10.182],[-61.56,-10.193],[-61.552,-10.199],[-61.566,-10.203],[-61.574,-10.209],[-61.574,-10.219],[-61.578,-10.227],[-61.575,-10.241],[-61.577,-10.249],[-61.572,-10.259],[-61.555,-10.28],[-61.552,-10.29],[-61.545,-10.299],[-61.546,-10.304],[-61.553,-10.307],[-61.548,-10.316],[-61.541,-10.32],[-61.538,-10.328],[-61.53,-10.333],[-61.522,-10.331],[-61.515,-10.337],[-61.513,-10.349],[-61.502,-10.354],[-61.503,-10.376],[-61.496,-10.39],[-61.49,-10.39],[-61.484,-10.4],[-61.471,-10.405],[-61.477,-10.411],[-61.462,-10.42],[-61.466,-10.435],[-61.467,-10.448],[-61.476,-10.455],[-61.47,-10.461],[-61.474,-10.475],[-61.481,-10.488],[-61.479,-10.501],[-61.481,-10.516],[-61.478,-10.532],[-61.466,-10.541],[-61.47,-10.556],[-61.48,-10.569],[-61.481,-10.576],[-61.478,-10.592],[-61.481,-10.597],[-61.476,-10.608],[-61.481,-10.62],[-61.49,-10.631],[-61.479,-10.643],[-61.482,-10.653],[-61.48,-10.659],[-61.484,-10.674],[-61.491,-10.673],[-61.498,-10.686],[-61.499,-10.699],[-61.494,-10.705],[-61.486,-10.708],[-61.476,-10.723],[-61.485,-10.726],[-61.488,-10.736],[-61.481,-10.744],[-61.481,-10.76],[-61.476,-10.768],[-61.48,-10.788],[-61.474,-10.797],[-61.486,-10.801],[-61.492,-10.796],[-61.493,-10.784],[-61.505,-10.785],[-61.511,-10.794],[-61.503,-10.808],[-61.513,-10.822],[-61.509,-10.832],[-61.512,-10.839],[-61.52,-10.842],[-61.525,-10.856],[-61.523,-10.879],[-61.526,-10.887],[-61.521,-10.89],[-61.52,-10.899],[-61.524,-10.903],[-61.515,-10.912],[-61.52,-10.919],[-61.523,-10.94],[-61.52,-10.95],[-61.526,-10.955],[-61.53,-10.979],[-61.539,-10.976],[-61.547,-10.978],[-61.55,-10.986],[-61.429,-10.988],[-61.372,-10.988],[-61.103,-10.991],[-61.001,-10.992],[-61.001,-10.988],[-60.795,-10.989],[-60.491,-10.99],[-60.46,-10.99],[-60.453,-10.993],[-60.45,-11.008],[-60.445,-11.011],[-60.438,-11.024],[-60.444,-11.028],[-60.447,-11.042],[-60.436,-11.042],[-60.43,-11.037],[-60.418,-11.041],[-60.411,-11.047],[-60.415,-11.059],[-60.414,-11.068],[-60.404,-11.069],[-60.396,-11.08],[-60.392,-11.094],[-60.384,-11.096],[-60.373,-11.094],[-60.37,-11.099],[-60.356,-11.104],[-60.35,-11.108],[-60.342,-11.083],[-60.334,-11.083],[-60.328,-11.078],[-60.318,-11.065],[-60.309,-11.064],[-60.301,-11.057],[-60.291,-11.066],[-60.282,-11.064],[-60.278,-11.08],[-60.281,-11.091],[-60.271,-11.099],[-60.265,-11.094],[-60.241,-11.097],[-60.239,-11.095],[-60.227,-11.105],[-60.211,-11.107],[-60.207,-11.112],[-60.191,-11.114],[-60.186,-11.104],[-60.176,-11.099],[-60.167,-11.099],[-60.159,-11.096],[-60.146,-11.104],[-60.131,-11.101],[-60.12,-11.107],[-60.113,-11.102],[-60.105,-11.109],[-60.096,-11.111],[-60.088,-11.107],[-60.09,-11.101],[-60.084,-11.097],[-60.075,-11.105],[-60.066,-11.121],[-60.067,-11.126],[-60.053,-11.126],[-60.037,-11.117],[-60.032,-11.128],[-60.019,-11.129],[-60.016,-11.124],[-59.991,-11.124],[-59.987,-11.114],[-59.977,-11.122],[-59.98,-11.14],[-59.985,-11.147],[-59.995,-11.148],[-59.996,-11.157],[-59.991,-11.159],[-59.988,-11.171],[-59.964,-11.189],[-59.968,-11.198],[-59.976,-11.199],[-59.981,-11.204],[-59.984,-11.215],[-59.982,-11.222],[-59.98,-11.239],[-59.968,-11.253],[-59.968,-11.266],[-59.96,-11.277],[-59.959,-11.295],[-59.95,-11.304],[-59.927,-11.311],[-59.917,-11.338],[-59.918,-11.346],[-59.925,-11.352],[-59.925,-11.362],[-59.92,-11.376],[-59.921,-11.398],[-59.934,-11.424],[-59.942,-11.423],[-59.945,-11.432],[-59.952,-11.436],[-59.976,-11.439],[-59.979,-11.453],[-59.985,-11.469],[-60.002,-11.479],[-60.008,-11.486],[-60.016,-11.489],[-60.018,-11.496],[-60.031,-11.497],[-60.031,-11.512],[-60.041,-11.517],[-60.052,-11.53],[-60.057,-11.542],[-60.077,-11.553],[-60.079,-11.556],[-60.094,-11.563],[-60.102,-11.577],[-60.094,-11.586],[-60.111,-11.582],[-60.115,-11.591],[-60.111,-11.595],[-60.114,-11.603],[-60.11,-11.616],[-60.114,-11.636],[-60.112,-11.643],[-60.118,-11.646],[-60.115,-11.661],[-60.116,-11.669],[-60.122,-11.682],[-60.117,-11.689],[-60.122,-11.712],[-60.112,-11.722],[-60.117,-11.729],[-60.107,-11.749],[-60.112,-11.759],[-60.106,-11.764],[-60.107,-11.77],[-60.103,-11.787],[-60.104,-11.793],[-60.097,-11.795],[-60.103,-11.819],[-60.098,-11.84],[-60.089,-11.863],[-60.083,-11.867],[-60.075,-11.88],[-60.077,-11.883],[-60.066,-11.891],[-60.05,-11.898],[-60.044,-11.894],[-60.038,-11.897],[-60.025,-11.898],[-60.012,-11.893],[-60.007,-11.895],[-59.995,-11.909],[-59.984,-11.915],[-59.989,-11.93],[-59.98,-11.942],[-59.987,-11.96],[-59.971,-11.97],[-59.974,-11.975],[-59.969,-11.985],[-59.98,-11.991],[-59.967,-12.003],[-59.97,-12.013],[-59.975,-12.015],[-59.979,-12.03],[-59.97,-12.033],[-59.962,-12.056],[-59.954,-12.059],[-59.952,-12.066],[-59.929,-12.079],[-59.923,-12.095],[-59.913,-12.099],[-59.9,-12.117],[-59.9,-12.166],[-59.903,-12.175],[-59.911,-12.187],[-59.907,-12.205],[-59.901,-12.215],[-59.902,-12.224],[-59.894,-12.231],[-59.892,-12.245],[-59.887,-12.245],[-59.774,-12.341],[-59.779,-12.341],[-59.793,-12.346],[-59.802,-12.357],[-59.806,-12.369],[-59.819,-12.379],[-59.819,-12.39],[-59.824,-12.39],[-59.833,-12.401],[-59.835,-12.413],[-59.843,-12.425],[-59.843,-12.434],[-59.84,-12.441],[-59.844,-12.447],[-59.841,-12.459],[-59.844,-12.467],[-59.856,-12.479],[-59.871,-12.484],[-59.883,-12.492],[-59.893,-12.5],[-59.898,-12.502],[-59.896,-12.519],[-59.893,-12.524],[-59.896,-12.536],[-59.903,-12.546],[-59.91,-12.55],[-59.918,-12.565],[-59.928,-12.578],[-59.948,-12.599],[-59.973,-12.61],[-59.977,-12.607],[-59.982,-12.592],[-59.998,-12.591],[-60.003,-12.592],[-60.004,-12.602],[-60.012,-12.609],[-60.029,-12.619],[-60.032,-12.628],[-60.045,-12.642],[-60.047,-12.648],[-60.046,-12.662],[-60.06,-12.664],[-60.067,-12.678],[-60.066,-12.694],[-60.056,-12.705],[-60.062,-12.716],[-60.069,-12.72],[-60.075,-12.735],[-60.069,-12.749],[-60.062,-12.757],[-60.067,-12.767],[-60.059,-12.787],[-60.069,-12.79],[-60.066,-12.811],[-60.072,-12.825],[-60.074,-12.837],[-60.083,-12.853],[-60.079,-12.881],[-60.088,-12.902],[-60.102,-12.913],[-60.105,-12.925],[-60.116,-12.949],[-60.117,-12.96],[-60.131,-12.962],[-60.14,-12.97],[-60.151,-12.964],[-60.157,-12.969],[-60.167,-12.971],[-60.183,-12.968],[-60.189,-12.971],[-60.192,-12.982],[-60.201,-12.988],[-60.206,-13.0],[-60.214,-13.007],[-60.215,-13.027],[-60.225,-13.034],[-60.241,-13.039],[-60.248,-13.053],[-60.256,-13.064],[-60.269,-13.076],[-60.278,-13.078],[-60.284,-13.085],[-60.285,-13.098],[-60.277,-13.113],[-60.281,-13.12],[-60.276,-13.127],[-60.281,-13.136],[-60.269,-13.145],[-60.279,-13.16],[-60.286,-13.163],[-60.289,-13.17],[-60.304,-13.178],[-60.309,-13.192],[-60.308,-13.2],[-60.315,-13.212],[-60.324,-13.22],[-60.33,-13.236],[-60.325,-13.251],[-60.333,-13.258],[-60.339,-13.272],[-60.352,-13.273],[-60.352,-13.292],[-60.361,-13.299],[-60.372,-13.319],[-60.373,-13.324],[-60.366,-13.332],[-60.371,-13.348],[-60.371,-13.367],[-60.38,-13.375],[-60.379,-13.394],[-60.373,-13.412],[-60.379,-13.415],[-60.38,-13.431],[-60.383,-13.435],[-60.388,-13.455],[-60.4,-13.456],[-60.4,-13.461],[-60.411,-13.462],[-60.43,-13.482],[-60.439,-13.488],[-60.451,-13.493],[-60.466,-13.489],[-60.469,-13.492],[-60.486,-13.494],[-60.496,-13.5],[-60.501,-13.498],[-60.511,-13.504],[-60.52,-13.513],[-60.532,-13.518],[-60.53,-13.528],[-60.536,-13.537],[-60.544,-13.537],[-60.548,-13.548],[-60.578,-13.565],[-60.6,-13.573],[-60.61,-13.569],[-60.624,-13.569],[-60.635,-13.575],[-60.645,-13.593],[-60.656,-13.602],[-60.669,-13.608],[-60.674,-13.617],[-60.686,-13.625],[-60.686,-13.639],[-60.694,-13.653],[-60.702,-13.66],[-60.699,-13.669],[-60.71,-13.672],[-60.714,-13.676],[-60.715,-13.687],[-60.709,-13.693],[-60.705,-13.705],[-60.697,-13.715],[-60.696,-13.701],[-60.687,-13.703],[-60.686,-13.712],[-60.681,-13.72],[-60.66,-13.734],[-60.646,-13.739],[-60.642,-13.731],[-60.631,-13.728],[-60.623,-13.72],[-60.619,-13.725],[-60.612,-13.725],[-60.612,-13.735],[-60.606,-13.739],[-60.607,-13.746],[-60.6,-13.749],[-60.592,-13.743],[-60.587,-13.747],[-60.575,-13.747],[-60.579,-13.756],[-60.566,-13.758],[-60.569,-13.769],[-60.558,-13.771],[-60.55,-13.782],[-60.548,-13.77],[-60.532,-13.772],[-60.523,-13.769],[-60.517,-13.778],[-60.529,-13.792],[-60.512,-13.791],[-60.504,-13.796],[-60.5,-13.789],[-60.487,-13.796],[-60.473,-13.794],[-60.471,-13.8],[-60.479,-13.806],[-60.475,-13.81],[-60.466,-13.812],[-60.469,-13.822],[-60.476,-13.824],[-60.487,-13.819],[-60.489,-13.826],[-60.481,-13.833],[-60.479,-13.839],[-60.485,-13.85],[-60.468,-13.856],[-60.461,-13.852],[-60.455,-13.857],[-60.465,-13.865],[-60.465,-13.873],[-60.474,-13.879],[-60.476,-13.886],[-60.469,-13.892],[-60.466,-13.883],[-60.453,-13.881],[-60.451,-13.888],[-60.457,-13.893],[-60.453,-13.906],[-60.451,-13.927],[-60.433,-13.937],[-60.429,-13.942],[-60.419,-13.937],[-60.419,-13.953],[-60.422,-13.966],[-60.416,-13.98],[-60.395,-13.977],[-60.382,-13.987],[-60.383,-13.993],[-60.394,-13.993],[-60.405,-13.998],[-60.402,-14.011],[-60.409,-14.025],[-60.407,-14.031],[-60.417,-14.038],[-60.418,-14.044],[-60.428,-14.05],[-60.428,-14.058],[-60.441,-14.079],[-60.448,-14.085],[-60.463,-14.094],[-60.472,-14.089],[-60.481,-14.096],[-60.476,-14.111],[-60.484,-14.115],[-60.475,-14.131],[-60.483,-14.135],[-60.479,-14.146],[-60.474,-14.15],[-60.475,-14.16],[-60.484,-14.164],[-60.489,-14.174],[-60.488,-14.182],[-60.493,-14.188],[-60.485,-14.194],[-60.474,-14.191],[-60.468,-14.206],[-60.47,-14.214],[-60.462,-14.224],[-60.466,-14.234],[-60.451,-14.239],[-60.45,-14.25],[-60.462,-14.258],[-60.466,-14.264],[-60.46,-14.273],[-60.463,-14.278],[-60.456,-14.3],[-60.451,-14.305],[-60.454,-14.314],[-60.441,-14.32],[-60.441,-14.326],[-60.433,-14.336],[-60.425,-14.342],[-60.416,-14.354],[-60.406,-14.36],[-60.403,-14.367],[-60.394,-14.369],[-60.398,-14.377],[-60.397,-14.388],[-60.407,-14.399],[-60.401,-14.403],[-60.402,-14.411],[-60.394,-14.422],[-60.401,-14.433],[-60.392,-14.433],[-60.384,-14.439],[-60.378,-14.457],[-60.379,-14.464],[-60.362,-14.471],[-60.361,-14.485],[-60.365,-14.489],[-60.349,-14.494],[-60.348,-14.506],[-60.34,-14.51],[-60.343,-14.524],[-60.336,-14.537],[-60.338,-14.545],[-60.33,-14.554],[-60.332,-14.568],[-60.325,-14.582],[-60.328,-14.587],[-60.323,-14.611],[-60.297,-14.623],[-60.281,-14.624],[-60.274,-14.621],[-60.264,-14.782],[-60.255,-14.93],[-60.245,-15.098],[-60.459,-15.098],[-60.576,-15.098],[-60.496,-15.188],[-60.384,-15.313],[-60.239,-15.475],[-60.225,-15.656],[-60.213,-15.802],[-60.195,-16.019],[-60.184,-16.152],[-60.174,-16.267],[-59.98,-16.27],[-59.823,-16.273],[-59.705,-16.275],[-59.469,-16.28],[-59.268,-16.288],[-59.1,-16.295],[-58.961,-16.301],[-58.786,-16.308],[-58.622,-16.315],[-58.431,-16.323],[-58.424,-16.317],[-58.4,-16.304],[-58.394,-16.296],[-58.391,-16.285],[-58.392,-16.27],[-58.389,-16.261],[-58.366,-16.274],[-58.354,-16.27],[-58.347,-16.274],[-58.327,-16.27],[-58.322,-16.266],[-58.318,-16.292],[-58.304,-16.309],[-58.303,-16.33],[-58.307,-16.339],[-58.309,-16.36],[-58.307,-16.371],[-58.315,-16.372],[-58.325,-16.378],[-58.334,-16.39],[-58.342,-16.389],[-58.346,-16.393],[-58.347,-16.404],[-58.356,-16.426],[-58.348,-16.455],[-58.335,-16.479],[-58.334,-16.49],[-58.344,-16.518],[-58.354,-16.524],[-58.37,-16.544],[-58.388,-16.553],[-58.394,-16.564],[-58.401,-16.569],[-58.422,-16.575],[-58.428,-16.587],[-58.436,-16.593],[-58.451,-16.628],[-58.463,-16.653],[-58.461,-16.668],[-58.472,-16.708],[-58.467,-16.717],[-58.468,-16.728],[-58.473,-16.749],[-58.467,-16.756],[-58.466,-16.777],[-58.459,-16.786],[-58.462,-16.794],[-58.472,-16.793],[-58.479,-16.814],[-58.476,-16.822],[-58.469,-16.822],[-58.458,-16.827],[-58.465,-16.835],[-58.464,-16.855],[-58.466,-16.865],[-58.464,-16.878],[-58.469,-16.886],[-58.462,-16.892],[-58.461,-16.901],[-58.466,-16.911],[-58.477,-16.913],[-58.472,-16.921],[-58.477,-16.937],[-58.469,-16.943],[-58.459,-16.938],[-58.459,-16.948],[-58.462,-16.951],[-58.463,-16.962],[-58.458,-16.969],[-58.449,-16.974],[-58.445,-16.984],[-58.436,-16.987],[-58.432,-16.992],[-58.417,-16.982],[-58.401,-16.998],[-58.394,-17.015],[-58.392,-17.04],[-58.394,-17.096],[-58.397,-17.116],[-58.4,-17.145],[-58.398,-17.172],[-58.399,-17.184],[-58.368,-17.199],[-58.361,-17.211],[-58.353,-17.219],[-58.347,-17.234],[-58.339,-17.241],[-58.328,-17.247],[-58.32,-17.256],[-58.323,-17.261],[-58.315,-17.269],[-58.309,-17.267],[-58.305,-17.279],[-58.293,-17.288],[-58.3,-17.298],[-58.291,-17.302],[-58.278,-17.3],[-58.276,-17.305],[-58.281,-17.319],[-58.277,-17.325],[-58.263,-17.332],[-58.264,-17.345],[-58.258,-17.346],[-58.254,-17.354],[-58.242,-17.349],[-58.233,-17.351],[-58.227,-17.358],[-58.22,-17.36],[-58.209,-17.355],[-58.202,-17.357],[-58.195,-17.369],[-58.2,-17.379],[-58.198,-17.386],[-58.185,-17.392],[-58.177,-17.392],[-58.153,-17.384],[-58.15,-17.388],[-58.153,-17.402],[-58.145,-17.414],[-58.139,-17.416],[-58.13,-17.412],[-58.123,-17.415],[-58.119,-17.434],[-58.121,-17.448],[-58.091,-17.461],[-58.076,-17.456],[-58.072,-17.452],[-58.06,-17.451],[-58.05,-17.463],[-58.044,-17.479],[-58.043,-17.493],[-58.03,-17.496],[-58.023,-17.494],[-58.016,-17.5],[-58.01,-17.5],[-58.0,-17.508],[-57.996,-17.516],[-57.981,-17.511],[-57.963,-17.5],[-57.883,-17.45],[-57.752,-17.564],[-57.748,-17.558],[-57.74,-17.536],[-57.728,-17.53],[-57.712,-17.543],[-57.711,-17.566],[-57.702,-17.578],[-57.703,-17.588],[-57.702,-17.601],[-57.697,-17.621],[-57.693,-17.627],[-57.688,-17.628],[-57.687,-17.643],[-57.683,-17.643],[-57.679,-17.658],[-57.672,-17.664],[-57.672,-17.682],[-57.681,-17.685],[-57.683,-17.696],[-57.68,-17.704],[-57.685,-17.716],[-57.672,-17.72],[-57.672,-17.728],[-57.664,-17.73],[-57.646,-17.724],[-57.64,-17.717],[-57.623,-17.736],[-57.619,-17.748],[-57.62,-17.756],[-57.615,-17.767],[-57.603,-17.772],[-57.603,-17.779],[-57.613,-17.779],[-57.609,-17.797],[-57.602,-17.805],[-57.578,-17.8],[-57.57,-17.817],[-57.558,-17.816],[-57.552,-17.828],[-57.531,-17.839],[-57.535,-17.852],[-57.516,-17.863],[-57.485,-17.862],[-57.479,-17.869],[-57.478,-17.879],[-57.467,-17.889],[-57.46,-17.9],[-57.453,-17.903],[-57.446,-17.892],[-57.447,-17.876],[-57.436,-17.87],[-57.426,-17.856],[-57.41,-17.854],[-57.401,-17.848],[-57.385,-17.843],[-57.38,-17.827],[-57.368,-17.826],[-57.363,-17.834],[-57.35,-17.837],[-57.343,-17.831],[-57.325,-17.829],[-57.325,-17.825],[-57.311,-17.818],[-57.306,-17.811],[-57.3,-17.817],[-57.283,-17.823],[-57.284,-17.813],[-57.265,-17.82],[-57.245,-17.806],[-57.252,-17.798],[-57.24,-17.796],[-57.235,-17.788],[-57.225,-17.783],[-57.211,-17.789],[-57.191,-17.786],[-57.175,-17.776],[-57.16,-17.779],[-57.154,-17.777],[-57.148,-17.768],[-57.135,-17.774],[-57.128,-17.774],[-57.119,-17.781],[-57.115,-17.774],[-57.102,-17.772],[-57.096,-17.761],[-57.089,-17.751],[-57.08,-17.749],[-57.075,-17.737],[-57.064,-17.735],[-57.057,-17.73],[-57.048,-17.733],[-57.037,-17.711],[-57.037,-17.704],[-57.033,-17.695],[-57.019,-17.692],[-57.02,-17.685],[-57.013,-17.672],[-57.0,-17.671],[-56.988,-17.659],[-56.985,-17.645],[-56.977,-17.637],[-56.974,-17.628],[-56.965,-17.622],[-56.958,-17.608],[-56.962,-17.605],[-56.973,-17.614],[-56.982,-17.61],[-56.981,-17.602],[-56.976,-17.596],[-56.982,-17.58],[-56.974,-17.58],[-56.967,-17.571],[-56.952,-17.569],[-56.947,-17.565],[-56.946,-17.555],[-56.924,-17.542],[-56.915,-17.539],[-56.91,-17.532],[-56.896,-17.539],[-56.876,-17.533],[-56.861,-17.505],[-56.866,-17.5],[-56.865,-17.49],[-56.858,-17.483],[-56.852,-17.487],[-56.846,-17.481],[-56.85,-17.471],[-56.845,-17.462],[-56.832,-17.464],[-56.825,-17.459],[-56.825,-17.453],[-56.841,-17.442],[-56.833,-17.435],[-56.823,-17.438],[-56.82,-17.43],[-56.824,-17.423],[-56.834,-17.424],[-56.842,-17.418],[-56.831,-17.41],[-56.829,-17.39],[-56.821,-17.391],[-56.804,-17.387],[-56.791,-17.391],[-56.786,-17.387],[-56.789,-17.374],[-56.784,-17.369],[-56.767,-17.365],[-56.763,-17.361],[-56.761,-17.352],[-56.769,-17.341],[-56.757,-17.337],[-56.758,-17.327],[-56.743,-17.327],[-56.736,-17.321],[-56.734,-17.31],[-56.723,-17.308],[-56.716,-17.317],[-56.702,-17.32],[-56.694,-17.317],[-56.691,-17.325],[-56.683,-17.317],[-56.674,-17.325],[-56.672,-17.335],[-56.662,-17.339],[-56.655,-17.332],[-56.663,-17.327],[-56.657,-17.321],[-56.644,-17.337],[-56.641,-17.327],[-56.63,-17.334],[-56.629,-17.324],[-56.62,-17.322],[-56.612,-17.332],[-56.606,-17.329],[-56.596,-17.332],[-56.575,-17.328],[-56.579,-17.32],[-56.568,-17.315],[-56.551,-17.323],[-56.532,-17.313],[-56.514,-17.313],[-56.511,-17.302],[-56.514,-17.298],[-56.499,-17.29],[-56.499,-17.298],[-56.49,-17.298],[-56.477,-17.305],[-56.465,-17.305],[-56.466,-17.314],[-56.456,-17.31],[-56.451,-17.312],[-56.451,-17.326],[-56.441,-17.33],[-56.435,-17.321],[-56.417,-17.312],[-56.408,-17.316],[-56.403,-17.306],[-56.389,-17.302],[-56.383,-17.288],[-56.361,-17.281],[-56.362,-17.272],[-56.354,-17.267],[-56.343,-17.273],[-56.35,-17.279],[-56.336,-17.29],[-56.332,-17.282],[-56.323,-17.286],[-56.323,-17.276],[-56.313,-17.269],[-56.298,-17.277],[-56.295,-17.271],[-56.287,-17.27],[-56.282,-17.263],[-56.283,-17.247],[-56.273,-17.248],[-56.272,-17.241],[-56.258,-17.238],[-56.252,-17.232],[-56.255,-17.223],[-56.251,-17.219],[-56.238,-17.222],[-56.234,-17.227],[-56.221,-17.229],[-56.213,-17.226],[-56.212,-17.209],[-56.206,-17.214],[-56.2,-17.206],[-56.191,-17.211],[-56.184,-17.195],[-56.175,-17.195],[-56.171,-17.189],[-56.163,-17.195],[-56.157,-17.187],[-56.141,-17.181],[-56.129,-17.179],[-56.118,-17.174],[-56.112,-17.166],[-56.102,-17.174],[-56.083,-17.178],[-56.07,-17.17],[-56.06,-17.172],[-56.056,-17.182],[-56.047,-17.185],[-56.049,-17.174],[-56.044,-17.171],[-56.03,-17.187],[-56.016,-17.19],[-56.005,-17.204],[-56.017,-17.209],[-56.008,-17.217],[-56.013,-17.223],[-56.012,-17.237],[-56.004,-17.234],[-56.004,-17.245],[-55.992,-17.24],[-55.983,-17.25],[-55.967,-17.255],[-55.96,-17.25],[-55.95,-17.263],[-55.947,-17.271],[-55.938,-17.279],[-55.931,-17.274],[-55.931,-17.265],[-55.926,-17.258],[-55.92,-17.265],[-55.889,-17.263],[-55.902,-17.273],[-55.887,-17.285],[-55.876,-17.281],[-55.88,-17.273],[-55.875,-17.269],[-55.87,-17.275],[-55.858,-17.284],[-55.851,-17.281],[-55.85,-17.29],[-55.845,-17.299],[-55.838,-17.3],[-55.835,-17.291],[-55.826,-17.292],[-55.832,-17.302],[-55.825,-17.305],[-55.821,-17.298],[-55.806,-17.298],[-55.803,-17.301],[-55.805,-17.309],[-55.799,-17.314],[-55.79,-17.327],[-55.781,-17.321],[-55.774,-17.331],[-55.761,-17.323],[-55.74,-17.337],[-55.73,-17.34],[-55.72,-17.349],[-55.709,-17.338],[-55.704,-17.352],[-55.689,-17.34],[-55.675,-17.34],[-55.668,-17.351],[-55.658,-17.339],[-55.649,-17.358],[-55.636,-17.353],[-55.626,-17.364],[-55.612,-17.367],[-55.604,-17.367],[-55.603,-17.367],[-55.593,-17.374],[-55.586,-17.374],[-55.584,-17.383],[-55.587,-17.398],[-55.586,-17.409],[-55.589,-17.414],[-55.577,-17.424],[-55.575,-17.435],[-55.568,-17.435],[-55.556,-17.443],[-55.557,-17.452],[-55.543,-17.456],[-55.537,-17.465],[-55.527,-17.472],[-55.525,-17.479],[-55.515,-17.484],[-55.498,-17.486],[-55.483,-17.479],[-55.477,-17.484],[-55.465,-17.487],[-55.454,-17.5],[-55.454,-17.508],[-55.445,-17.506],[-55.433,-17.512],[-55.423,-17.51],[-55.418,-17.515],[-55.405,-17.512],[-55.387,-17.519],[-55.381,-17.524],[-55.372,-17.523],[-55.354,-17.532],[-55.354,-17.541],[-55.348,-17.547],[-55.332,-17.549],[-55.326,-17.546],[-55.31,-17.546],[-55.3,-17.541],[-55.292,-17.544],[-55.284,-17.554],[-55.281,-17.563],[-55.275,-17.559],[-55.263,-17.565],[-55.264,-17.572],[-55.254,-17.577],[-55.251,-17.583],[-55.252,-17.592],[-55.245,-17.6],[-55.241,-17.595],[-55.232,-17.596],[-55.218,-17.608],[-55.221,-17.617],[-55.205,-17.614],[-55.174,-17.631],[-55.171,-17.641],[-55.149,-17.643],[-55.139,-17.648],[-55.137,-17.65],[-55.127,-17.653],[-55.114,-17.644],[-55.111,-17.631],[-55.104,-17.628],[-55.093,-17.636],[-55.088,-17.633],[-55.073,-17.632],[-55.062,-17.639],[-55.047,-17.64],[-55.012,-17.631],[-54.996,-17.639],[-54.985,-17.624],[-54.979,-17.625],[-54.967,-17.616],[-54.96,-17.616],[-54.944,-17.613],[-54.943,-17.609],[-54.92,-17.61],[-54.914,-17.608],[-54.902,-17.612],[-54.897,-17.62],[-54.881,-17.617],[-54.867,-17.619],[-54.861,-17.624],[-54.852,-17.613],[-54.839,-17.614],[-54.825,-17.61],[-54.815,-17.596],[-54.801,-17.583],[-54.792,-17.582],[-54.779,-17.571],[-54.759,-17.566],[-54.762,-17.554],[-54.756,-17.545],[-54.757,-17.535],[-54.747,-17.52],[-54.73,-17.515],[-54.721,-17.519],[-54.715,-17.513],[-54.69,-17.503],[-54.681,-17.507],[-54.677,-17.502],[-54.657,-17.497],[-54.656,-17.491],[-54.646,-17.491],[-54.636,-17.496],[-54.619,-17.488],[-54.607,-17.487],[-54.589,-17.477],[-54.583,-17.469],[-54.57,-17.473],[-54.554,-17.489],[-54.536,-17.478],[-54.517,-17.48],[-54.511,-17.483],[-54.502,-17.481],[-54.498,-17.486],[-54.485,-17.489],[-54.483,-17.494],[-54.474,-17.498],[-54.478,-17.514],[-54.469,-17.527],[-54.453,-17.534],[-54.447,-17.532],[-54.426,-17.537],[-54.414,-17.545],[-54.405,-17.555],[-54.406,-17.562],[-54.396,-17.565],[-54.392,-17.571],[-54.383,-17.572],[-54.386,-17.581],[-54.38,-17.594],[-54.383,-17.597],[-54.377,-17.607],[-54.383,-17.627],[-54.388,-17.632],[-54.372,-17.645],[-54.343,-17.656],[-54.339,-17.66],[-54.328,-17.659],[-54.316,-17.662],[-54.309,-17.659],[-54.302,-17.662],[-54.292,-17.653],[-54.275,-17.654],[-54.267,-17.648],[-54.252,-17.641],[-54.244,-17.629],[-54.233,-17.627],[-54.223,-17.621],[-54.217,-17.621],[-54.205,-17.613],[-54.2,-17.615],[-54.192,-17.606],[-54.179,-17.603],[-54.17,-17.607],[-54.157,-17.605],[-54.147,-17.615],[-54.141,-17.611],[-54.134,-17.619],[-54.099,-17.613],[-54.085,-17.619],[-54.079,-17.605],[-54.073,-17.597],[-54.073,-17.588],[-54.066,-17.579],[-54.059,-17.576],[-54.052,-17.563],[-54.052,-17.547],[-54.046,-17.537],[-54.055,-17.527],[-54.058,-17.513],[-54.052,-17.506],[-54.041,-17.5],[-54.038,-17.486],[-54.023,-17.477],[-53.997,-17.471],[-53.984,-17.474],[-53.973,-17.472],[-53.971,-17.466],[-53.964,-17.461],[-53.952,-17.459],[-53.948,-17.452],[-53.931,-17.439],[-53.931,-17.435],[-53.919,-17.425],[-53.915,-17.414],[-53.884,-17.387],[-53.878,-17.375],[-53.869,-17.369],[-53.837,-17.359],[-53.831,-17.355],[-53.835,-17.339],[-53.831,-17.317],[-53.826,-17.313],[-53.82,-17.295],[-53.807,-17.288],[-53.786,-17.288],[-53.78,-17.277],[-53.766,-17.26],[-53.763,-17.247],[-53.759,-17.243],[-53.747,-17.243],[-53.736,-17.232],[-53.705,-17.228],[-53.694,-17.234],[-53.693,-17.247],[-53.68,-17.254],[-53.693,-17.5],[-53.704,-17.661],[-53.72,-17.669],[-53.728,-17.664],[-53.74,-17.665],[-53.747,-17.671],[-53.757,-17.673],[-53.779,-17.672],[-53.785,-17.676],[-53.799,-17.671],[-53.806,-17.672],[-53.813,-17.681],[-53.825,-17.688],[-53.839,-17.69],[-53.856,-17.703],[-53.861,-17.721],[-53.866,-17.727],[-53.877,-17.732],[-53.878,-17.739],[-53.888,-17.749],[-53.897,-17.769],[-53.895,-17.777],[-53.906,-17.789],[-53.913,-17.808],[-53.921,-17.818],[-53.929,-17.824],[-53.941,-17.84],[-53.944,-17.85],[-53.952,-17.869],[-53.956,-17.883],[-53.95,-17.894],[-53.951,-17.903],[-53.947,-17.909],[-53.952,-17.916],[-53.939,-17.92],[-53.932,-17.913],[-53.924,-17.92],[-53.916,-17.918],[-53.899,-17.909],[-53.885,-17.916],[-53.879,-17.923],[-53.854,-17.926],[-53.824,-17.95],[-53.822,-17.959],[-53.812,-17.959],[-53.812,-17.968],[-53.804,-17.971],[-53.79,-17.985],[-53.786,-17.994],[-53.774,-18.001],[-53.751,-17.999],[-53.737,-17.995],[-53.727,-18.003],[-53.719,-17.998],[-53.716,-18.006],[-53.693,-18.007],[-53.679,-17.995],[-53.676,-17.99],[-53.663,-17.986],[-53.661,-17.977],[-53.652,-17.976],[-53.63,-17.98],[-53.616,-17.979],[-53.61,-17.984],[-53.607,-17.995],[-53.593,-18.001],[-53.59,-18.01],[-53.575,-18.013],[-53.565,-18.005],[-53.558,-18.012],[-53.531,-18.02],[-53.518,-18.021],[-53.514,-18.027],[-53.502,-18.028],[-53.499,-18.036],[-53.486,-18.04],[-53.468,-18.035],[-53.468,-18.029],[-53.46,-18.022],[-53.456,-18.011],[-53.457,-18.0],[-53.449,-17.999],[-53.435,-17.985],[-53.418,-17.995],[-53.404,-17.993],[-53.397,-18.0],[-53.381,-18.009],[-53.36,-18.006],[-53.336,-18.007],[-53.332,-18.002],[-53.319,-18.0],[-53.308,-17.996],[-53.292,-17.996],[-53.288,-17.999],[-53.274,-18.002],[-53.242,-18.005],[-53.238,-18.007],[-53.23,-18.012],[-53.218,-18.014],[-53.205,-18.022],[-53.199,-18.02],[-53.191,-18.036],[-53.174,-18.042],[-53.074,-18.035],[-53.072,-18.034],[-53.072,-18.021],[-53.065,-17.996],[-53.065,-17.988],[-53.071,-17.966],[-53.081,-17.959],[-53.087,-17.945],[-53.105,-17.928],[-53.11,-17.927],[-53.125,-17.918],[-53.127,-17.912],[-53.123,-17.902],[-53.128,-17.89],[-53.128,-17.881],[-53.138,-17.871],[-53.135,-17.857],[-53.137,-17.852],[-53.132,-17.842],[-53.134,-17.833],[-53.142,-17.826],[-53.144,-17.816],[-53.151,-17.81],[-53.157,-17.797],[-53.156,-17.785],[-53.16,-17.775],[-53.173,-17.765],[-53.172,-17.757],[-53.178,-17.751],[-53.186,-17.748],[-53.202,-17.726],[-53.219,-17.721],[-53.234,-17.713],[-53.237,-17.702],[-53.236,-17.694],[-53.242,-17.691],[-53.237,-17.68],[-53.243,-17.672],[-53.243,-17.654],[-53.247,-17.649],[-53.248,-17.627],[-53.244,-17.616],[-53.247,-17.605],[-53.24,-17.6],[-53.238,-17.568],[-53.245,-17.563],[-53.243,-17.554],[-53.244,-17.523],[-53.238,-17.516],[-53.242,-17.504],[-53.237,-17.498],[-53.24,-17.492],[-53.232,-17.481],[-53.224,-17.458],[-53.231,-17.44],[-53.222,-17.416],[-53.214,-17.411],[-53.209,-17.396],[-53.197,-17.378],[-53.203,-17.368],[-53.2,-17.35],[-53.206,-17.331],[-53.212,-17.327],[-53.214,-17.32],[-53.209,-17.316],[-53.219,-17.307],[-53.217,-17.297],[-53.208,-17.293],[-53.203,-17.284],[-53.195,-17.275],[-53.197,-17.261],[-53.187,-17.259],[-53.172,-17.233],[-53.172,-17.223],[-53.166,-17.221],[-53.166,-17.21],[-53.155,-17.187],[-53.157,-17.171],[-53.15,-17.168],[-53.142,-17.171],[-53.139,-17.162],[-53.128,-17.155],[-53.127,-17.145],[-53.12,-17.131],[-53.114,-17.127],[-53.115,-17.118],[-53.111,-17.108],[-53.102,-17.103],[-53.089,-17.101],[-53.079,-17.089],[-53.072,-17.085],[-53.055,-17.064],[-53.061,-17.046],[-53.069,-17.041],[-53.061,-17.031],[-53.06,-17.021],[-53.064,-17.017],[-53.052,-17.005],[-53.056,-16.997],[-53.054,-16.968],[-53.047,-16.964],[-53.047,-16.949],[-53.035,-16.942],[-53.04,-16.931],[-53.035,-16.92],[-53.039,-16.912],[-53.019,-16.9],[-53.02,-16.895],[-53.014,-16.876],[-53.014,-16.864],[-52.989,-16.867],[-52.976,-16.864],[-52.972,-16.87],[-52.956,-16.861],[-52.948,-16.845],[-52.929,-16.838],[-52.929,-16.827],[-52.935,-16.824],[-52.941,-16.814],[-52.933,-16.803],[-52.926,-16.805],[-52.927,-16.819],[-52.914,-16.813],[-52.908,-16.811],[-52.907,-16.799],[-52.893,-16.794],[-52.885,-16.777],[-52.868,-16.781],[-52.859,-16.769],[-52.846,-16.767],[-52.832,-16.772],[-52.829,-16.759],[-52.822,-16.758],[-52.817,-16.749],[-52.808,-16.742],[-52.802,-16.748],[-52.792,-16.74],[-52.786,-16.741],[-52.789,-16.725],[-52.786,-16.714],[-52.778,-16.708],[-52.762,-16.707],[-52.764,-16.696],[-52.759,-16.671],[-52.768,-16.673],[-52.77,-16.668],[-52.752,-16.662],[-52.741,-16.652],[-52.748,-16.64],[-52.746,-16.631],[-52.734,-16.633],[-52.727,-16.646],[-52.722,-16.647],[-52.715,-16.637],[-52.726,-16.614],[-52.738,-16.613],[-52.741,-16.605],[-52.731,-16.598],[-52.739,-16.593],[-52.733,-16.586],[-52.726,-16.587],[-52.711,-16.596],[-52.703,-16.596],[-52.708,-16.575],[-52.7,-16.572],[-52.695,-16.582],[-52.688,-16.585],[-52.676,-16.585],[-52.67,-16.582],[-52.673,-16.571],[-52.66,-16.57],[-52.67,-16.558],[-52.663,-16.551],[-52.654,-16.561],[-52.646,-16.546],[-52.635,-16.551],[-52.635,-16.54],[-52.626,-16.532],[-52.626,-16.521],[-52.629,-16.518],[-52.634,-16.514],[-52.637,-16.503],[-52.633,-16.5],[-52.62,-16.505],[-52.613,-16.502],[-52.606,-16.486],[-52.606,-16.477],[-52.613,-16.469],[-52.605,-16.463],[-52.613,-16.458],[-52.619,-16.446],[-52.639,-16.437],[-52.645,-16.427],[-52.641,-16.416],[-52.653,-16.409],[-52.675,-16.412],[-52.686,-16.401],[-52.689,-16.395],[-52.681,-16.388],[-52.678,-16.381],[-52.693,-16.366],[-52.69,-16.357],[-52.692,-16.348],[-52.683,-16.344],[-52.687,-16.315],[-52.681,-16.302],[-52.659,-16.281],[-52.654,-16.279],[-52.647,-16.285],[-52.637,-16.283],[-52.625,-16.287],[-52.619,-16.283],[-52.611,-16.272],[-52.592,-16.27],[-52.587,-16.268],[-52.583,-16.255],[-52.576,-16.25],[-52.57,-16.254],[-52.564,-16.264],[-52.556,-16.266],[-52.546,-16.26],[-52.555,-16.252],[-52.561,-16.24],[-52.569,-16.234],[-52.567,-16.225],[-52.549,-16.225],[-52.545,-16.223],[-52.55,-16.192],[-52.549,-16.184],[-52.544,-16.18],[-52.549,-16.165],[-52.526,-16.155],[-52.526,-16.141],[-52.514,-16.134],[-52.503,-16.142],[-52.492,-16.139],[-52.49,-16.132],[-52.472,-16.127],[-52.461,-16.128],[-52.449,-16.117],[-52.437,-16.109],[-52.41,-16.1],[-52.399,-16.093],[-52.382,-16.099],[-52.371,-16.096],[-52.367,-16.083],[-52.361,-16.082],[-52.35,-16.084],[-52.328,-16.07],[-52.324,-16.04],[-52.316,-16.028],[-52.311,-16.007],[-52.295,-15.993],[-52.289,-15.979],[-52.29,-15.965],[-52.267,-15.948],[-52.265,-15.936],[-52.257,-15.931],[-52.256,-15.92],[-52.252,-15.909],[-52.254,-15.894],[-52.248,-15.89],[-52.235,-15.889],[-52.216,-15.892],[-52.205,-15.888],[-52.195,-15.881],[-52.178,-15.887],[-52.153,-15.889],[-52.133,-15.895],[-52.128,-15.895],[-52.111,-15.883],[-52.1,-15.889],[-52.093,-15.883],[-52.073,-15.882],[-52.061,-15.887],[-52.047,-15.888],[-52.039,-15.886],[-52.028,-15.888],[-52.01,-15.886],[-51.994,-15.869],[-51.987,-15.849],[-51.981,-15.842],[-51.972,-15.838],[-51.956,-15.84],[-51.955,-15.816],[-51.949,-15.81],[-51.913,-15.813],[-51.905,-15.819],[-51.892,-15.831],[-51.887,-15.832],[-51.88,-15.824],[-51.878,-15.809],[-51.873,-15.798],[-51.859,-15.787],[-51.839,-15.75],[-51.823,-15.731],[-51.809,-15.727],[-51.803,-15.722],[-51.806,-15.711],[-51.801,-15.701],[-51.768,-15.654],[-51.757,-15.633],[-51.754,-15.615],[-51.77,-15.574],[-51.778,-15.56],[-51.781,-15.546],[-51.777,-15.535],[-51.768,-15.53],[-51.761,-15.53],[-51.756,-15.54],[-51.758,-15.551],[-51.756,-15.557],[-51.747,-15.562],[-51.739,-15.559],[-51.728,-15.55],[-51.726,-15.544],[-51.737,-15.527],[-51.738,-15.517],[-51.732,-15.504],[-51.725,-15.501],[-51.704,-15.496],[-51.699,-15.485],[-51.7,-15.474],[-51.709,-15.462],[-51.703,-15.444],[-51.695,-15.439],[-51.691,-15.426],[-51.698,-15.415],[-51.696,-15.406],[-51.683,-15.387],[-51.673,-15.38],[-51.669,-15.374],[-51.672,-15.362],[-51.687,-15.347],[-51.691,-15.325],[-51.685,-15.3],[-51.677,-15.288],[-51.651,-15.273],[-51.647,-15.268],[-51.646,-15.259],[-51.653,-15.254],[-51.669,-15.255],[-51.672,-15.248],[-51.668,-15.232],[-51.65,-15.2],[-51.652,-15.18],[-51.647,-15.174],[-51.623,-15.165],[-51.606,-15.162],[-51.593,-15.152],[-51.586,-15.134],[-51.583,-15.128],[-51.564,-15.109],[-51.547,-15.101],[-51.534,-15.065],[-51.527,-15.059],[-51.519,-15.057],[-51.502,-15.058],[-51.479,-15.051],[-51.462,-15.048],[-51.441,-15.031],[-51.431,-15.01],[-51.421,-15.006],[-51.402,-15.003],[-51.387,-15.006],[-51.377,-15.01],[-51.368,-15.01],[-51.353,-14.994],[-51.35,-14.99],[-51.341,-14.98],[-51.339,-14.975],[-51.333,-14.97],[-51.325,-14.97],[-51.307,-14.981],[-51.302,-14.989],[-51.299,-15.003],[-51.301,-15.014],[-51.295,-15.03],[-51.276,-15.044],[-51.268,-15.044],[-51.253,-15.034],[-51.24,-15.029],[-51.225,-15.027],[-51.216,-15.022],[-51.208,-15.009],[-51.192,-15.0],[-51.157,-14.986],[-51.151,-14.978],[-51.148,-14.962],[-51.151,-14.954],[-51.145,-14.943],[-51.133,-14.941],[-51.114,-14.93],[-51.103,-14.927],[-51.099,-14.925],[-51.087,-14.921],[-51.084,-14.913],[-51.086,-14.904],[-51.092,-14.895],[-51.093,-14.888],[-51.093,-14.855],[-51.09,-14.84],[-51.078,-14.819],[-51.071,-14.81],[-51.051,-14.799],[-51.045,-14.793],[-51.045,-14.777],[-51.057,-14.761],[-51.058,-14.752],[-51.053,-14.739],[-51.042,-14.728],[-51.03,-14.71],[-51.026,-14.691],[-51.032,-14.678],[-51.027,-14.659],[-51.019,-14.651],[-51.011,-14.647],[-51.0,-14.63],[-50.993,-14.613],[-50.992,-14.6],[-50.998,-14.582],[-50.994,-14.57],[-50.983,-14.556],[-50.971,-14.537],[-50.964,-14.528],[-50.964,-14.518],[-50.972,-14.509],[-50.973,-14.498],[-50.968,-14.482],[-50.971,-14.472],[-50.984,-14.461],[-50.989,-14.454],[-50.989,-14.444],[-50.985,-14.438],[-50.986,-14.429],[-50.996,-14.419],[-50.998,-14.414],[-50.99,-14.39],[-50.984,-14.376],[-50.987,-14.358],[-50.969,-14.336],[-50.966,-14.327],[-50.968,-14.317],[-50.976,-14.307],[-50.977,-14.293],[-50.966,-14.269],[-50.954,-14.232],[-50.942,-14.221],[-50.922,-14.173],[-50.915,-14.17],[-50.91,-14.148],[-50.92,-14.127],[-50.919,-14.119],[-50.915,-14.114],[-50.904,-14.11],[-50.899,-14.115],[-50.895,-14.131],[-50.886,-14.132],[-50.874,-14.12],[-50.868,-14.118],[-50.861,-14.122],[-50.852,-14.118],[-50.842,-14.104],[-50.835,-14.095],[-50.831,-14.083],[-50.833,-14.071],[-50.838,-14.064],[-50.84,-14.054],[-50.855,-14.026],[-50.856,-14.019],[-50.849,-14.008],[-50.847,-14.0],[-50.865,-13.984],[-50.867,-13.968],[-50.866,-13.96],[-50.846,-13.934],[-50.84,-13.924],[-50.842,-13.892],[-50.841,-13.864],[-50.845,-13.852],[-50.855,-13.839],[-50.859,-13.829],[-50.854,-13.8],[-50.859,-13.779],[-50.853,-13.769],[-50.855,-13.757],[-50.868,-13.745],[-50.874,-13.735],[-50.869,-13.725],[-50.861,-13.719],[-50.848,-13.713],[-50.83,-13.71],[-50.809,-13.697],[-50.804,-13.69],[-50.799,-13.674],[-50.787,-13.647],[-50.784,-13.62],[-50.772,-13.604],[-50.766,-13.582],[-50.769,-13.569],[-50.763,-13.533],[-50.759,-13.52],[-50.737,-13.503],[-50.724,-13.498],[-50.715,-13.492],[-50.694,-13.47],[-50.688,-13.452],[-50.684,-13.445],[-50.673,-13.441],[-50.664,-13.435],[-50.663,-13.426],[-50.669,-13.402],[-50.669,-13.395],[-50.664,-13.374],[-50.647,-13.362],[-50.632,-13.344],[-50.624,-13.331],[-50.611,-13.32],[-50.607,-13.306],[-50.607,-13.283],[-50.606,-13.275],[-50.596,-13.269],[-50.592,-13.257],[-50.59,-13.238],[-50.584,-13.223],[-50.585,-13.215],[-50.605,-13.191],[-50.606,-13.184],[-50.603,-13.175],[-50.593,-13.161],[-50.6,-13.142],[-50.598,-13.131],[-50.593,-13.121],[-50.592,-13.108],[-50.595,-13.097],[-50.604,-13.087],[-50.61,-13.065],[-50.606,-13.054],[-50.598,-13.051],[-50.58,-13.055],[-50.574,-13.052],[-50.569,-13.043],[-50.571,-13.034],[-50.583,-13.025],[-50.591,-13.014],[-50.593,-13.004],[-50.587,-12.998],[-50.573,-12.997],[-50.561,-12.992],[-50.549,-12.993],[-50.54,-12.979],[-50.528,-12.977],[-50.524,-12.971],[-50.528,-12.951],[-50.526,-12.934],[-50.523,-12.925],[-50.514,-12.913],[-50.511,-12.887],[-50.5,-12.88],[-50.5,-12.868],[-50.511,-12.861],[-50.513,-12.845],[-50.523,-12.837],[-50.532,-12.844],[-50.544,-12.842],[-50.567,-12.843],[-50.592,-12.831],[-50.6,-12.824],[-50.599,-12.818],[-50.588,-12.812],[-50.58,-12.805],[-50.582,-12.799],[-50.603,-12.8],[-50.612,-12.817],[-50.623,-12.82],[-50.627,-12.812],[-50.625,-12.8],[-50.617,-12.789],[-50.612,-12.776],[-50.617,-12.772],[-50.63,-12.776],[-50.636,-12.771],[-50.627,-12.761],[-50.623,-12.735],[-50.627,-12.728],[-50.635,-12.725],[-50.637,-12.715],[-50.63,-12.707],[-50.634,-12.701],[-50.645,-12.702],[-50.648,-12.692],[-50.655,-12.679],[-50.655,-12.674],[-50.646,-12.664],[-50.647,-12.651],[-50.656,-12.646],[-50.684,-12.648],[-50.696,-12.65],[-50.701,-12.643],[-50.701,-12.624],[-50.706,-12.61],[-50.7,-12.595],[-50.69,-12.593],[-50.674,-12.6],[-50.668,-12.596],[-50.667,-12.584],[-50.672,-12.578],[-50.685,-12.573],[-50.687,-12.569],[-50.675,-12.549],[-50.666,-12.54],[-50.662,-12.532],[-50.66,-12.506],[-50.655,-12.495],[-50.647,-12.486],[-50.647,-12.474],[-50.653,-12.46],[-50.642,-12.453],[-50.627,-12.458],[-50.624,-12.455],[-50.618,-12.429],[-50.634,-12.414],[-50.628,-12.396],[-50.627,-12.384],[-50.632,-12.367],[-50.64,-12.359],[-50.645,-12.346],[-50.638,-12.325],[-50.644,-12.319],[-50.649,-12.299],[-50.642,-12.29],[-50.631,-12.285],[-50.632,-12.269],[-50.646,-12.256],[-50.651,-12.245],[-50.644,-12.23],[-50.644,-12.223],[-50.655,-12.218],[-50.666,-12.22],[-50.681,-12.217],[-50.687,-12.201],[-50.679,-12.188],[-50.679,-12.155],[-50.67,-12.138],[-50.676,-12.124],[-50.672,-12.106],[-50.67,-12.088],[-50.667,-12.082],[-50.668,-12.065],[-50.681,-12.053],[-50.687,-12.045],[-50.687,-12.036],[-50.678,-12.02],[-50.684,-12.011],[-50.682,-11.991],[-50.663,-11.976],[-50.657,-11.967],[-50.655,-11.948],[-50.668,-11.93],[-50.659,-11.914],[-50.641,-11.903],[-50.639,-11.885],[-50.645,-11.878],[-50.654,-11.873],[-50.665,-11.864],[-50.683,-11.863],[-50.686,-11.859],[-50.686,-11.839],[-50.691,-11.817],[-50.701,-11.803],[-50.708,-11.768],[-50.718,-11.752],[-50.722,-11.74],[-50.717,-11.727],[-50.702,-11.711],[-50.687,-11.697],[-50.674,-11.693],[-50.664,-11.678],[-50.664,-11.661],[-50.662,-11.636],[-50.665,-11.627],[-50.659,-11.62],[-50.657,-11.593],[-50.67,-11.582],[-50.681,-11.584],[-50.688,-11.581],[-50.709,-11.582],[-50.716,-11.579],[-50.724,-11.567],[-50.728,-11.557],[-50.739,-11.544],[-50.74,-11.532],[-50.736,-11.521],[-50.735,-11.512],[-50.739,-11.499],[-50.739,-11.473],[-50.742,-11.46],[-50.739,-11.435],[-50.728,-11.417],[-50.727,-11.411],[-50.73,-11.392],[-50.728,-11.383],[-50.712,-11.36],[-50.706,-11.341],[-50.707,-11.328],[-50.7,-11.313],[-50.697,-11.305],[-50.679,-11.295],[-50.671,-11.287],[-50.668,-11.278],[-50.666,-11.266],[-50.659,-11.255],[-50.656,-11.24],[-50.655,-11.215],[-50.662,-11.2],[-50.66,-11.187],[-50.665,-11.166],[-50.664,-11.152],[-50.661,-11.135],[-50.658,-11.128],[-50.644,-11.123],[-50.64,-11.108],[-50.635,-11.097],[-50.62,-11.088],[-50.615,-11.081],[-50.609,-11.067],[-50.611,-11.043],[-50.616,-11.038],[-50.618,-11.025],[-50.618,-11.002],[-50.625,-10.984],[-50.62,-10.969],[-50.629,-10.952],[-50.633,-10.932],[-50.618,-10.914],[-50.601,-10.901],[-50.6,-10.882],[-50.605,-10.873],[-50.619,-10.864],[-50.622,-10.839],[-50.612,-10.822],[-50.612,-10.81],[-50.607,-10.805],[-50.597,-10.805],[-50.591,-10.798],[-50.591,-10.789],[-50.58,-10.772],[-50.571,-10.752],[-50.578,-10.733],[-50.576,-10.725],[-50.579,-10.714],[-50.584,-10.709],[-50.586,-10.692],[-50.591,-10.681],[-50.603,-10.674],[-50.603,-10.661],[-50.603,-10.66],[-50.583,-10.644],[-50.581,-10.636],[-50.572,-10.62],[-50.563,-10.611],[-50.541,-10.609],[-50.535,-10.602],[-50.536,-10.589],[-50.525,-10.574],[-50.52,-10.562],[-50.523,-10.539],[-50.515,-10.523],[-50.517,-10.505],[-50.504,-10.496],[-50.488,-10.495],[-50.483,-10.49],[-50.487,-10.477],[-50.487,-10.462],[-50.479,-10.435],[-50.477,-10.416],[-50.474,-10.405],[-50.448,-10.392],[-50.441,-10.376],[-50.429,-10.368],[-50.418,-10.355],[-50.424,-10.342],[-50.423,-10.327],[-50.415,-10.312],[-50.403,-10.279],[-50.398,-10.254],[-50.386,-10.233],[-50.382,-10.219],[-50.382,-10.212],[-50.389,-10.175],[-50.397,-10.171],[-50.398,-10.155],[-50.392,-10.134],[-50.378,-10.111],[-50.367,-10.103],[-50.357,-10.09],[-50.355,-10.077],[-50.34,-10.061],[-50.328,-10.053],[-50.314,-10.047],[-50.303,-10.035],[-50.294,-10.016],[-50.292,-9.995],[-50.278,-9.971],[-50.279,-9.955],[-50.267,-9.935],[-50.266,-9.913],[-50.256,-9.889],[-50.244,-9.871],[-50.225,-9.854],[-50.225,-9.841],[-50.371,-9.832],[-50.501,-9.824],[-50.696,-9.811],[-50.846,-9.801],[-51.058,-9.788],[-51.304,-9.773],[-51.488,-9.761],[-51.724,-9.745],[-51.972,-9.728],[-52.027,-9.724],[-52.257,-9.708],[-52.36,-9.7],[-52.619,-9.682],[-52.921,-9.661],[-53.001,-9.655],[-53.133,-9.645],[-53.325,-9.631],[-53.589,-9.611],[-53.645,-9.607],[-53.84,-9.592],[-54.001,-9.58],[-54.107,-9.572],[-54.302,-9.558],[-54.614,-9.536],[-54.758,-9.524],[-54.996,-9.505],[-55.152,-9.493],[-55.378,-9.474],[-55.487,-9.465],[-55.604,-9.456],[-55.716,-9.447],[-55.867,-9.434],[-56.157,-9.41],[-56.272,-9.401]]]},"properties":{"uf":"MT","code":51}},{"type":"Feature","geometry":{"type":"Polygon","coordinates":[[[-48.235,-15.66],[-48.234,-15.642],[-48.218,-15.623],[-48.2,-15.623],[-48.2,-15.502],[-48.074,-15.502],[-48.054,-15.502],[-48.054,-15.502],[-48.035,-15.502],[-47.854,-15.502],[-47.617,-15.502],[-47.493,-15.502],[-47.418,-15.502],[-47.418,-15.546],[-47.406,-15.547],[-47.394,-15.558],[-47.39,-15.567],[-47.381,-15.567],[-47.378,-15.576],[-47.361,-15.58],[-47.348,-15.579],[-47.335,-15.588],[-47.327,-15.59],[-47.322,-15.586],[-47.316,-15.597],[-47.322,-15.598],[-47.328,-15.619],[-47.334,-15.63],[-47.327,-15.653],[-47.327,-15.675],[-47.331,-15.684],[-47.319,-15.69],[-47.312,-15.697],[-47.314,-15.711],[-47.321,-15.719],[-47.314,-15.738],[-47.315,-15.746],[-47.329,-15.767],[-47.328,-15.772],[-47.336,-15.781],[-47.34,-15.795],[-47.354,-15.814],[-47.357,-15.824],[-47.366,-15.827],[-47.368,-15.852],[-47.372,-15.874],[-47.379,-15.887],[-47.375,-15.907],[-47.367,-15.908],[-47.369,-15.919],[-47.362,-15.922],[-47.362,-15.929],[-47.374,-15.937],[-47.37,-15.945],[-47.373,-15.959],[-47.377,-15.962],[-47.378,-15.978],[-47.37,-16.001],[-47.36,-16.008],[-47.348,-16.007],[-47.335,-16.02],[-47.322,-16.026],[-47.317,-16.036],[-47.31,-16.036],[-47.301,-16.018],[-47.29,-16.015],[-47.287,-16.009],[-47.278,-16.009],[-47.267,-16.012],[-47.26,-16.018],[-47.239,-16.014],[-47.226,-16.016],[-47.211,-16.004],[-47.207,-15.995],[-47.209,-15.99],[-47.194,-15.983],[-47.179,-15.978],[-47.17,-15.971],[-47.172,-15.954],[-47.16,-15.941],[-47.155,-15.941],[-47.147,-15.932],[-47.137,-15.927],[-47.132,-15.934],[-47.135,-15.949],[-47.125,-15.946],[-47.107,-15.958],[-47.096,-15.957],[-47.089,-15.961],[-47.077,-15.958],[-47.074,-15.954],[-47.056,-15.938],[-47.035,-15.935],[-47.02,-15.929],[-46.984,-15.924],[-46.953,-15.917],[-46.825,-15.886],[-46.814,-15.887],[-46.807,-15.879],[-46.806,-15.871],[-46.806,-15.859],[-46.817,-15.84],[-46.823,-15.825],[-46.821,-15.817],[-46.822,-15.805],[-46.814,-15.793],[-46.813,-15.787],[-46.821,-15.766],[-46.827,-15.754],[-46.828,-15.729],[-46.843,-15.715],[-46.85,-15.693],[-46.856,-15.682],[-46.852,-15.671],[-46.853,-15.653],[-46.859,-15.64],[-46.855,-15.628],[-46.855,-15.618],[-46.874,-15.614],[-46.883,-15.61],[-46.889,-15.606],[-46.897,-15.593],[-46.918,-15.59],[-46.934,-15.576],[-46.946,-15.563],[-46.949,-15.555],[-46.944,-15.518],[-46.932,-15.483],[-46.933,-15.46],[-46.931,-15.443],[-46.912,-15.412],[-46.891,-15.4],[-46.886,-15.393],[-46.871,-15.388],[-46.849,-15.373],[-46.851,-15.368],[-46.869,-15.364],[-46.868,-15.357],[-46.857,-15.349],[-46.848,-15.347],[-46.836,-15.326],[-46.837,-15.321],[-46.858,-15.304],[-46.874,-15.285],[-46.889,-15.282],[-46.888,-15.268],[-46.889,-15.242],[-46.892,-15.235],[-46.906,-15.237],[-46.911,-15.245],[-46.928,-15.255],[-46.932,-15.25],[-46.935,-15.237],[-46.94,-15.232],[-46.934,-15.226],[-46.938,-15.211],[-46.937,-15.205],[-46.921,-15.178],[-46.914,-15.158],[-46.905,-15.143],[-46.899,-15.137],[-46.89,-15.12],[-46.888,-15.113],[-46.896,-15.105],[-46.897,-15.095],[-46.91,-15.088],[-46.926,-15.074],[-46.925,-15.057],[-46.918,-15.049],[-46.908,-15.046],[-46.895,-15.035],[-46.864,-15.02],[-46.857,-15.01],[-46.83,-15.009],[-46.821,-15.011],[-46.803,-15.017],[-46.786,-15.018],[-46.768,-15.024],[-46.758,-15.03],[-46.727,-15.038],[-46.708,-15.05],[-46.696,-15.055],[-46.682,-15.059],[-46.67,-15.067],[-46.656,-15.082],[-46.641,-15.088],[-46.625,-15.089],[-46.611,-15.084],[-46.6,-15.088],[-46.588,-15.081],[-46.578,-15.084],[-46.565,-15.073],[-46.551,-15.064],[-46.532,-15.056],[-46.526,-15.056],[-46.516,-15.062],[-46.503,-15.051],[-46.509,-15.04],[-46.514,-15.026],[-46.52,-15.02],[-46.521,-15.014],[-46.531,-15.005],[-46.526,-14.986],[-46.517,-14.982],[-46.518,-14.97],[-46.529,-14.965],[-46.532,-14.958],[-46.541,-14.952],[-46.539,-14.941],[-46.546,-14.929],[-46.543,-14.914],[-46.544,-14.905],[-46.54,-14.892],[-46.533,-14.888],[-46.523,-14.86],[-46.522,-14.851],[-46.528,-14.843],[-46.532,-14.83],[-46.546,-14.824],[-46.559,-14.822],[-46.56,-14.815],[-46.558,-14.807],[-46.566,-14.792],[-46.564,-14.783],[-46.543,-14.769],[-46.544,-14.753],[-46.537,-14.748],[-46.522,-14.745],[-46.51,-14.738],[-46.507,-14.726],[-46.51,-14.716],[-46.503,-14.704],[-46.493,-14.709],[-46.484,-14.709],[-46.475,-14.705],[-46.466,-14.714],[-46.464,-14.73],[-46.447,-14.732],[-46.441,-14.742],[-46.424,-14.756],[-46.404,-14.76],[-46.394,-14.772],[-46.386,-14.776],[-46.379,-14.785],[-46.368,-14.79],[-46.366,-14.795],[-46.355,-14.794],[-46.336,-14.803],[-46.333,-14.814],[-46.322,-14.815],[-46.32,-14.836],[-46.325,-14.846],[-46.319,-14.848],[-46.315,-14.854],[-46.3,-14.858],[-46.309,-14.878],[-46.318,-14.883],[-46.319,-14.9],[-46.316,-14.901],[-46.308,-14.911],[-46.294,-14.91],[-46.292,-14.922],[-46.287,-14.928],[-46.26,-14.93],[-46.246,-14.922],[-46.232,-14.922],[-46.224,-14.942],[-46.216,-14.944],[-46.211,-14.937],[-46.2,-14.938],[-46.191,-14.945],[-46.177,-14.949],[-46.172,-14.947],[-46.162,-14.931],[-46.164,-14.914],[-46.16,-14.914],[-46.151,-14.923],[-46.139,-14.928],[-46.134,-14.922],[-46.119,-14.921],[-46.11,-14.937],[-46.098,-14.939],[-46.088,-14.936],[-46.083,-14.928],[-46.079,-14.905],[-46.067,-14.91],[-46.061,-14.902],[-46.049,-14.878],[-46.039,-14.875],[-46.031,-14.861],[-46.025,-14.856],[-46.028,-14.847],[-46.039,-14.838],[-46.041,-14.826],[-46.037,-14.823],[-46.019,-14.819],[-46.019,-14.803],[-46.014,-14.799],[-46.003,-14.796],[-45.999,-14.782],[-46.002,-14.777],[-45.999,-14.768],[-46.005,-14.764],[-46.007,-14.751],[-45.997,-14.741],[-46.005,-14.73],[-45.999,-14.719],[-46.0,-14.709],[-46.004,-14.706],[-46.005,-14.689],[-46.021,-14.691],[-46.028,-14.681],[-46.025,-14.678],[-46.021,-14.67],[-46.011,-14.662],[-46.001,-14.667],[-45.992,-14.662],[-45.989,-14.647],[-45.992,-14.64],[-45.985,-14.63],[-45.985,-14.619],[-45.998,-14.604],[-45.989,-14.589],[-45.985,-14.578],[-45.991,-14.565],[-45.989,-14.549],[-45.979,-14.547],[-45.975,-14.539],[-45.981,-14.532],[-46.0,-14.523],[-46.004,-14.515],[-46.0,-14.504],[-45.993,-14.498],[-45.996,-14.488],[-46.013,-14.479],[-46.019,-14.472],[-46.011,-14.459],[-46.011,-14.455],[-46.0,-14.447],[-46.004,-14.425],[-45.988,-14.428],[-45.976,-14.434],[-45.967,-14.428],[-45.959,-14.426],[-45.949,-14.415],[-45.942,-14.415],[-45.932,-14.409],[-45.924,-14.396],[-45.922,-14.383],[-45.914,-14.378],[-45.908,-14.366],[-45.907,-14.355],[-45.915,-14.345],[-45.928,-14.35],[-45.933,-14.342],[-45.942,-14.343],[-45.948,-14.329],[-45.957,-14.321],[-45.958,-14.303],[-45.964,-14.284],[-45.982,-14.274],[-45.998,-14.278],[-45.995,-14.256],[-46.015,-14.255],[-46.024,-14.261],[-46.03,-14.259],[-46.033,-14.248],[-46.05,-14.244],[-46.06,-14.232],[-46.055,-14.222],[-46.057,-14.215],[-46.053,-14.204],[-46.061,-14.195],[-46.067,-14.194],[-46.08,-14.197],[-46.102,-14.208],[-46.098,-14.197],[-46.109,-14.187],[-46.117,-14.189],[-46.111,-14.173],[-46.116,-14.162],[-46.128,-14.158],[-46.132,-14.153],[-46.158,-14.161],[-46.168,-14.16],[-46.173,-14.157],[-46.187,-14.153],[-46.188,-14.145],[-46.195,-14.137],[-46.199,-14.127],[-46.207,-14.122],[-46.221,-14.107],[-46.224,-14.098],[-46.225,-14.073],[-46.229,-14.06],[-46.227,-14.049],[-46.228,-14.044],[-46.213,-14.031],[-46.21,-14.017],[-46.212,-14.01],[-46.224,-14.004],[-46.219,-13.994],[-46.22,-13.975],[-46.235,-13.968],[-46.255,-13.967],[-46.264,-13.947],[-46.263,-13.925],[-46.267,-13.918],[-46.26,-13.909],[-46.261,-13.901],[-46.257,-13.896],[-46.257,-13.887],[-46.248,-13.877],[-46.244,-13.865],[-46.233,-13.849],[-46.235,-13.841],[-46.247,-13.836],[-46.252,-13.829],[-46.266,-13.831],[-46.274,-13.829],[-46.264,-13.807],[-46.275,-13.798],[-46.278,-13.791],[-46.254,-13.78],[-46.246,-13.779],[-46.23,-13.774],[-46.223,-13.765],[-46.23,-13.76],[-46.236,-13.75],[-46.254,-13.735],[-46.255,-13.725],[-46.239,-13.718],[-46.236,-13.708],[-46.236,-13.701],[-46.241,-13.694],[-46.252,-13.692],[-46.256,-13.684],[-46.237,-13.659],[-46.238,-13.652],[-46.228,-13.649],[-46.216,-13.636],[-46.188,-13.622],[-46.188,-13.617],[-46.178,-13.614],[-46.163,-13.604],[-46.166,-13.593],[-46.175,-13.583],[-46.187,-13.575],[-46.2,-13.572],[-46.222,-13.577],[-46.232,-13.583],[-46.246,-13.578],[-46.241,-13.571],[-46.237,-13.545],[-46.247,-13.522],[-46.236,-13.515],[-46.225,-13.505],[-46.226,-13.493],[-46.233,-13.482],[-46.213,-13.472],[-46.209,-13.466],[-46.221,-13.451],[-46.223,-13.441],[-46.237,-13.435],[-46.248,-13.436],[-46.249,-13.431],[-46.243,-13.424],[-46.232,-13.419],[-46.212,-13.419],[-46.192,-13.41],[-46.18,-13.397],[-46.159,-13.381],[-46.151,-13.381],[-46.136,-13.376],[-46.125,-13.36],[-46.118,-13.357],[-46.099,-13.335],[-46.088,-13.329],[-46.073,-13.311],[-46.068,-13.295],[-46.071,-13.287],[-46.085,-13.269],[-46.103,-13.258],[-46.175,-13.277],[-46.22,-13.296],[-46.292,-13.317],[-46.3,-13.315],[-46.306,-13.308],[-46.318,-13.305],[-46.306,-13.287],[-46.3,-13.283],[-46.304,-13.268],[-46.301,-13.255],[-46.306,-13.252],[-46.328,-13.253],[-46.318,-13.23],[-46.313,-13.222],[-46.31,-13.209],[-46.304,-13.206],[-46.302,-13.191],[-46.307,-13.183],[-46.317,-13.183],[-46.306,-13.168],[-46.308,-13.164],[-46.303,-13.15],[-46.295,-13.142],[-46.3,-13.136],[-46.3,-13.128],[-46.311,-13.124],[-46.316,-13.119],[-46.317,-13.108],[-46.329,-13.1],[-46.316,-13.091],[-46.31,-13.082],[-46.301,-13.074],[-46.299,-13.064],[-46.293,-13.056],[-46.282,-13.045],[-46.284,-13.033],[-46.278,-13.031],[-46.276,-13.02],[-46.257,-13.014],[-46.215,-13.004],[-46.211,-13.001],[-46.194,-12.997],[-46.168,-12.981],[-46.166,-12.977],[-46.155,-12.976],[-46.151,-12.97],[-46.125,-12.96],[-46.121,-12.953],[-46.109,-12.938],[-46.105,-12.925],[-46.113,-12.918],[-46.123,-12.927],[-46.135,-12.93],[-46.151,-12.938],[-46.158,-12.934],[-46.178,-12.94],[-46.186,-12.949],[-46.198,-12.957],[-46.229,-12.958],[-46.237,-12.962],[-46.243,-12.96],[-46.255,-12.965],[-46.265,-12.966],[-46.277,-12.971],[-46.296,-12.974],[-46.305,-12.979],[-46.336,-12.983],[-46.362,-12.989],[-46.371,-12.988],[-46.37,-12.974],[-46.374,-12.963],[-46.37,-12.95],[-46.372,-12.945],[-46.365,-12.935],[-46.367,-12.925],[-46.364,-12.913],[-46.365,-12.897],[-46.361,-12.89],[-46.369,-12.878],[-46.366,-12.864],[-46.374,-12.86],[-46.382,-12.849],[-46.391,-12.848],[-46.398,-12.851],[-46.412,-12.837],[-46.418,-12.822],[-46.433,-12.929],[-46.438,-12.935],[-46.446,-12.936],[-46.455,-12.971],[-46.635,-12.97],[-46.751,-12.969],[-46.814,-13.001],[-46.823,-13.007],[-46.82,-13.015],[-46.829,-13.017],[-46.832,-13.028],[-46.842,-13.036],[-46.854,-13.055],[-46.855,-13.068],[-46.866,-13.069],[-46.881,-13.059],[-46.884,-13.051],[-46.894,-13.054],[-46.902,-13.067],[-46.911,-13.069],[-46.929,-13.085],[-46.928,-13.092],[-46.946,-13.099],[-46.953,-13.111],[-46.97,-13.115],[-46.978,-13.121],[-46.979,-13.131],[-47.001,-13.121],[-47.005,-13.132],[-47.011,-13.141],[-47.023,-13.142],[-47.03,-13.149],[-47.043,-13.149],[-47.048,-13.157],[-47.064,-13.161],[-47.071,-13.159],[-47.08,-13.162],[-47.085,-13.171],[-47.081,-13.176],[-47.09,-13.181],[-47.092,-13.173],[-47.099,-13.171],[-47.104,-13.176],[-47.114,-13.175],[-47.133,-13.178],[-47.134,-13.201],[-47.155,-13.21],[-47.162,-13.205],[-47.166,-13.21],[-47.184,-13.205],[-47.175,-13.195],[-47.184,-13.187],[-47.197,-13.194],[-47.213,-13.192],[-47.216,-13.196],[-47.225,-13.194],[-47.234,-13.205],[-47.242,-13.206],[-47.252,-13.213],[-47.251,-13.225],[-47.253,-13.233],[-47.268,-13.238],[-47.267,-13.246],[-47.276,-13.251],[-47.281,-13.265],[-47.288,-13.264],[-47.296,-13.249],[-47.315,-13.252],[-47.324,-13.258],[-47.327,-13.252],[-47.339,-13.246],[-47.354,-13.249],[-47.355,-13.243],[-47.37,-13.236],[-47.371,-13.229],[-47.38,-13.231],[-47.382,-13.24],[-47.39,-13.241],[-47.395,-13.246],[-47.393,-13.262],[-47.4,-13.262],[-47.417,-13.271],[-47.422,-13.286],[-47.433,-13.289],[-47.438,-13.279],[-47.436,-13.267],[-47.454,-13.252],[-47.451,-13.242],[-47.433,-13.238],[-47.432,-13.233],[-47.44,-13.223],[-47.45,-13.223],[-47.465,-13.227],[-47.483,-13.223],[-47.488,-13.212],[-47.477,-13.187],[-47.485,-13.183],[-47.509,-13.19],[-47.521,-13.182],[-47.534,-13.185],[-47.541,-13.192],[-47.558,-13.187],[-47.565,-13.18],[-47.566,-13.158],[-47.569,-13.144],[-47.561,-13.125],[-47.569,-13.117],[-47.586,-13.114],[-47.593,-13.116],[-47.6,-13.11],[-47.617,-13.104],[-47.646,-13.12],[-47.645,-13.15],[-47.655,-13.155],[-47.668,-13.166],[-47.654,-13.179],[-47.654,-13.186],[-47.664,-13.197],[-47.661,-13.206],[-47.667,-13.208],[-47.661,-13.219],[-47.654,-13.219],[-47.653,-13.23],[-47.656,-13.232],[-47.646,-13.242],[-47.648,-13.25],[-47.64,-13.264],[-47.648,-13.275],[-47.655,-13.276],[-47.655,-13.286],[-47.658,-13.295],[-47.658,-13.306],[-47.654,-13.312],[-47.656,-13.323],[-47.649,-13.344],[-47.65,-13.349],[-47.636,-13.366],[-47.629,-13.366],[-47.624,-13.376],[-47.627,-13.386],[-47.638,-13.39],[-47.643,-13.405],[-47.648,-13.407],[-47.655,-13.418],[-47.656,-13.429],[-47.671,-13.441],[-47.676,-13.452],[-47.677,-13.466],[-47.68,-13.468],[-47.798,-13.329],[-47.808,-13.325],[-47.81,-13.32],[-47.824,-13.312],[-47.844,-13.318],[-47.861,-13.314],[-47.874,-13.32],[-47.886,-13.32],[-47.893,-13.308],[-47.902,-13.312],[-47.904,-13.302],[-47.909,-13.298],[-47.919,-13.299],[-47.923,-13.292],[-47.93,-13.295],[-47.937,-13.291],[-47.944,-13.305],[-47.966,-13.313],[-47.971,-13.312],[-47.971,-13.301],[-47.978,-13.296],[-47.981,-13.284],[-47.989,-13.276],[-47.998,-13.274],[-48.005,-13.278],[-48.017,-13.278],[-48.033,-13.274],[-48.031,-13.257],[-48.037,-13.254],[-48.05,-13.257],[-48.055,-13.252],[-48.053,-13.245],[-48.062,-13.236],[-48.076,-13.246],[-48.072,-13.268],[-48.077,-13.267],[-48.079,-13.285],[-48.099,-13.293],[-48.105,-13.288],[-48.12,-13.297],[-48.141,-13.303],[-48.143,-13.306],[-48.156,-13.308],[-48.17,-13.3],[-48.166,-13.293],[-48.153,-13.28],[-48.156,-13.268],[-48.157,-13.25],[-48.167,-13.244],[-48.167,-13.233],[-48.153,-13.219],[-48.161,-13.209],[-48.166,-13.189],[-48.163,-13.181],[-48.156,-13.178],[-48.153,-13.162],[-48.144,-13.152],[-48.165,-13.158],[-48.172,-13.152],[-48.18,-13.152],[-48.187,-13.159],[-48.196,-13.165],[-48.196,-13.173],[-48.216,-13.17],[-48.235,-13.176],[-48.245,-13.186],[-48.245,-13.193],[-48.25,-13.197],[-48.263,-13.198],[-48.268,-13.203],[-48.278,-13.207],[-48.288,-13.205],[-48.292,-13.22],[-48.309,-13.228],[-48.314,-13.235],[-48.321,-13.231],[-48.33,-13.233],[-48.334,-13.229],[-48.342,-13.232],[-48.35,-13.243],[-48.362,-13.243],[-48.37,-13.249],[-48.375,-13.257],[-48.385,-13.264],[-48.403,-13.271],[-48.43,-13.271],[-48.431,-13.279],[-48.437,-13.284],[-48.456,-13.283],[-48.462,-13.275],[-48.459,-13.271],[-48.462,-13.262],[-48.457,-13.248],[-48.468,-13.244],[-48.475,-13.229],[-48.472,-13.223],[-48.474,-13.2],[-48.478,-13.194],[-48.475,-13.185],[-48.477,-13.178],[-48.469,-13.159],[-48.47,-13.146],[-48.479,-13.151],[-48.486,-13.141],[-48.495,-13.137],[-48.503,-13.142],[-48.516,-13.139],[-48.524,-13.176],[-48.53,-13.192],[-48.546,-13.196],[-48.554,-13.204],[-48.554,-13.227],[-48.55,-13.23],[-48.555,-13.242],[-48.554,-13.264],[-48.558,-13.272],[-48.554,-13.28],[-48.554,-13.303],[-48.564,-13.306],[-48.568,-13.302],[-48.578,-13.308],[-48.58,-13.313],[-48.584,-13.318],[-48.59,-13.307],[-48.598,-13.301],[-48.6,-13.288],[-48.592,-13.275],[-48.589,-13.255],[-48.597,-13.247],[-48.599,-13.24],[-48.591,-13.229],[-48.584,-13.227],[-48.578,-13.194],[-48.58,-13.191],[-48.579,-13.17],[-48.586,-13.167],[-48.585,-13.158],[-48.593,-13.158],[-48.589,-13.144],[-48.581,-13.14],[-48.581,-13.127],[-48.576,-13.124],[-48.583,-13.106],[-48.594,-13.102],[-48.591,-13.091],[-48.598,-13.083],[-48.6,-13.059],[-48.615,-13.057],[-48.62,-13.052],[-48.628,-13.051],[-48.631,-13.039],[-48.636,-13.037],[-48.638,-13.017],[-48.645,-13.011],[-48.656,-13.012],[-48.658,-13.004],[-48.666,-13.002],[-48.67,-12.996],[-48.684,-12.993],[-48.702,-12.998],[-48.706,-13.003],[-48.717,-13.002],[-48.732,-12.985],[-48.733,-12.971],[-48.73,-12.962],[-48.736,-12.952],[-48.737,-12.942],[-48.734,-12.936],[-48.736,-12.921],[-48.75,-12.914],[-48.768,-12.898],[-48.775,-12.887],[-48.786,-12.884],[-48.794,-12.876],[-48.814,-12.864],[-48.811,-12.859],[-48.821,-12.844],[-48.84,-12.843],[-48.845,-12.825],[-48.847,-12.809],[-48.857,-12.805],[-48.863,-12.809],[-48.87,-12.803],[-48.88,-12.817],[-48.976,-12.957],[-48.981,-12.946],[-48.993,-12.938],[-49.003,-12.934],[-49.009,-12.916],[-49.021,-12.911],[-49.022,-12.906],[-49.032,-12.902],[-49.049,-12.913],[-49.05,-12.909],[-49.061,-12.908],[-49.074,-12.903],[-49.088,-12.891],[-49.085,-12.878],[-49.073,-12.87],[-49.073,-12.855],[-49.067,-12.845],[-49.08,-12.847],[-49.097,-12.835],[-49.105,-12.835],[-49.118,-12.79],[-49.127,-12.792],[-49.13,-12.798],[-49.138,-12.801],[-49.145,-12.818],[-49.152,-12.819],[-49.155,-12.827],[-49.164,-12.836],[-49.189,-12.851],[-49.196,-12.866],[-49.209,-12.873],[-49.211,-12.878],[-49.224,-12.877],[-49.238,-12.884],[-49.235,-12.894],[-49.241,-12.895],[-49.249,-12.904],[-49.246,-12.908],[-49.251,-12.93],[-49.269,-12.947],[-49.281,-12.97],[-49.276,-12.98],[-49.28,-12.989],[-49.288,-12.998],[-49.292,-13.008],[-49.297,-13.011],[-49.303,-13.029],[-49.312,-13.037],[-49.325,-13.054],[-49.336,-13.063],[-49.345,-13.084],[-49.352,-13.094],[-49.355,-13.107],[-49.342,-13.124],[-49.344,-13.133],[-49.354,-13.143],[-49.356,-13.156],[-49.347,-13.168],[-49.346,-13.18],[-49.348,-13.191],[-49.344,-13.197],[-49.349,-13.217],[-49.34,-13.23],[-49.337,-13.247],[-49.339,-13.253],[-49.355,-13.261],[-49.368,-13.272],[-49.538,-13.179],[-49.707,-13.086],[-49.909,-12.975],[-49.909,-12.968],[-49.922,-12.961],[-49.941,-12.956],[-49.95,-12.959],[-49.965,-12.952],[-49.978,-12.941],[-49.991,-12.945],[-50.002,-12.934],[-50.023,-12.928],[-50.038,-12.936],[-50.045,-12.933],[-50.046,-12.926],[-50.056,-12.92],[-50.064,-12.921],[-50.072,-12.917],[-50.08,-12.905],[-50.09,-12.908],[-50.104,-12.907],[-50.109,-12.911],[-50.117,-12.906],[-50.147,-12.903],[-50.157,-12.893],[-50.169,-12.894],[-50.179,-12.891],[-50.185,-12.894],[-50.206,-12.885],[-50.216,-12.875],[-50.224,-12.873],[-50.225,-12.86],[-50.236,-12.857],[-50.243,-12.852],[-50.255,-12.849],[-50.264,-12.842],[-50.274,-12.844],[-50.286,-12.84],[-50.293,-12.834],[-50.298,-12.825],[-50.308,-12.817],[-50.306,-12.804],[-50.31,-12.802],[-50.311,-12.792],[-50.303,-12.78],[-50.306,-12.775],[-50.306,-12.764],[-50.299,-12.756],[-50.301,-12.748],[-50.298,-12.741],[-50.288,-12.733],[-50.283,-12.718],[-50.296,-12.711],[-50.296,-12.694],[-50.299,-12.68],[-50.292,-12.677],[-50.284,-12.683],[-50.27,-12.678],[-50.264,-12.666],[-50.268,-12.652],[-50.258,-12.644],[-50.255,-12.625],[-50.248,-12.63],[-50.237,-12.624],[-50.242,-12.61],[-50.245,-12.598],[-50.238,-12.579],[-50.229,-12.586],[-50.223,-12.585],[-50.214,-12.575],[-50.207,-12.572],[-50.204,-12.564],[-50.193,-12.564],[-50.198,-12.553],[-50.212,-12.56],[-50.214,-12.547],[-50.222,-12.543],[-50.229,-12.532],[-50.218,-12.513],[-50.218,-12.491],[-50.215,-12.482],[-50.204,-12.476],[-50.203,-12.465],[-50.196,-12.457],[-50.184,-12.455],[-50.179,-12.438],[-50.166,-12.437],[-50.159,-12.431],[-50.159,-12.414],[-50.15,-12.399],[-50.142,-12.395],[-50.158,-12.4],[-50.161,-12.405],[-50.172,-12.406],[-50.172,-12.421],[-50.183,-12.424],[-50.186,-12.433],[-50.195,-12.431],[-50.211,-12.435],[-50.206,-12.445],[-50.216,-12.449],[-50.224,-12.446],[-50.227,-12.453],[-50.254,-12.462],[-50.256,-12.47],[-50.262,-12.477],[-50.278,-12.481],[-50.282,-12.479],[-50.289,-12.486],[-50.306,-12.492],[-50.321,-12.504],[-50.312,-12.516],[-50.316,-12.522],[-50.325,-12.514],[-50.334,-12.52],[-50.329,-12.531],[-50.331,-12.536],[-50.346,-12.533],[-50.346,-12.542],[-50.359,-12.54],[-50.366,-12.547],[-50.359,-12.55],[-50.37,-12.558],[-50.365,-12.567],[-50.367,-12.574],[-50.38,-12.576],[-50.385,-12.582],[-50.386,-12.59],[-50.398,-12.6],[-50.391,-12.606],[-50.392,-12.612],[-50.406,-12.613],[-50.417,-12.623],[-50.417,-12.635],[-50.412,-12.644],[-50.422,-12.644],[-50.427,-12.653],[-50.435,-12.658],[-50.432,-12.67],[-50.436,-12.676],[-50.432,-12.688],[-50.437,-12.696],[-50.447,-12.698],[-50.46,-12.693],[-50.463,-12.702],[-50.475,-12.706],[-50.479,-12.713],[-50.467,-12.722],[-50.465,-12.731],[-50.471,-12.737],[-50.478,-12.737],[-50.487,-12.745],[-50.484,-12.751],[-50.477,-12.753],[-50.475,-12.771],[-50.487,-12.776],[-50.493,-12.784],[-50.493,-12.797],[-50.484,-12.809],[-50.494,-12.819],[-50.49,-12.828],[-50.497,-12.846],[-50.506,-12.85],[-50.511,-12.861],[-50.5,-12.868],[-50.5,-12.88],[-50.511,-12.887],[-50.514,-12.913],[-50.523,-12.925],[-50.526,-12.934],[-50.528,-12.951],[-50.524,-12.971],[-50.528,-12.977],[-50.54,-12.979],[-50.549,-12.993],[-50.561,-12.992],[-50.573,-12.997],[-50.587,-12.998],[-50.593,-13.004],[-50.591,-13.014],[-50.583,-13.025],[-50.571,-13.034],[-50.569,-13.043],[-50.574,-13.052],[-50.58,-13.055],[-50.598,-13.051],[-50.606,-13.054],[-50.61,-13.065],[-50.604,-13.087],[-50.595,-13.097],[-50.592,-13.108],[-50.593,-13.121],[-50.598,-13.131],[-50.6,-13.142],[-50.593,-13.161],[-50.603,-13.175],[-50.606,-13.184],[-50.605,-13.191],[-50.585,-13.215],[-50.584,-13.223],[-50.59,-13.238],[-50.592,-13.257],[-50.596,-13.269],[-50.606,-13.275],[-50.607,-13.283],[-50.607,-13.306],[-50.611,-13.32],[-50.624,-13.331],[-50.632,-13.344],[-50.647,-13.362],[-50.664,-13.374],[-50.669,-13.395],[-50.669,-13.402],[-50.663,-13.426],[-50.664,-13.435],[-50.673,-13.441],[-50.684,-13.445],[-50.688,-13.452],[-50.694,-13.47],[-50.715,-13.492],[-50.724,-13.498],[-50.737,-13.503],[-50.759,-13.52],[-50.763,-13.533],[-50.769,-13.569],[-50.766,-13.582],[-50.772,-13.604],[-50.784,-13.62],[-50.787,-13.647],[-50.799,-13.674],[-50.804,-13.69],[-50.809,-13.697],[-50.83,-13.71],[-50.848,-13.713],[-50.861,-13.719],[-50.869,-13.725],[-50.874,-13.735],[-50.868,-13.745],[-50.855,-13.757],[-50.853,-13.769],[-50.859,-13.779],[-50.854,-13.8],[-50.859,-13.829],[-50.855,-13.839],[-50.845,-13.852],[-50.841,-13.864],[-50.842,-13.892],[-50.84,-13.924],[-50.846,-13.934],[-50.866,-13.96],[-50.867,-13.968],[-50.865,-13.984],[-50.847,-14.0],[-50.849,-14.008],[-50.856,-14.019],[-50.855,-14.026],[-50.84,-14.054],[-50.838,-14.064],[-50.833,-14.071],[-50.831,-14.083],[-50.835,-14.095],[-50.842,-14.104],[-50.852,-14.118],[-50.861,-14.122],[-50.868,-14.118],[-50.874,-14.12],[-50.886,-14.132],[-50.895,-14.131],[-50.899,-14.115],[-50.904,-14.11],[-50.915,-14.114],[-50.919,-14.119],[-50.92,-14.127],[-50.91,-14.148],[-50.915,-14.17],[-50.922,-14.173],[-50.942,-14.221],[-50.954,-14.232],[-50.966,-14.269],[-50.977,-14.293],[-50.976,-14.307],[-50.968,-14.317],[-50.966,-14.327],[-50.969,-14.336],[-50.987,-14.358],[-50.984,-14.376],[-50.99,-14.39],[-50.998,-14.414],[-50.996,-14.419],[-50.986,-14.429],[-50.985,-14.438],[-50.989,-14.444],[-50.989,-14.454],[-50.984,-14.461],[-50.971,-14.472],[-50.968,-14.482],[-50.973,-14.498],[-50.972,-14.509],[-50.964,-14.518],[-50.964,-14.528],[-50.971,-14.537],[-50.983,-14.556],[-50.994,-14.57],[-50.998,-14.582],[-50.992,-14.6],[-50.993,-14.613],[-51.0,-14.63],[-51.011,-14.647],[-51.019,-14.651],[-51.027,-14.659],[-51.032,-14.678],[-51.026,-14.691],[-51.03,-14.71],[-51.042,-14.728],[-51.053,-14.739],[-51.058,-14.752],[-51.057,-14.761],[-51.045,-14.777],[-51.045,-14.793],[-51.051,-14.799],[-51.071,-14.81],[-51.078,-14.819],[-51.09,-14.84],[-51.093,-14.855],[-51.093,-14.888],[-51.092,-14.895],[-51.086,-14.904],[-51.084,-14.913],[-51.087,-14.921],[-51.099,-14.925],[-51.103,-14.927],[-51.114,-14.93],[-51.133,-14.941],[-51.145,-14.943],[-51.151,-14.954],[-51.148,-14.962],[-51.151,-14.978],[-51.157,-14.986],[-51.192,-15.0],[-51.208,-15.009],[-51.216,-15.022],[-51.225,-15.027],[-51.24,-15.029],[-51.253,-15.034],[-51.268,-15.044],[-51.276,-15.044],[-51.295,-15.03],[-51.301,-15.014],[-51.299,-15.003],[-51.302,-14.989],[-51.307,-14.981],[-51.325,-14.97],[-51.333,-14.97],[-51.339,-14.975],[-51.341,-14.98],[-51.347,-14.988],[-51.353,-14.994],[-51.368,-15.01],[-51.377,-15.01],[-51.387,-15.006],[-51.402,-15.003],[-51.421,-15.006],[-51.431,-15.01],[-51.441,-15.031],[-51.462,-15.048],[-51.479,-15.051],[-51.502,-15.058],[-51.519,-15.057],[-51.527,-15.059],[-51.534,-15.065],[-51.547,-15.101],[-51.564,-15.109],[-51.583,-15.128],[-51.586,-15.134],[-51.593,-15.152],[-51.606,-15.162],[-51.623,-15.165],[-51.647,-15.174],[-51.652,-15.18],[-51.65,-15.2],[-51.668,-15.232],[-51.672,-15.248],[-51.669,-15.255],[-51.653,-15.254],[-51.646,-15.259],[-51.647,-15.268],[-51.651,-15.273],[-51.677,-15.288],[-51.685,-15.3],[-51.691,-15.325],[-51.687,-15.347],[-51.672,-15.362],[-51.669,-15.374],[-51.673,-15.38],[-51.683,-15.387],[-51.696,-15.406],[-51.698,-15.415],[-51.691,-15.426],[-51.695,-15.439],[-51.703,-15.444],[-51.709,-15.462],[-51.7,-15.474],[-51.699,-15.485],[-51.704,-15.496],[-51.725,-15.501],[-51.732,-15.504],[-51.738,-15.517],[-51.737,-15.527],[-51.726,-15.544],[-51.728,-15.55],[-51.739,-15.559],[-51.747,-15.562],[-51.756,-15.557],[-51.758,-15.551],[-51.756,-15.54],[-51.761,-15.53],[-51.768,-15.53],[-51.777,-15.535],[-51.781,-15.546],[-51.778,-15.56],[-51.77,-15.574],[-51.754,-15.615],[-51.757,-15.633],[-51.768,-15.654],[-51.801,-15.701],[-51.806,-15.711],[-51.803,-15.722],[-51.809,-15.727],[-51.823,-15.731],[-51.839,-15.75],[-51.859,-15.787],[-51.873,-15.798],[-51.878,-15.809],[-51.88,-15.824],[-51.887,-15.832],[-51.892,-15.831],[-51.905,-15.819],[-51.913,-15.813],[-51.949,-15.81],[-51.955,-15.816],[-51.956,-15.84],[-51.972,-15.838],[-51.981,-15.842],[-51.987,-15.849],[-51.994,-15.869],[-52.01,-15.886],[-52.028,-15.888],[-52.039,-15.886],[-52.047,-15.888],[-52.061,-15.887],[-52.073,-15.882],[-52.093,-15.883],[-52.1,-15.889],[-52.111,-15.883],[-52.128,-15.895],[-52.133,-15.895],[-52.153,-15.889],[-52.178,-15.887],[-52.195,-15.881],[-52.205,-15.888],[-52.216,-15.892],[-52.235,-15.889],[-52.248,-15.89],[-52.254,-15.894],[-52.252,-15.909],[-52.256,-15.92],[-52.257,-15.931],[-52.265,-15.936],[-52.267,-15.948],[-52.29,-15.965],[-52.289,-15.979],[-52.295,-15.993],[-52.311,-16.007],[-52.316,-16.028],[-52.324,-16.04],[-52.328,-16.07],[-52.35,-16.084],[-52.361,-16.082],[-52.367,-16.083],[-52.371,-16.096],[-52.382,-16.099],[-52.399,-16.093],[-52.41,-16.1],[-52.437,-16.109],[-52.449,-16.117],[-52.461,-16.128],[-52.472,-16.127],[-52.49,-16.132],[-52.492,-16.139],[-52.503,-16.142],[-52.514,-16.134],[-52.526,-16.141],[-52.526,-16.155],[-52.549,-16.165],[-52.544,-16.18],[-52.549,-16.184],[-52.55,-16.192],[-52.545,-16.223],[-52.549,-16.225],[-52.567,-16.225],[-52.569,-16.234],[-52.561,-16.24],[-52.555,-16.252],[-52.546,-16.26],[-52.556,-16.266],[-52.564,-16.264],[-52.57,-16.254],[-52.576,-16.25],[-52.583,-16.255],[-52.587,-16.268],[-52.592,-16.27],[-52.611,-16.272],[-52.619,-16.283],[-52.625,-16.287],[-52.637,-16.283],[-52.647,-16.285],[-52.654,-16.279],[-52.659,-16.281],[-52.681,-16.302],[-52.687,-16.315],[-52.683,-16.344],[-52.692,-16.348],[-52.69,-16.357],[-52.693,-16.366],[-52.678,-16.381],[-52.681,-16.388],[-52.689,-16.395],[-52.686,-16.401],[-52.675,-16.412],[-52.653,-16.409],[-52.641,-16.416],[-52.645,-16.427],[-52.639,-16.437],[-52.619,-16.446],[-52.613,-16.458],[-52.605,-16.463],[-52.613,-16.469],[-52.606,-16.477],[-52.606,-16.486],[-52.613,-16.502],[-52.62,-16.505],[-52.633,-16.5],[-52.637,-16.503],[-52.634,-16.514],[-52.629,-16.518],[-52.626,-16.521],[-52.626,-16.532],[-52.635,-16.54],[-52.635,-16.551],[-52.646,-16.546],[-52.654,-16.561],[-52.663,-16.551],[-52.67,-16.558],[-52.66,-16.57],[-52.673,-16.571],[-52.67,-16.582],[-52.676,-16.585],[-52.688,-16.585],[-52.695,-16.582],[-52.7,-16.572],[-52.708,-16.575],[-52.703,-16.596],[-52.711,-16.596],[-52.726,-16.587],[-52.733,-16.586],[-52.739,-16.593],[-52.731,-16.598],[-52.741,-16.605],[-52.738,-16.613],[-52.726,-16.614],[-52.715,-16.637],[-52.722,-16.647],[-52.727,-16.646],[-52.734,-16.633],[-52.746,-16.631],[-52.748,-16.64],[-52.741,-16.652],[-52.752,-16.662],[-52.77,-16.668],[-52.768,-16.673],[-52.759,-16.671],[-52.764,-16.696],[-52.762,-16.707],[-52.778,-16.708],[-52.786,-16.714],[-52.789,-16.725],[-52.786,-16.741],[-52.792,-16.74],[-52.802,-16.748],[-52.808,-16.742],[-52.817,-16.749],[-52.822,-16.758],[-52.829,-16.759],[-52.832,-16.772],[-52.846,-16.767],[-52.859,-16.769],[-52.868,-16.781],[-52.885,-16.777],[-52.893,-16.794],[-52.907,-16.799],[-52.908,-16.811],[-52.914,-16.813],[-52.927,-16.819],[-52.926,-16.805],[-52.933,-16.803],[-52.941,-16.814],[-52.935,-16.824],[-52.929,-16.827],[-52.929,-16.838],[-52.948,-16.845],[-52.956,-16.861],[-52.972,-16.87],[-52.976,-16.864],[-52.989,-16.867],[-53.014,-16.864],[-53.014,-16.876],[-53.02,-16.895],[-53.019,-16.9],[-53.039,-16.912],[-53.035,-16.92],[-53.04,-16.931],[-53.035,-16.942],[-53.047,-16.949],[-53.047,-16.964],[-53.054,-16.968],[-53.056,-16.997],[-53.052,-17.005],[-53.064,-17.017],[-53.06,-17.021],[-53.061,-17.031],[-53.069,-17.041],[-53.061,-17.046],[-53.055,-17.064],[-53.072,-17.085],[-53.079,-17.089],[-53.089,-17.101],[-53.102,-17.103],[-53.111,-17.108],[-53.115,-17.118],[-53.114,-17.127],[-53.12,-17.131],[-53.127,-17.145],[-53.128,-17.155],[-53.139,-17.162],[-53.142,-17.171],[-53.15,-17.168],[-53.157,-17.171],[-53.155,-17.187],[-53.166,-17.21],[-53.166,-17.221],[-53.172,-17.223],[-53.172,-17.233],[-53.187,-17.259],[-53.197,-17.261],[-53.195,-17.275],[-53.203,-17.284],[-53.208,-17.293],[-53.217,-17.297],[-53.219,-17.307],[-53.209,-17.316],[-53.214,-17.32],[-53.212,-17.327],[-53.206,-17.331],[-53.2,-17.35],[-53.203,-17.368],[-53.197,-17.378],[-53.209,-17.396],[-53.214,-17.411],[-53.222,-17.416],[-53.231,-17.44],[-53.224,-17.458],[-53.232,-17.481],[-53.24,-17.492],[-53.237,-17.498],[-53.242,-17.504],[-53.238,-17.516],[-53.244,-17.523],[-53.243,-17.554],[-53.245,-17.563],[-53.238,-17.568],[-53.24,-17.6],[-53.247,-17.605],[-53.244,-17.616],[-53.248,-17.627],[-53.247,-17.649],[-53.243,-17.654],[-53.243,-17.672],[-53.237,-17.68],[-53.242,-17.691],[-53.236,-17.694],[-53.237,-17.702],[-53.234,-17.713],[-53.219,-17.721],[-53.202,-17.726],[-53.186,-17.748],[-53.178,-17.751],[-53.172,-17.757],[-53.173,-17.765],[-53.16,-17.775],[-53.156,-17.785],[-53.157,-17.797],[-53.151,-17.81],[-53.144,-17.816],[-53.142,-17.826],[-53.134,-17.833],[-53.132,-17.842],[-53.137,-17.852],[-53.135,-17.857],[-53.138,-17.871],[-53.128,-17.881],[-53.128,-17.89],[-53.123,-17.902],[-53.127,-17.912],[-53.125,-17.918],[-53.11,-17.927],[-53.105,-17.928],[-53.087,-17.945],[-53.081,-17.959],[-53.071,-17.966],[-53.065,-17.988],[-53.065,-17.996],[-53.072,-18.021],[-53.072,-18.034],[-53.076,-18.051],[-53.082,-18.055],[-53.103,-18.059],[-53.124,-18.059],[-53.14,-18.072],[-53.143,-18.084],[-53.137,-18.119],[-53.129,-18.139],[-53.13,-18.161],[-53.11,-18.22],[-53.111,-18.235],[-53.108,-18.26],[-53.102,-18.273],[-53.103,-18.292],[-53.1,-18.314],[-53.083,-18.327],[-53.072,-18.341],[-53.065,-18.344],[-53.044,-18.344],[-53.028,-18.352],[-53.023,-18.349],[-53.014,-18.326],[-53.005,-18.323],[-52.984,-18.307],[-52.965,-18.299],[-52.954,-18.297],[-52.935,-18.297],[-52.914,-18.301],[-52.873,-18.315],[-52.856,-18.312],[-52.821,-18.311],[-52.797,-18.316],[-52.776,-18.329],[-52.759,-18.348],[-52.759,-18.363],[-52.762,-18.371],[-52.77,-18.38],[-52.784,-18.388],[-52.788,-18.393],[-52.793,-18.408],[-52.798,-18.415],[-52.807,-18.418],[-52.828,-18.42],[-52.839,-18.424],[-52.851,-18.422],[-52.871,-18.426],[-52.876,-18.431],[-52.879,-18.443],[-52.881,-18.465],[-52.899,-18.477],[-52.91,-18.492],[-52.913,-18.505],[-52.92,-18.511],[-52.943,-18.517],[-52.955,-18.534],[-52.962,-18.541],[-52.965,-18.55],[-52.954,-18.562],[-52.952,-18.577],[-52.941,-18.586],[-52.934,-18.599],[-52.941,-18.611],[-52.937,-18.614],[-52.921,-18.613],[-52.914,-18.62],[-52.914,-18.628],[-52.918,-18.635],[-52.913,-18.642],[-52.893,-18.646],[-52.873,-18.646],[-52.857,-18.658],[-52.851,-18.66],[-52.846,-18.667],[-52.836,-18.667],[-52.822,-18.672],[-52.81,-18.668],[-52.785,-18.681],[-52.763,-18.681],[-52.748,-18.692],[-52.731,-18.689],[-52.716,-18.691],[-52.7,-18.685],[-52.687,-18.678],[-52.674,-18.679],[-52.667,-18.683],[-52.649,-18.686],[-52.635,-18.692],[-52.632,-18.696],[-52.622,-18.689],[-52.604,-18.688],[-52.598,-18.69],[-52.589,-18.687],[-52.586,-18.681],[-52.574,-18.674],[-52.566,-18.665],[-52.547,-18.657],[-52.539,-18.659],[-52.532,-18.657],[-52.522,-18.665],[-52.502,-18.676],[-52.492,-18.678],[-52.471,-18.687],[-52.464,-18.686],[-52.448,-18.692],[-52.438,-18.712],[-52.424,-18.733],[-52.416,-18.737],[-52.412,-18.744],[-52.407,-18.757],[-52.401,-18.759],[-52.395,-18.769],[-52.379,-18.782],[-52.375,-18.791],[-52.364,-18.799],[-52.354,-18.8],[-52.345,-18.823],[-52.337,-18.823],[-52.334,-18.829],[-52.324,-18.831],[-52.305,-18.84],[-52.298,-18.836],[-52.293,-18.829],[-52.286,-18.828],[-52.273,-18.832],[-52.263,-18.828],[-52.252,-18.839],[-52.216,-18.843],[-52.208,-18.849],[-52.198,-18.85],[-52.187,-18.846],[-52.18,-18.854],[-52.173,-18.857],[-52.164,-18.87],[-52.151,-18.893],[-52.136,-18.89],[-52.134,-18.897],[-52.119,-18.901],[-52.111,-18.899],[-52.107,-18.91],[-52.106,-18.926],[-52.091,-18.941],[-52.079,-18.951],[-52.044,-18.951],[-52.043,-18.959],[-52.035,-18.958],[-52.026,-18.963],[-52.019,-18.963],[-52.014,-18.976],[-52.007,-18.976],[-52.003,-18.968],[-51.996,-18.974],[-51.979,-18.974],[-51.97,-18.978],[-51.969,-18.967],[-51.962,-18.969],[-51.96,-18.978],[-51.951,-18.981],[-51.941,-18.968],[-51.93,-18.977],[-51.926,-18.985],[-51.917,-18.984],[-51.907,-18.994],[-51.897,-18.994],[-51.893,-19.007],[-51.889,-19.01],[-51.876,-19.031],[-51.863,-19.042],[-51.861,-19.047],[-51.852,-19.052],[-51.845,-19.042],[-51.836,-19.046],[-51.844,-19.053],[-51.833,-19.056],[-51.816,-19.055],[-51.808,-19.062],[-51.796,-19.066],[-51.797,-19.073],[-51.784,-19.081],[-51.778,-19.078],[-51.765,-19.087],[-51.758,-19.089],[-51.745,-19.086],[-51.748,-19.094],[-51.74,-19.101],[-51.731,-19.1],[-51.727,-19.108],[-51.716,-19.106],[-51.7,-19.119],[-51.692,-19.118],[-51.66,-19.134],[-51.652,-19.136],[-51.646,-19.13],[-51.635,-19.131],[-51.623,-19.138],[-51.614,-19.137],[-51.609,-19.141],[-51.597,-19.137],[-51.592,-19.127],[-51.569,-19.134],[-51.555,-19.132],[-51.551,-19.141],[-51.539,-19.143],[-51.527,-19.139],[-51.514,-19.15],[-51.502,-19.147],[-51.499,-19.161],[-51.482,-19.16],[-51.473,-19.154],[-51.468,-19.161],[-51.459,-19.168],[-51.455,-19.161],[-51.448,-19.16],[-51.439,-19.171],[-51.42,-19.166],[-51.418,-19.173],[-51.41,-19.172],[-51.405,-19.178],[-51.409,-19.184],[-51.395,-19.196],[-51.378,-19.193],[-51.37,-19.2],[-51.37,-19.209],[-51.365,-19.215],[-51.364,-19.223],[-51.346,-19.214],[-51.337,-19.222],[-51.323,-19.219],[-51.309,-19.218],[-51.303,-19.223],[-51.308,-19.233],[-51.291,-19.245],[-51.286,-19.252],[-51.279,-19.249],[-51.277,-19.261],[-51.255,-19.268],[-51.243,-19.269],[-51.23,-19.265],[-51.225,-19.259],[-51.206,-19.262],[-51.187,-19.27],[-51.183,-19.28],[-51.169,-19.287],[-51.144,-19.287],[-51.127,-19.303],[-51.118,-19.303],[-51.111,-19.307],[-51.092,-19.308],[-51.065,-19.331],[-51.058,-19.33],[-51.045,-19.343],[-51.042,-19.356],[-51.03,-19.367],[-51.02,-19.387],[-51.026,-19.399],[-51.019,-19.401],[-51.005,-19.401],[-51.005,-19.413],[-50.994,-19.408],[-50.988,-19.408],[-50.986,-19.429],[-50.983,-19.433],[-50.968,-19.435],[-50.952,-19.443],[-50.945,-19.453],[-50.936,-19.461],[-50.935,-19.468],[-50.919,-19.472],[-50.906,-19.478],[-50.889,-19.481],[-50.849,-19.498],[-50.836,-19.496],[-50.827,-19.488],[-50.826,-19.473],[-50.839,-19.458],[-50.86,-19.442],[-50.869,-19.434],[-50.875,-19.423],[-50.876,-19.415],[-50.871,-19.404],[-50.861,-19.392],[-50.853,-19.378],[-50.842,-19.351],[-50.836,-19.327],[-50.828,-19.311],[-50.817,-19.289],[-50.799,-19.277],[-50.783,-19.261],[-50.769,-19.259],[-50.764,-19.25],[-50.746,-19.24],[-50.744,-19.235],[-50.74,-19.213],[-50.741,-19.197],[-50.733,-19.187],[-50.701,-19.177],[-50.682,-19.176],[-50.676,-19.171],[-50.672,-19.161],[-50.678,-19.14],[-50.675,-19.136],[-50.655,-19.134],[-50.646,-19.135],[-50.605,-19.136],[-50.587,-19.14],[-50.578,-19.133],[-50.572,-19.122],[-50.552,-19.113],[-50.535,-19.099],[-50.529,-19.088],[-50.511,-19.061],[-50.503,-19.047],[-50.499,-19.034],[-50.495,-19.013],[-50.504,-19.005],[-50.501,-18.996],[-50.501,-18.976],[-50.512,-18.952],[-50.511,-18.939],[-50.506,-18.932],[-50.473,-18.921],[-50.461,-18.914],[-50.443,-18.894],[-50.436,-18.877],[-50.423,-18.833],[-50.419,-18.828],[-50.407,-18.824],[-50.394,-18.823],[-50.379,-18.815],[-50.37,-18.804],[-50.361,-18.78],[-50.352,-18.76],[-50.345,-18.751],[-50.332,-18.725],[-50.315,-18.701],[-50.296,-18.691],[-50.27,-18.684],[-50.25,-18.678],[-50.222,-18.681],[-50.208,-18.679],[-50.199,-18.679],[-50.187,-18.672],[-50.164,-18.664],[-50.143,-18.666],[-50.12,-18.669],[-50.104,-18.669],[-50.08,-18.672],[-50.068,-18.656],[-50.05,-18.643],[-50.04,-18.614],[-50.029,-18.602],[-50.02,-18.599],[-49.998,-18.604],[-49.981,-18.605],[-49.975,-18.613],[-49.946,-18.622],[-49.932,-18.624],[-49.913,-18.62],[-49.904,-18.621],[-49.889,-18.61],[-49.874,-18.611],[-49.868,-18.622],[-49.853,-18.623],[-49.836,-18.637],[-49.823,-18.632],[-49.8,-18.643],[-49.795,-18.644],[-49.784,-18.641],[-49.775,-18.627],[-49.772,-18.613],[-49.758,-18.61],[-49.744,-18.616],[-49.733,-18.616],[-49.723,-18.609],[-49.706,-18.595],[-49.694,-18.591],[-49.682,-18.589],[-49.665,-18.592],[-49.648,-18.602],[-49.638,-18.599],[-49.635,-18.592],[-49.639,-18.586],[-49.653,-18.574],[-49.652,-18.561],[-49.642,-18.555],[-49.608,-18.547],[-49.592,-18.546],[-49.575,-18.542],[-49.557,-18.547],[-49.548,-18.54],[-49.542,-18.531],[-49.542,-18.524],[-49.547,-18.509],[-49.546,-18.5],[-49.535,-18.492],[-49.519,-18.493],[-49.5,-18.491],[-49.493,-18.494],[-49.486,-18.509],[-49.486,-18.532],[-49.485,-18.552],[-49.478,-18.564],[-49.456,-18.578],[-49.444,-18.597],[-49.429,-18.611],[-49.424,-18.619],[-49.42,-18.632],[-49.406,-18.645],[-49.393,-18.647],[-49.38,-18.644],[-49.373,-18.635],[-49.343,-18.596],[-49.332,-18.57],[-49.328,-18.562],[-49.319,-18.561],[-49.303,-18.566],[-49.293,-18.564],[-49.289,-18.543],[-49.286,-18.536],[-49.269,-18.526],[-49.256,-18.526],[-49.249,-18.523],[-49.245,-18.507],[-49.239,-18.499],[-49.228,-18.479],[-49.213,-18.465],[-49.201,-18.461],[-49.193,-18.45],[-49.194,-18.441],[-49.203,-18.429],[-49.211,-18.423],[-49.21,-18.415],[-49.201,-18.415],[-49.191,-18.419],[-49.172,-18.416],[-49.159,-18.417],[-49.156,-18.407],[-49.141,-18.396],[-49.126,-18.384],[-49.108,-18.389],[-49.114,-18.397],[-49.108,-18.404],[-49.097,-18.404],[-49.091,-18.414],[-49.079,-18.417],[-49.057,-18.406],[-49.054,-18.403],[-49.045,-18.389],[-49.042,-18.377],[-49.03,-18.369],[-49.006,-18.374],[-48.996,-18.371],[-48.991,-18.359],[-48.981,-18.356],[-48.983,-18.341],[-48.977,-18.342],[-48.971,-18.331],[-48.959,-18.323],[-48.955,-18.318],[-48.937,-18.306],[-48.918,-18.306],[-48.907,-18.316],[-48.888,-18.317],[-48.879,-18.322],[-48.873,-18.333],[-48.852,-18.339],[-48.837,-18.341],[-48.832,-18.346],[-48.828,-18.375],[-48.816,-18.38],[-48.811,-18.376],[-48.806,-18.365],[-48.787,-18.353],[-48.771,-18.358],[-48.758,-18.345],[-48.742,-18.352],[-48.731,-18.353],[-48.715,-18.348],[-48.698,-18.35],[-48.678,-18.344],[-48.671,-18.346],[-48.654,-18.343],[-48.641,-18.34],[-48.642,-18.333],[-48.634,-18.328],[-48.624,-18.328],[-48.602,-18.335],[-48.591,-18.334],[-48.582,-18.327],[-48.574,-18.328],[-48.561,-18.324],[-48.554,-18.331],[-48.554,-18.347],[-48.547,-18.352],[-48.538,-18.35],[-48.526,-18.354],[-48.526,-18.358],[-48.516,-18.366],[-48.509,-18.364],[-48.493,-18.353],[-48.488,-18.352],[-48.481,-18.361],[-48.486,-18.375],[-48.479,-18.38],[-48.469,-18.371],[-48.455,-18.363],[-48.449,-18.357],[-48.442,-18.357],[-48.44,-18.363],[-48.43,-18.365],[-48.42,-18.363],[-48.411,-18.358],[-48.404,-18.363],[-48.4,-18.373],[-48.385,-18.372],[-48.353,-18.368],[-48.342,-18.371],[-48.327,-18.381],[-48.31,-18.387],[-48.307,-18.38],[-48.315,-18.377],[-48.318,-18.367],[-48.305,-18.358],[-48.296,-18.355],[-48.287,-18.347],[-48.281,-18.333],[-48.272,-18.329],[-48.262,-18.332],[-48.257,-18.343],[-48.227,-18.346],[-48.228,-18.357],[-48.221,-18.362],[-48.197,-18.363],[-48.186,-18.37],[-48.171,-18.375],[-48.164,-18.371],[-48.159,-18.375],[-48.159,-18.385],[-48.151,-18.395],[-48.147,-18.41],[-48.126,-18.417],[-48.116,-18.426],[-48.104,-18.426],[-48.094,-18.431],[-48.079,-18.43],[-48.067,-18.426],[-48.059,-18.413],[-48.047,-18.418],[-48.036,-18.435],[-48.027,-18.436],[-48.014,-18.444],[-48.012,-18.45],[-47.997,-18.453],[-47.981,-18.443],[-47.976,-18.453],[-47.98,-18.463],[-47.976,-18.478],[-47.969,-18.475],[-47.963,-18.48],[-47.962,-18.496],[-47.955,-18.5],[-47.953,-18.494],[-47.941,-18.488],[-47.929,-18.488],[-47.927,-18.473],[-47.914,-18.467],[-47.902,-18.473],[-47.888,-18.477],[-47.887,-18.47],[-47.876,-18.476],[-47.863,-18.47],[-47.864,-18.463],[-47.874,-18.459],[-47.865,-18.449],[-47.861,-18.44],[-47.849,-18.441],[-47.839,-18.452],[-47.832,-18.45],[-47.832,-18.442],[-47.837,-18.436],[-47.831,-18.425],[-47.83,-18.411],[-47.815,-18.406],[-47.808,-18.4],[-47.797,-18.407],[-47.8,-18.415],[-47.789,-18.418],[-47.779,-18.424],[-47.77,-18.418],[-47.759,-18.41],[-47.749,-18.413],[-47.748,-18.406],[-47.756,-18.399],[-47.755,-18.392],[-47.745,-18.378],[-47.733,-18.376],[-47.739,-18.369],[-47.737,-18.363],[-47.715,-18.364],[-47.713,-18.377],[-47.707,-18.38],[-47.694,-18.375],[-47.68,-18.356],[-47.671,-18.358],[-47.663,-18.335],[-47.653,-18.326],[-47.647,-18.33],[-47.646,-18.34],[-47.625,-18.33],[-47.624,-18.323],[-47.61,-18.316],[-47.618,-18.308],[-47.625,-18.306],[-47.633,-18.292],[-47.638,-18.289],[-47.63,-18.277],[-47.618,-18.269],[-47.625,-18.261],[-47.617,-18.248],[-47.612,-18.25],[-47.613,-18.263],[-47.607,-18.264],[-47.602,-18.258],[-47.607,-18.246],[-47.592,-18.236],[-47.58,-18.234],[-47.588,-18.227],[-47.571,-18.221],[-47.568,-18.211],[-47.553,-18.205],[-47.55,-18.199],[-47.54,-18.194],[-47.535,-18.196],[-47.536,-18.209],[-47.539,-18.217],[-47.538,-18.23],[-47.528,-18.227],[-47.529,-18.218],[-47.517,-18.211],[-47.517,-18.198],[-47.503,-18.193],[-47.497,-18.199],[-47.481,-18.178],[-47.473,-18.181],[-47.463,-18.177],[-47.459,-18.168],[-47.451,-18.16],[-47.443,-18.161],[-47.438,-18.167],[-47.43,-18.165],[-47.435,-18.151],[-47.426,-18.139],[-47.408,-18.142],[-47.408,-18.133],[-47.4,-18.127],[-47.392,-18.117],[-47.387,-18.121],[-47.381,-18.117],[-47.37,-18.116],[-47.367,-18.109],[-47.357,-18.105],[-47.354,-18.1],[-47.362,-18.096],[-47.358,-18.085],[-47.345,-18.087],[-47.333,-18.075],[-47.324,-18.07],[-47.312,-18.068],[-47.305,-18.075],[-47.301,-18.062],[-47.295,-18.064],[-47.283,-18.058],[-47.283,-18.041],[-47.291,-18.039],[-47.296,-18.022],[-47.297,-18.01],[-47.31,-18.007],[-47.319,-17.995],[-47.323,-17.983],[-47.313,-17.975],[-47.314,-17.963],[-47.335,-17.948],[-47.334,-17.938],[-47.341,-17.933],[-47.343,-17.924],[-47.34,-17.916],[-47.344,-17.907],[-47.342,-17.9],[-47.357,-17.894],[-47.358,-17.88],[-47.354,-17.87],[-47.357,-17.855],[-47.364,-17.845],[-47.365,-17.837],[-47.371,-17.83],[-47.363,-17.824],[-47.363,-17.816],[-47.355,-17.815],[-47.351,-17.797],[-47.353,-17.787],[-47.348,-17.785],[-47.342,-17.774],[-47.332,-17.765],[-47.336,-17.763],[-47.342,-17.746],[-47.331,-17.733],[-47.317,-17.725],[-47.313,-17.712],[-47.314,-17.7],[-47.296,-17.682],[-47.286,-17.684],[-47.273,-17.674],[-47.271,-17.666],[-47.279,-17.654],[-47.279,-17.643],[-47.269,-17.635],[-47.264,-17.619],[-47.265,-17.611],[-47.276,-17.598],[-47.279,-17.584],[-47.289,-17.57],[-47.307,-17.558],[-47.313,-17.543],[-47.325,-17.524],[-47.334,-17.522],[-47.345,-17.526],[-47.359,-17.523],[-47.375,-17.523],[-47.384,-17.515],[-47.4,-17.512],[-47.415,-17.521],[-47.426,-17.522],[-47.45,-17.533],[-47.455,-17.542],[-47.467,-17.534],[-47.477,-17.513],[-47.491,-17.519],[-47.505,-17.509],[-47.509,-17.501],[-47.503,-17.49],[-47.504,-17.482],[-47.512,-17.477],[-47.513,-17.463],[-47.522,-17.458],[-47.528,-17.461],[-47.537,-17.457],[-47.541,-17.445],[-47.528,-17.44],[-47.529,-17.424],[-47.533,-17.41],[-47.525,-17.412],[-47.534,-17.401],[-47.54,-17.39],[-47.529,-17.388],[-47.514,-17.374],[-47.517,-17.369],[-47.515,-17.358],[-47.522,-17.354],[-47.516,-17.346],[-47.505,-17.34],[-47.513,-17.335],[-47.511,-17.326],[-47.511,-17.331],[-47.498,-17.336],[-47.494,-17.346],[-47.487,-17.349],[-47.476,-17.345],[-47.464,-17.356],[-47.461,-17.346],[-47.441,-17.346],[-47.454,-17.332],[-47.451,-17.325],[-47.438,-17.318],[-47.424,-17.324],[-47.422,-17.316],[-47.429,-17.308],[-47.421,-17.304],[-47.419,-17.292],[-47.425,-17.284],[-47.433,-17.284],[-47.434,-17.276],[-47.428,-17.271],[-47.417,-17.27],[-47.416,-17.257],[-47.411,-17.249],[-47.399,-17.243],[-47.384,-17.248],[-47.381,-17.238],[-47.385,-17.226],[-47.376,-17.222],[-47.366,-17.222],[-47.357,-17.195],[-47.349,-17.176],[-47.352,-17.166],[-47.334,-17.165],[-47.327,-17.154],[-47.303,-17.146],[-47.293,-17.139],[-47.283,-17.144],[-47.283,-17.131],[-47.275,-17.122],[-47.278,-17.111],[-47.275,-17.106],[-47.267,-17.108],[-47.261,-17.1],[-47.248,-17.099],[-47.242,-17.087],[-47.225,-17.078],[-47.198,-17.072],[-47.196,-17.06],[-47.186,-17.059],[-47.178,-17.041],[-47.162,-17.038],[-47.159,-17.03],[-47.147,-17.032],[-47.14,-17.019],[-47.132,-17.011],[-47.144,-17.0],[-47.144,-16.991],[-47.134,-16.99],[-47.13,-16.986],[-47.13,-16.975],[-47.143,-16.972],[-47.146,-16.968],[-47.157,-16.964],[-47.154,-16.953],[-47.167,-16.953],[-47.16,-16.943],[-47.17,-16.939],[-47.174,-16.93],[-47.168,-16.928],[-47.161,-16.92],[-47.168,-16.914],[-47.175,-16.917],[-47.181,-16.902],[-47.196,-16.905],[-47.195,-16.895],[-47.203,-16.893],[-47.201,-16.881],[-47.208,-16.875],[-47.21,-16.864],[-47.202,-16.863],[-47.2,-16.857],[-47.206,-16.852],[-47.206,-16.838],[-47.2,-16.829],[-47.213,-16.828],[-47.214,-16.811],[-47.22,-16.81],[-47.221,-16.802],[-47.217,-16.792],[-47.221,-16.788],[-47.22,-16.778],[-47.231,-16.775],[-47.236,-16.755],[-47.234,-16.743],[-47.228,-16.74],[-47.232,-16.733],[-47.224,-16.73],[-47.226,-16.721],[-47.23,-16.712],[-47.246,-16.701],[-47.246,-16.683],[-47.258,-16.685],[-47.259,-16.677],[-47.25,-16.675],[-47.252,-16.665],[-47.263,-16.654],[-47.274,-16.662],[-47.288,-16.642],[-47.288,-16.633],[-47.296,-16.635],[-47.299,-16.624],[-47.306,-16.626],[-47.319,-16.613],[-47.316,-16.605],[-47.334,-16.608],[-47.347,-16.591],[-47.358,-16.587],[-47.365,-16.593],[-47.374,-16.593],[-47.377,-16.578],[-47.387,-16.578],[-47.402,-16.571],[-47.41,-16.573],[-47.412,-16.563],[-47.406,-16.555],[-47.414,-16.547],[-47.421,-16.55],[-47.431,-16.549],[-47.435,-16.542],[-47.442,-16.541],[-47.441,-16.528],[-47.459,-16.504],[-47.454,-16.489],[-47.457,-16.478],[-47.455,-16.466],[-47.446,-16.458],[-47.429,-16.437],[-47.424,-16.42],[-47.424,-16.403],[-47.427,-16.399],[-47.42,-16.383],[-47.412,-16.38],[-47.398,-16.368],[-47.396,-16.363],[-47.38,-16.348],[-47.375,-16.337],[-47.365,-16.33],[-47.359,-16.315],[-47.353,-16.307],[-47.355,-16.294],[-47.348,-16.287],[-47.352,-16.275],[-47.344,-16.265],[-47.334,-16.259],[-47.334,-16.248],[-47.322,-16.231],[-47.328,-16.222],[-47.329,-16.211],[-47.323,-16.209],[-47.328,-16.204],[-47.333,-16.191],[-47.332,-16.172],[-47.345,-16.164],[-47.342,-16.157],[-47.346,-16.148],[-47.35,-16.148],[-47.352,-16.134],[-47.343,-16.131],[-47.342,-16.122],[-47.337,-16.119],[-47.332,-16.101],[-47.337,-16.094],[-47.333,-16.087],[-47.321,-16.091],[-47.313,-16.089],[-47.308,-16.079],[-47.311,-16.065],[-47.305,-16.061],[-47.309,-16.05],[-47.511,-16.05],[-47.684,-16.05],[-47.831,-16.05],[-47.939,-16.05],[-48.016,-16.05],[-48.018,-16.05],[-48.018,-16.05],[-48.085,-16.05],[-48.278,-16.05],[-48.279,-16.042],[-48.272,-16.032],[-48.27,-16.022],[-48.272,-16.011],[-48.262,-15.985],[-48.258,-15.983],[-48.26,-15.967],[-48.251,-15.956],[-48.253,-15.94],[-48.256,-15.932],[-48.264,-15.928],[-48.269,-15.933],[-48.276,-15.93],[-48.275,-15.923],[-48.27,-15.919],[-48.275,-15.909],[-48.274,-15.899],[-48.276,-15.892],[-48.272,-15.884],[-48.277,-15.876],[-48.279,-15.86],[-48.286,-15.845],[-48.282,-15.831],[-48.281,-15.824],[-48.268,-15.808],[-48.257,-15.802],[-48.243,-15.797],[-48.232,-15.784],[-48.232,-15.778],[-48.217,-15.768],[-48.209,-15.75],[-48.208,-15.718],[-48.211,-15.713],[-48.223,-15.708],[-48.231,-15.71],[-48.241,-15.706],[-48.239,-15.697],[-48.241,-15.687],[-48.235,-15.667],[-48.235,-15.66]]]},"properties":{"uf":"GO","code":52}},{"type":"Feature","geometry":{"type":"Polygon","coordinates":[[[-48.016,-16.05],[-47.939,-16.05],[-47.831,-16.05],[-47.684,-16.05],[-47.511,-16.05],[-47.309,-16.05],[-47.31,-16.036],[-47.317,-16.036],[-47.322,-16.026],[-47.335,-16.02],[-47.348,-16.007],[-47.36,-16.008],[-47.37,-16.001],[-47.378,-15.978],[-47.377,-15.962],[-47.373,-15.959],[-47.37,-15.945],[-47.374,-15.937],[-47.362,-15.929],[-47.362,-15.922],[-47.369,-15.919],[-47.367,-15.908],[-47.375,-15.907],[-47.379,-15.887],[-47.372,-15.874],[-47.368,-15.852],[-47.366,-15.827],[-47.357,-15.824],[-47.354,-15.814],[-47.34,-15.795],[-47.336,-15.781],[-47.328,-15.772],[-47.329,-15.767],[-47.315,-15.746],[-47.314,-15.738],[-47.321,-15.719],[-47.314,-15.711],[-47.312,-15.697],[-47.319,-15.69],[-47.331,-15.684],[-47.327,-15.675],[-47.327,-15.653],[-47.334,-15.63],[-47.328,-15.619],[-47.322,-15.598],[-47.316,-15.597],[-47.322,-15.586],[-47.327,-15.59],[-47.335,-15.588],[-47.348,-15.579],[-47.361,-15.58],[-47.378,-15.576],[-47.381,-15.567],[-47.39,-15.567],[-47.394,-15.558],[-47.406,-15.547],[-47.418,-15.546],[-47.418,-15.502],[-47.493,-15.502],[-47.617,-15.502],[-47.854,-15.502],[-48.035,-15.502],[-48.054,-15.502],[-48.054,-15.502],[-48.074,-15.502],[-48.2,-15.502],[-48.2,-15.623],[-48.218,-15.623],[-48.234,-15.642],[-48.235,-15.66],[-48.235,-15.667],[-48.241,-15.687],[-48.239,-15.697],[-48.241,-15.706],[-48.231,-15.71],[-48.223,-15.708],[-48.211,-15.713],[-48.208,-15.718],[-48.209,-15.75],[-48.217,-15.768],[-48.232,-15.778],[-48.232,-15.784],[-48.243,-15.797],[-48.257,-15.802],[-48.268,-15.808],[-48.281,-15.824],[-48.282,-15.831],[-48.286,-15.845],[-48.279,-15.86],[-48.277,-15.876],[-48.272,-15.884],[-48.276,-15.892],[-48.274,-15.899],[-48.275,-15.909],[-48.27,-15.919],[-48.275,-15.923],[-48.276,-15.93],[-48.269,-15.933],[-48.264,-15.928],[-48.256,-15.932],[-48.253,-15.94],[-48.251,-15.956],[-48.26,-15.967],[-48.258,-15.983],[-48.262,-15.985],[-48.272,-16.011],[-48.27,-16.022],[-48.272,-16.032],[-48.279,-16.042],[-48.278,-16.05],[-48.085,-16.05],[-48.018,-16.05],[-48.016,-16.05]]]},"properties":{"uf":"DF","code":53}}]}